transaction_id,product_id,customer_id,store_id,quantity,price,timestamp
0,58,14cf654e-e4f6-42c5-b04b-7dfc15036f25,5,1,18.44,2026-07-02T13:16:21.851498
1,280,01d4b7c5-6184-4f62-9d45-8f8fb5cfe297,10,2,-1.66,2026-02-11T16:05:54.354486
2,112,8831a3b0-75f4-428c-81d5-6b5a704ecb36,9,-1,-2.21,2026-06-16T17:28:03.511899
3,280,,4,2,56.87,2026-03-23T03:02:45.788035
4,82,,6,2,11.33,05-03-2026 13:20:23
5,53,03afbc53-0537-4de2-a46d-4241580641dd,7,1,32.69,27-07-2026 15:18:02
6,136,763e1bf0-0004-4d20-a327-4b89e7af4e12,8,-1,8.11,22-01-2026 14:05:48
7,41,,10,2,55.62,2026-05-21T21:43:52.679921
8,24,6a737e2d-9525-4950-8701-7763ed78aea3,5,1,84.81,2026-06-17T23:02:27.949245
9,195,,8,-1,82.58,2026-06-06T10:48:25.961786
10,190,,4,-1,23.03,2026-05-10T03:21:07.149828
11,88,50f39b47-245a-461c-84a8-22896bcbe498,3,2,34.84,2026-01-01T08:42:00.824855
12,167,f726e513-58a2-41a9-b0a1-b6d40fe03585,4,1,79.53,12-08-2026 14:46:33
13,138,a7ea6d90-8952-4fe6-92e0-d792653c87f7,4,-1,87.02,12-08-2026 00:00:45
14,109,,7,-1,43.18,24-04-2026 02:37:23
15,72,3c3dc734-85d3-4b1b-aaa8-8c6cf7318d96,9,-1,22.59,11-05-2026 00:05:57
16,299,,6,1,99.72,2026-07-07T10:44:58.183359
17,261,,2,1,85.42,2026-06-16T17:23:11.708378
18,82,,10,1,35.4,25-07-2026 03:44:15
19,271,,9,1,66.43,2026-04-20T06:50:43.334450
20,275,,6,1,25.82,2026-06-24T03:29:01.446484
21,233,1829d677-9f43-40d9-bf24-323feac16ed7,5,-1,75.01,2026-02-01T05:04:56.925046
22,153,21f3d898-5a83-4ca3-886c-3b69103d8575,3,2,75.06,2026-03-03T20:52:38.214032
23,166,,1,1,92.56,29-04-2026 16:29:24
24,123,2f842487-7462-4912-a824-2909ebc4b584,4,-1,94.43,2026-03-26T05:11:17.118830
25,249,92bd7aa5-6e1b-4b1c-9af1-d317a6e026d1,9,1,8.48,11-04-2026 14:19:10
26,282,dd480aa6-0c79-43aa-a647-a4af07628e08,5,-1,86.61,16-02-2026 10:10:42
27,109,4e5b2dd4-4216-4681-be7e-f0ac022ae75a,5,2,99.49,14-02-2026 13:54:52
28,225,,2,1,18.59,28-07-2026 10:06:34
29,11,1c461343-30ac-4286-9634-3ffdf03fef6c,10,1,-4.24,2026-04-01T20:53:25.323644
30,118,e0dd0269-e18c-476b-8049-83e6bcf00a22,1,2,2.44,2026-03-02T19:23:19.935465
31,143,,4,-1,8.89,14-05-2026 18:13:09
32,125,,7,1,4.9,11-02-2026 09:07:27
33,182,,7,2,85.7,2026-03-12T12:49:05.909264
34,51,fb85377b-e47a-46ac-a909-b419ee1c09fd,7,-1,30.63,2026-06-29T08:48:51.834314
35,128,338b2525-78ee-4b2a-b21e-02649d9d3bdf,4,-1,42.1,15-02-2026 12:44:54
36,94,,8,1,86.82,2026-07-17T10:17:01.767679
37,227,7a802ee4-0140-4ba1-8bed-0ce8d1f39d29,1,-1,99.92,2026-03-15T05:29:58.837000
38,48,49d7b123-97fe-46b1-a901-dfd5913230bb,3,2,45.99,2026-07-07T17:13:53.760629
39,206,168dfdbf-2df4-472c-b07d-5acd6fe26ada,3,2,-4.77,30-07-2026 14:47:51
40,136,,5,2,68.14,10-07-2026 18:53:08
41,80,47787ae7-3d06-4e50-9c9a-a99d64656378,5,1,96.71,2026-05-15T19:57:21.328633
42,161,533c82fe-7dde-43db-ba2d-6831d7950e74,1,-1,45.06,2026-01-06T12:56:38.217310
43,30,d464c71c-f4fd-419f-9ef2-0b65f69415ac,3,1,57.48,2026-01-15T00:12:07.658909
44,207,9c94423d-3c37-448e-bf24-496a0f16ff4a,10,1,55.79,2026-03-31T03:28:19.663456
45,42,,10,-1,49.89,14-03-2026 04:13:28
46,105,,4,2,36.56,25-04-2026 01:40:31
47,235,,2,1,43.12,2026-06-16T14:57:49.184363
48,38,9ea1ed98-3a12-423b-9d26-b412ac8cf149,9,2,8.91,30-04-2026 03:05:12
49,36,541cda0a-df7b-4d52-b8a8-17a182eb1f2b,6,2,11.56,14-07-2026 21:43:35
50,271,3c1352b8-39c0-4959-af86-34385cf8f550,9,2,92.83,2026-04-02T08:19:07.295452
51,69,,2,1,72.95,2026-03-17T11:38:21.180450
52,140,,10,1,70.35,2026-01-26T23:00:49.145140
53,136,,5,1,4.69,13-03-2026 23:57:19
54,142,ac00d6f5-3da4-4f8d-9aa0-62b870353cde,1,2,75.97,15-06-2026 12:15:49
55,83,,9,-1,39.91,2026-03-19T19:54:21.133472
56,58,672958a0-479e-486a-921b-49898b8dc597,3,-1,-1.22,11-04-2026 19:50:47
57,299,751ae35a-a05e-47c8-88e0-45e8291a0841,7,1,-0.61,10-04-2026 20:12:42
58,21,,4,-1,21.2,2026-04-05T08:48:17.233481
59,182,,10,-1,11.23,2026-05-24T16:37:43.708884
60,84,2add9db6-4e24-4427-8410-ddb99277f295,7,1,13.83,15-01-2026 21:29:27
61,211,989e14b5-6a7b-4315-8405-4315a57e8d6f,5,1,77.67,2026-05-29T12:05:33.448074
62,196,d1a7d0d9-a413-4337-a391-684e94b116b3,8,1,15.96,08-07-2026 17:50:12
63,180,,4,1,-2.52,2026-04-28T10:43:51.814025
64,205,,5,1,96.52,15-07-2026 12:02:04
65,180,,9,2,93.62,2026-03-05T12:15:01.933622
66,134,827a8d24-e4e9-4fc7-ab60-745161959a6c,10,2,-0.98,11-01-2026 01:39:32
67,177,,7,-1,98.34,2026-02-02T06:04:39.555387
68,198,089c1d1a-58e8-4486-91e8-3af44bdacb5f,5,1,69.42,2026-07-29T20:08:59.146406
69,267,fa54f5fa-d004-45d4-a41e-a77d99cd08f2,6,2,2.35,25-01-2026 03:20:30
70,161,16f43b8e-cdd6-4219-96d0-f8b435d87d1e,5,-1,27.47,27-05-2026 02:28:15
71,168,,5,-1,8.37,01-02-2026 14:08:51
72,195,69cbb015-99d2-4a88-9eea-024eaf5992f3,10,-1,26.6,2026-08-12T13:23:56.744892
73,156,,4,2,77.5,10-06-2026 17:33:50
74,239,,8,-1,17.44,14-06-2026 05:57:03
75,87,66134eb8-f5bf-41a4-ad71-53f18587da7f,5,-1,64.7,22-04-2026 10:51:45
76,48,25cfb897-9303-4c56-a9fb-6c7e6c67eb0b,5,1,79.69,2026-04-27T08:47:31.838076
77,13,1cf345c8-d505-4297-9388-7c648f096b28,4,2,59.18,2026-03-11T07:04:29.405326
78,234,,10,1,70.43,06-08-2026 10:39:03
79,254,,4,1,63.89,2026-03-22T23:21:56.694315
80,55,,4,1,79.43,02-03-2026 16:35:00
81,26,352a4622-9e96-47bc-97b0-63a18b648ad2,2,2,9.0,25-03-2026 20:02:31
82,272,,8,-1,80.58,05-03-2026 20:44:36
83,281,,3,-1,85.46,31-07-2026 13:12:34
84,133,e410fdad-13e7-4529-9c05-8ff4b18648ec,5,-1,45.88,2026-03-05T05:22:04.759310
85,141,,2,-1,25.0,10-07-2026 09:37:01
86,172,,9,1,9.53,2026-06-27T11:08:28.520614
87,197,de7978cc-24b1-4386-a75c-33e2e9e5cf8a,4,1,38.56,08-08-2026 04:21:22
88,278,,7,1,16.72,26-02-2026 12:23:25
89,200,392f5a0d-4c3f-44e0-aa72-9a560159a842,10,2,45.08,15-01-2026 10:48:03
90,153,,7,-1,73.49,2026-03-01T11:28:11.946709
91,250,f2a1fff0-753d-49de-8abe-e2fc13aa418a,5,2,45.99,17-01-2026 16:41:55
92,173,,3,2,91.55,2026-07-21T17:33:08.541531
93,202,92e981e8-7dc0-4179-aa60-302e56c772ab,2,-1,40.0,06-06-2026 02:04:12
94,94,ff284631-d889-41fc-a902-7526af584e13,5,2,29.37,13-07-2026 10:55:56
95,168,,7,2,73.96,22-03-2026 09:28:00
96,130,ffd42f6a-5314-4e0a-b8ed-8f2c68976e7a,8,1,73.65,2026-02-08T01:30:59.744991
97,180,501bd103-abdb-40e3-9a1c-798030a4a48e,2,-1,-0.77,2026-05-01T15:02:24.311519
98,127,6b4a7706-2086-44a3-a69b-226e0f8121f1,1,-1,11.0,2026-06-17T01:54:31.927720
99,243,a63be20f-e699-4876-9428-ac6bf41dbfa8,10,1,43.83,18-08-2026 20:13:31
50,189,e839638f-3700-49df-8b91-284dd7536e27,10,-1,96.19,2026-07-19T07:19:57.025258
101,84,,2,-1,-2.3,28-05-2026 15:37:18
102,295,,7,-1,15.82,2026-02-01T21:28:54.217294
103,53,,10,1,78.6,2026-06-01T02:12:36.738619
104,178,,6,1,48.13,19-04-2026 04:03:36
105,7,,8,1,40.52,15-03-2026 02:48:07
106,236,8a9e6755-1b2b-4ad3-8f87-e356067f1ac3,7,1,72.05,16-06-2026 14:41:11
107,276,,8,2,81.7,10-08-2026 21:40:51
108,166,94d71300-2b14-4170-89b6-f484b35e7df5,2,2,87.57,2026-04-07T14:09:02.898705
109,238,,6,1,46.9,23-02-2026 22:39:23
110,94,,4,2,78.77,07-01-2026 11:50:18
111,144,,9,1,49.25,2026-06-02T22:47:39.966829
112,44,e0aa5b5b-4f8a-4992-8bde-1c5302192f37,7,2,53.29,2026-08-18T12:41:02.466711
113,244,,8,1,4.77,2026-03-07T21:42:58.696793
114,208,da72df8e-78b3-4241-b0f4-58c1516fd58b,5,-1,56.06,15-02-2026 05:26:18
115,284,,7,-1,52.79,29-01-2026 00:48:45
116,233,,5,2,19.21,2026-04-17T06:08:43.007827
117,162,5b951895-33d7-4e1e-8cca-cd79583c6b20,9,-1,14.44,2026-03-07T02:32:24.118136
118,248,,10,-1,57.66,2026-04-11T16:34:34.384506
119,100,,4,2,13.84,2026-03-19T23:25:58.177854
120,274,04f65508-653e-4ad2-974e-d02708235a48,5,1,97.3,07-03-2026 03:19:02
121,65,,2,1,55.28,11-01-2026 16:58:41
122,246,,6,1,96.38,15-07-2026 11:58:33
123,245,6c48cc97-0ccf-41cb-800b-6b4c73fac00b,2,2,46.63,2026-07-04T06:53:31.400763
124,78,97d56ee5-ab96-4f5c-a0d1-c0ac154dbd9e,10,2,3.94,2026-01-27T09:13:01.267394
125,61,,10,-1,78.03,2026-07-03T10:06:58.209663
126,268,,8,2,26.22,13-07-2026 20:23:47
127,157,be4f7394-0c3a-4f07-99de-56cb5d83e8cc,10,-1,5.42,2026-05-25T02:47:43.178328
128,109,,2,1,20.19,2026-02-04T01:42:09.112214
129,81,6bd0b860-6f73-4daf-8abb-91eb8dd5c2f1,7,2,67.38,05-05-2026 20:37:09
130,150,974882b1-2ef1-4701-b9d4-e9b5ee7792f9,4,2,69.23,16-03-2026 17:46:20
131,37,a8e70ff4-4897-4fc8-a6d7-602573aee169,5,-1,56.93,2026-06-11T10:44:45.017282
132,218,82a30b4f-e0d5-4a29-b1c9-6fe1c8758382,9,1,63.0,05-01-2026 06:01:20
133,73,61ffc390-cd52-4c9d-81e3-55aae0bf669e,1,1,78.23,12-07-2026 12:58:34
134,225,e5c4eb19-582e-495c-b7c8-8b1dc29bf044,8,-1,26.93,12-04-2026 18:11:31
135,140,,8,1,57.79,04-02-2026 18:41:29
136,166,,1,1,19.04,2026-06-06T14:18:38.473103
137,138,03606a6e-55eb-45c8-b8da-1cb22c5757fc,3,2,49.49,28-01-2026 01:57:43
138,143,04833338-0d01-416e-8c3a-21ac906d3ee2,10,2,61.65,29-07-2026 16:52:18
139,47,,6,2,30.0,2026-02-26T06:05:32.985862
140,83,,7,-1,47.02,27-05-2026 00:12:53
141,282,9309afd9-68e0-4042-b682-99648fecc63f,8,1,28.02,22-02-2026 22:18:54
142,60,,9,1,64.05,21-04-2026 12:25:25
143,212,b16ad4ec-615f-4192-af55-3da1f6fdf2f9,4,-1,32.99,26-01-2026 15:15:27
144,227,2a997171-0708-4d7c-94d6-9a47fd5584e0,4,2,52.67,27-05-2026 16:07:58
145,225,,2,1,97.18,2026-04-13T17:38:19.465164
146,82,,9,1,52.99,2026-06-10T16:31:14.653570
147,116,8f13bd1e-658b-4eeb-b1c6-d5c323a89fd2,8,1,63.01,2026-08-17T22:21:33.543218
148,256,,9,-1,23.71,08-04-2026 02:19:32
149,242,19d3a5eb-b354-4e47-83e1-080ec3bda68c,8,-1,10.19,2026-02-27T14:58:31.942671
150,261,3440306d-ddbc-4352-ab39-7f87561818c5,2,2,76.13,27-03-2026 12:45:25
151,175,,1,2,71.24,07-03-2026 19:42:14
152,77,,9,2,31.24,18-08-2026 08:37:07
153,234,,4,-1,20.07,23-06-2026 22:11:52
154,120,,1,2,73.19,05-07-2026 15:44:09
155,198,399f157a-0151-4628-ac50-3f30efb34dfa,8,1,8.26,09-02-2026 14:22:16
156,52,,2,-1,90.6,2026-04-16T03:07:52.465722
157,74,,3,1,44.3,25-01-2026 23:12:46
158,174,,2,2,84.5,20-01-2026 06:23:08
159,163,,9,1,59.83,2026-07-29T14:49:18.305607
160,148,36b3018f-92e5-4561-870b-8c394295f874,2,2,97.73,2026-04-07T09:54:16.198615
161,228,9aacd293-6595-4556-bd9b-a145557bc72e,5,1,-0.17,2026-05-24T01:42:11.124080
162,151,,6,2,10.28,23-06-2026 12:37:20
163,290,1a1c62e5-3143-4e2b-82e1-20b2ecf3f72c,3,1,3.29,12-01-2026 11:47:24
164,124,,10,1,19.38,20-01-2026 02:01:02
165,236,,1,2,89.63,2026-07-31T05:40:28.232648
166,38,,6,-1,26.41,16-02-2026 21:07:37
167,129,,5,1,99.93,11-07-2026 04:17:53
168,55,96aca471-e141-4afd-90d7-2a9ab6a4f1d2,7,-1,32.69,01-04-2026 20:30:29
169,152,332b27b3-c9ae-4745-947c-6c900b44a329,7,2,-4.15,2026-05-01T03:25:39.485076
170,255,,4,-1,79.2,2026-03-23T01:37:12.605247
171,98,,3,-1,5.2,2026-03-03T08:21:22.276031
172,159,,1,-1,33.31,2026-03-15T16:14:53.585580
173,47,,6,-1,38.63,2026-06-28T00:39:54.163488
174,68,,9,-1,90.92,2026-07-16T05:40:07.562945
175,132,,5,-1,86.39,2026-07-12T07:35:23.476935
176,240,93d89533-0b89-47c0-b63f-a1c989dfd11e,3,1,85.31,09-03-2026 13:39:31
177,286,,2,2,-3.54,2026-06-15T01:16:00.815935
178,233,,5,-1,35.01,30-07-2026 08:55:06
179,56,595f4ae6-6cfb-4f31-b752-22bdd63a7faa,8,1,60.05,15-05-2026 18:41:52
180,114,b9078500-2b8f-4ce6-b8b6-2ddce260c9cf,8,-1,26.73,17-04-2026 02:18:09
181,60,b28bd6d5-937c-4d20-8437-c67bfa08faf9,1,1,26.96,10-08-2026 18:04:20
182,60,e6539022-7903-4638-a3be-5b9e5d133f43,4,-1,9.24,27-05-2026 15:59:53
183,190,,10,-1,71.29,18-03-2026 08:24:25
184,51,,10,2,93.6,02-01-2026 06:32:05
185,17,,4,2,41.69,2026-03-11T02:35:05.230676
186,186,ea2a0ffc-d50f-4101-9698-9fecf8c0252c,6,-1,89.68,19-05-2026 08:00:35
187,32,,5,1,96.66,14-03-2026 04:12:43
188,47,d214199d-964c-469f-aeac-ee68c43c9369,10,1,0.31,26-07-2026 05:51:37
189,125,88068d80-5b5b-4130-a46c-467a8385e514,10,1,2.2,2026-02-11T14:22:06.405895
190,111,d9844b81-319b-4f52-8c13-7cc4ac4b469a,6,1,77.81,2026-06-28T01:23:28.667363
191,142,d341e54d-8d21-4f0b-84d4-63e805ea9c00,3,-1,21.32,2026-01-07T16:55:01.469610
192,57,cea5f2c9-7fcb-4aa6-be55-e458b5388187,3,1,32.62,2026-06-24T23:35:41.126601
193,166,5fc5c78a-c788-4bf7-b644-cf19ddb38b3f,3,2,0.5,17-06-2026 07:01:58
194,270,3897dc29-29e2-4241-8bf8-9879f1c32ebc,2,2,42.07,01-05-2026 21:04:27
195,263,969043da-0fa8-434f-9fbc-e75dfc9c96d9,8,-1,18.26,2026-05-24T03:58:18.697750
196,267,,8,-1,96.22,2026-03-29T23:54:36.121704
197,246,,7,-1,6.34,09-08-2026 20:22:11
198,38,0a412276-c200-45ba-afb8-98f49e7d8063,6,-1,10.58,2026-03-23T14:26:59.666239
199,141,,7,-1,50.71,11-05-2026 13:22:22
200,259,,2,-1,7.01,2026-08-02T14:23:03.895957
201,221,,4,2,30.59,06-07-2026 12:18:58
202,205,,2,2,39.81,25-03-2026 19:12:14
203,192,382ee35c-69bd-4eca-b7b9-1c6ef02434c6,8,1,4.58,2026-01-18T17:32:01.271345
204,48,,2,-1,72.57,2026-07-12T11:19:22.840261
205,285,a4538770-a48b-4321-9844-952c32762d2a,10,-1,53.98,2026-05-04T10:48:08.056753
206,211,,7,-1,0.4,22-06-2026 05:17:11
207,160,,2,-1,48.28,2026-04-12T01:12:38.303894
208,247,051ec6a9-3b69-4b6c-92c6-48439772a7dd,2,2,83.76,07-03-2026 03:01:04
209,59,,10,1,79.76,2026-01-24T11:08:54.482580
210,137,8c22280d-c418-4c58-a904-4f651aaebb26,3,2,68.78,10-03-2026 18:42:17
211,174,,1,1,86.34,27-05-2026 12:46:52
212,36,714ccbf8-17a6-4857-8a49-bd9c31767ecf,1,1,73.34,2026-05-22T06:27:08.052114
213,193,,8,2,11.53,04-07-2026 02:39:08
214,167,8071e453-4e0e-4d37-aec0-1c5935d8e568,1,1,11.53,2026-03-24T04:46:17.398347
215,42,,8,-1,39.52,22-05-2026 23:57:05
216,213,,4,-1,6.95,09-06-2026 21:48:44
217,57,,10,2,50.33,24-05-2026 19:26:00
218,24,c2040d5d-ea9c-4d4e-9cc1-77890569bc8c,7,-1,0.75,2026-01-18T08:11:56.662781
219,155,dae976b5-4907-409f-a0c7-0009dcf155ac,3,2,25.39,2026-03-15T07:13:30.880008
220,4,,7,1,8.56,2026-08-04T20:52:09.702490
221,257,,2,2,85.49,2026-01-30T12:11:38.105763
222,224,17b12cb1-3362-4c7b-b071-c97eab25bb19,8,1,85.52,28-06-2026 17:20:44
223,294,,7,2,7.09,2026-06-10T12:51:24.859978
224,167,345d0a15-2f9f-4f7a-adfe-b5d7076ba9dd,10,2,82.36,26-02-2026 07:38:56
225,46,,2,1,40.75,22-03-2026 12:41:59
226,269,c4c6aa0b-f792-42e1-b2ed-35c3119b4af7,7,2,73.31,2026-08-01T20:01:37.375204
227,171,3a13e5d3-de02-417c-80c2-229b23d5b2a1,2,-1,61.49,2026-01-21T13:12:53.130337
228,179,,3,1,5.79,02-05-2026 03:51:38
229,102,a91f9d7b-8f41-4e07-a2ab-90b82b863ea2,10,1,74.82,2026-05-01T06:36:17.209663
230,91,,8,-1,74.79,13-03-2026 19:55:33
231,290,,6,1,41.18,23-04-2026 15:25:59
232,227,,5,-1,0.9,2026-02-13T06:13:14.101982
233,159,,8,1,0.97,28-02-2026 02:48:21
234,40,75f95187-b7ad-4362-8bc2-35ff46725b70,10,-1,48.24,15-06-2026 19:02:07
235,298,3e1d8546-a7c1-41ea-a4b9-815fec404d1e,8,-1,63.44,07-08-2026 14:43:05
236,244,8a736cf9-12b4-4dd1-b73a-b68df22b6aa8,1,2,5.87,22-03-2026 23:21:40
237,44,775fd6e7-64b2-431d-bfd3-18c230970aab,1,1,69.3,15-05-2026 14:17:44
238,269,7fdb4ae4-aed3-45a0-9dea-27be058832ed,6,2,91.38,04-01-2026 04:36:07
239,210,,10,1,77.87,08-01-2026 08:37:38
240,34,,2,-1,66.23,11-08-2026 12:46:26
241,130,e9038132-21f1-4987-a55b-f4240da98ebc,6,1,56.19,2026-01-21T23:47:18.261357
242,180,,7,1,57.48,2026-02-08T08:02:57.148469
243,159,,6,1,65.36,2026-06-11T23:50:06.671772
244,217,,1,2,27.43,2026-07-27T15:28:57.077157
245,175,,4,1,100.0,2026-02-05T18:39:29.077274
246,40,,2,-1,75.94,2026-06-18T10:48:13.747082
247,173,ddb57187-0a7f-4f03-94ab-5b1c897b2b27,10,2,11.2,2026-07-10T17:29:58.439391
248,85,,1,2,33.25,2026-03-18T13:50:00.083397
249,228,,8,1,51.07,01-03-2026 10:51:26
250,241,b532fbd9-59df-4c8f-a6c1-ab381d96a563,6,-1,94.45,04-03-2026 18:55:24
251,237,,7,-1,50.38,2026-05-27T03:33:48.077816
252,103,7778c691-bebd-4eb7-9f5f-2c4a945ea4c5,5,1,62.32,16-04-2026 12:54:15
253,284,209286a8-3697-438d-b81e-61f87020251a,9,1,24.93,2026-01-17T08:13:16.222918
254,140,,9,1,82.26,2026-01-18T20:55:41.570880
255,114,,6,1,38.56,27-01-2026 20:35:16
256,258,,4,2,99.43,19-03-2026 19:16:29
257,115,8d64f1cd-697e-445a-b7f2-764042c1fe10,6,1,83.11,20-03-2026 22:16:48
258,75,3348f16d-7dbd-43d2-ad69-3aed34df384d,1,2,91.33,25-07-2026 19:32:19
259,72,,8,-1,-4.45,2026-03-26T23:07:31.156052
260,10,,4,1,52.62,11-05-2026 12:59:54
261,57,,4,2,7.79,2026-04-30T17:31:10.467795
262,215,,2,1,82.85,09-05-2026 19:11:04
263,275,ea5640de-1943-4267-b705-8edccd1826f1,9,-1,20.4,2026-08-19T17:32:46.090767
264,150,,1,-1,32.05,26-04-2026 19:19:23
265,96,4b07245f-5a31-499f-b440-8eb97c703bb6,9,2,2.11,2026-03-12T08:21:52.913626
266,200,,1,-1,35.62,18-05-2026 22:02:23
267,130,faf322ed-80cd-4e0a-98ee-e4f8f17a9daa,6,1,31.2,2026-01-10T18:49:24.747503
268,298,,3,1,31.99,13-04-2026 23:45:58
269,90,,8,-1,14.14,2026-07-12T17:44:00.575829
270,33,,1,2,16.17,2026-01-08T06:25:42.937515
271,22,,5,-1,36.81,02-02-2026 12:19:18
272,130,808eca11-ced9-4f39-bf83-88850aece583,4,2,32.48,2026-03-09T15:01:53.371489
273,170,,2,2,40.88,09-05-2026 05:08:45
274,226,,6,1,47.1,04-01-2026 11:24:36
275,189,,2,-1,39.57,18-06-2026 23:26:29
276,93,,6,1,3.41,27-05-2026 03:57:39
277,157,,10,-1,39.74,30-05-2026 10:54:20
278,180,,1,-1,86.35,02-07-2026 10:07:10
279,223,,1,1,65.47,30-06-2026 06:21:15
280,187,4b58384d-e902-4eeb-9eaf-6fe6910bfe46,1,1,84.11,27-03-2026 14:29:25
281,18,103de528-0c1c-4f5f-82d6-0b8dda033be5,2,1,76.74,02-08-2026 01:26:53
282,186,,10,1,58.53,24-04-2026 22:49:45
283,190,,8,1,55.26,10-02-2026 21:56:43
284,204,,5,1,95.85,2026-06-05T07:15:24.073732
285,96,,9,2,90.92,2026-01-31T10:47:12.732651
286,135,,8,1,99.62,25-07-2026 22:46:52
287,252,d48212ae-47c8-4cc0-b8df-2291ab87f9f2,2,1,84.55,01-06-2026 11:03:25
288,89,,2,-1,96.59,05-06-2026 14:40:17
289,178,f9b1b511-5f94-4d36-b508-d809ca64f563,9,-1,25.49,10-07-2026 23:33:38
290,81,bf69490c-186b-443f-9669-7aa5a655d2f2,6,-1,18.55,2026-06-27T04:02:07.829912
291,72,90de81d5-b2ed-4184-bdea-eca9195f2946,8,1,32.89,07-05-2026 22:55:25
292,240,cad72b51-b14b-41ad-9109-cce1f91ba9f2,10,1,1.9,28-03-2026 07:50:42
293,246,,7,-1,2.74,06-08-2026 10:48:28
294,38,,8,-1,49.32,2026-05-29T06:53:43.486872
295,283,0b774d09-5a35-4039-9aff-fb799f07327a,3,2,47.8,2026-02-22T00:13:28.422661
296,64,87e134a4-d72b-4c04-81e3-73911b87e3ae,5,1,12.01,2026-04-05T18:20:28.805092
297,178,,2,2,15.61,02-07-2026 17:13:28
298,65,,10,-1,4.81,2026-01-30T18:45:33.467843
299,298,f20496b3-f4eb-4333-ac44-26aa81448c51,3,-1,60.57,27-02-2026 16:54:36
300,289,5b46a3d5-e926-48f8-81fe-424bf2732073,1,1,-0.23,05-02-2026 03:40:27
301,108,,10,-1,-1.82,13-08-2026 20:37:39
302,155,,4,-1,37.64,08-07-2026 16:31:43
303,38,ba62edbd-19c0-4a30-8547-fa14e890ff66,3,2,38.64,06-01-2026 06:53:31
304,105,,10,1,27.82,22-05-2026 18:25:52
305,177,,3,2,49.07,2026-06-28T05:04:53.113181
306,164,6a717ccd-87e0-4849-9ec1-645a808e0590,8,1,23.08,2026-04-10T14:55:48.834238
307,73,245d2a10-a3a5-4f6b-aa9c-e8087e75c816,1,2,94.27,29-03-2026 21:07:05
308,128,88d9bad3-446b-4c7a-86c7-3f9ca192c586,6,-1,70.72,2026-05-24T23:47:54.240582
309,82,,9,2,47.37,24-06-2026 21:05:34
310,255,cf95a65a-b3a5-4f19-8954-7bb05b0bb365,2,2,48.07,2026-01-06T08:00:08.561154
311,111,,1,1,24.54,05-03-2026 09:42:09
312,147,e72bcb3f-d74c-4777-9901-e8be4675cc84,2,2,9.06,09-02-2026 06:26:44
313,188,,6,1,37.06,2026-07-22T02:11:33.240200
314,186,,2,2,47.95,23-07-2026 20:16:30
315,61,4a68502a-89d3-48dd-8983-404db2b9d8c5,2,2,34.19,07-06-2026 19:23:26
316,286,,3,1,58.26,22-07-2026 12:44:39
317,257,827ec6f3-9d55-4df0-9313-264f034d457f,1,1,9.39,18-05-2026 09:08:20
318,243,,3,-1,88.78,2026-06-26T19:05:01.849912
319,168,,3,2,99.01,17-07-2026 16:42:46
320,173,,10,2,44.86,2026-08-17T00:35:56.662713
321,189,,2,2,56.29,2026-02-27T03:35:43.362907
322,243,,10,-1,18.89,2026-01-04T02:06:58.351425
323,299,,3,-1,61.05,21-02-2026 16:48:45
324,76,de4a49bd-afe3-41fb-8300-b5031d8d4a35,1,-1,94.56,2026-04-20T17:39:51.035219
325,98,5a014391-d20a-4c61-b341-44e102ab4cca,8,2,38.97,19-04-2026 23:26:30
326,105,,9,-1,91.65,2026-04-01T03:27:32.812143
327,71,5315cdeb-6f09-4062-abe0-27b16c13b9b3,9,2,99.8,17-04-2026 12:36:53
328,270,,6,1,43.26,19-03-2026 12:30:31
329,280,,5,-1,45.84,2026-08-13T07:50:30.899263
330,143,,4,2,75.97,2026-05-12T03:37:43.158210
331,251,,8,2,53.85,18-03-2026 10:46:36
332,148,31b1cd18-9984-425c-a4cc-c49c39695641,10,-1,52.04,01-05-2026 08:03:53
333,177,0fcec5fd-6305-4006-89ff-17d56cfda06b,5,1,25.2,2026-05-02T00:40:18.370710
334,178,,5,-1,45.3,2026-02-13T19:57:26.512151
335,276,,9,-1,23.52,2026-06-14T02:20:43.406230
336,123,ab8dd0e3-4d81-4bba-bc3d-af38f639fd9f,1,-1,90.04,2026-01-31T05:11:23.798403
337,120,f58aa6f9-c065-4c1f-82d9-669070ba7c93,2,2,29.68,16-05-2026 04:10:52
338,52,aee97de0-a1ef-4257-ab57-797bf253e336,1,-1,97.68,2026-08-15T04:48:09.937943
339,209,,8,-1,15.94,15-06-2026 14:58:12
340,165,,1,1,63.49,2026-03-01T02:34:00.578521
341,274,751dc7ea-e3d5-42f6-b3fb-d922e823e106,3,2,87.64,2026-08-05T13:16:15.031485
342,19,,8,1,93.34,20-07-2026 17:15:01
343,20,6a72915b-a24a-4537-ae70-18bf6d9ac588,5,-1,58.29,04-05-2026 06:53:30
344,146,,9,-1,46.86,2026-05-16T21:39:55.219491
345,259,,5,1,79.93,08-06-2026 22:27:42
346,84,,5,-1,14.55,25-07-2026 19:56:51
347,152,cb127f26-64c4-416f-b518-a37a3599313a,3,-1,84.9,14-06-2026 00:28:43
348,219,,2,2,65.27,2026-04-16T21:08:27.674447
349,72,,6,1,-4.28,27-03-2026 04:09:38
350,121,,5,2,26.7,2026-07-01T08:38:54.263051
351,134,,4,1,65.12,20-07-2026 16:16:28
352,158,32dd4e0b-fcad-4fe5-8b84-3dcf709735f3,7,-1,47.76,22-02-2026 13:44:17
353,61,,6,-1,18.19,2026-04-17T19:10:09.026050
354,245,85c822f6-8228-443d-b8e5-2df4b897345b,8,-1,98.83,10-08-2026 00:06:34
355,213,,9,-1,81.69,2026-05-19T21:24:08.140593
356,42,,9,-1,32.99,2026-03-15T22:58:00.489700
357,32,5ad900c1-61ac-4df0-a87d-f9d3a29a604d,10,-1,10.73,08-01-2026 04:36:27
358,267,,2,-1,16.57,18-08-2026 02:11:20
359,47,,1,2,8.85,10-05-2026 06:04:57
360,234,d6db638e-1ad9-4c95-854d-444e96e8d348,9,2,65.64,21-01-2026 08:18:38
361,12,,5,1,73.31,2026-04-13T12:37:11.291558
362,24,,6,-1,1.69,2026-01-17T20:33:16.047877
363,36,,1,2,37.93,2026-03-12T02:43:43.639071
364,216,,7,2,86.31,11-04-2026 10:05:07
365,193,d4aa0749-4f1a-4a11-afe6-8e77158165f2,9,1,63.62,01-01-2026 13:25:06
366,61,5c32ffde-090c-442d-9e74-f2763fdf5785,9,2,50.53,2026-05-25T17:56:10.178339
367,2,84079066-9e7f-4616-a9c7-dd4ddba037b1,5,2,65.72,17-06-2026 11:52:52
368,273,,4,1,43.37,2026-01-29T06:01:59.621885
369,142,1f83329d-a6b5-4361-8ca7-c8b1f13b3eb6,2,1,80.0,26-07-2026 12:56:21
370,9,477945be-66c1-429d-a51a-29494a430cf7,4,1,5.59,2026-02-01T00:24:41.502031
371,229,c3f477ff-e8cd-4ce7-b436-5a0caf635362,4,-1,-0.36,27-05-2026 12:50:13
372,120,e3b8b4af-af76-4b9e-9d4a-83fb4920d66b,1,1,47.91,21-06-2026 19:41:40
373,120,,10,-1,76.12,06-01-2026 23:47:51
374,122,,3,-1,49.73,12-05-2026 10:24:36
375,154,,1,-1,94.59,2026-07-25T06:07:57.482579
376,219,,1,2,93.87,15-07-2026 14:16:20
377,269,,7,2,10.67,27-03-2026 00:36:23
378,95,,4,1,26.58,2026-07-06T15:09:49.297293
379,238,8428c8d1-9dea-4d40-9299-81449e2ec62b,9,2,96.62,2026-07-07T22:46:13.605639
380,199,c52231ab-69b3-4c79-bb4f-a8ac850e4a97,5,1,29.68,2026-06-14T00:40:29.754521
381,231,,2,-1,71.08,2026-06-30T05:29:50.002325
382,27,,7,-1,58.52,2026-08-02T04:48:44.337203
383,38,a991fb31-5928-4bc0-b93f-7b1b5f3b13cf,10,-1,65.5,2026-02-01T12:37:10.914944
384,246,70f61329-6b18-4aa9-ab92-7124673aa7c3,6,2,95.49,2026-02-17T18:59:18.699049
385,109,a6c8b31c-b419-417b-b917-e8f46efde0d7,2,-1,99.96,25-04-2026 19:28:06
386,125,da0639f5-d418-4f20-8255-a2275b5e2b2a,7,1,52.97,10-05-2026 07:28:56
387,195,,9,-1,32.72,28-04-2026 08:29:12
388,185,,8,1,79.3,16-05-2026 21:34:56
389,164,08ee69b1-aca6-432b-8a66-4bdde8b0666a,6,2,38.46,2026-07-10T09:51:25.902745
390,75,633e873a-9961-46f7-a50c-8f53c92893a2,5,-1,93.15,08-07-2026 04:36:21
391,152,06b1a818-f16d-4899-bc11-f338e08c7049,4,2,19.15,2026-06-24T17:22:02.197089
392,256,,5,2,96.48,19-06-2026 07:37:45
393,236,68c4607a-0824-4e13-bd1f-758b09716363,6,1,9.7,27-01-2026 07:29:13
394,95,c3bf7758-b5e1-4957-9e48-04e0c4f4f0be,9,1,83.1,2026-05-13T17:27:28.395832
395,25,190eb454-188d-4dd4-b80b-0b3840bf32c9,7,1,83.47,2026-04-17T08:04:47.922864
396,35,0c3c19e3-e3ca-4fdc-bc1c-9b41355c2536,1,1,48.1,22-03-2026 22:31:43
397,31,,8,1,-4.31,27-02-2026 09:58:59
398,7,a7cd31ea-d5e1-4e56-9943-2c213380771e,9,-1,23.85,12-06-2026 15:26:05
399,9,,3,1,91.4,2026-03-06T22:29:53.527507
400,124,5c9a9479-7586-42a4-bf97-d099dac48758,10,-1,21.5,20-05-2026 08:34:24
401,137,,2,2,95.73,03-01-2026 15:19:17
402,290,08cab12b-f59f-40d1-a629-4b3fd185230e,4,2,66.82,2026-07-27T08:10:39.139382
403,17,12bbd353-209c-4db5-87ab-1a717b966488,7,2,34.6,21-05-2026 01:18:20
404,29,9f252efc-f276-4c84-b071-66f299f6a5be,3,1,47.49,04-05-2026 18:11:17
405,170,2ae708a4-4b9d-42a5-9441-09abe7868b28,9,1,19.13,01-01-2026 10:58:46
406,139,9bac1972-7b66-4866-bee6-eb82301f2eda,2,-1,92.19,2026-02-12T05:24:08.580202
407,92,,1,1,56.64,23-07-2026 09:00:53
408,40,,3,-1,20.25,23-04-2026 01:44:07
409,277,,7,-1,9.69,2026-03-23T02:39:02.375500
410,257,,1,1,40.89,2026-02-02T11:24:16.185317
411,175,,6,1,61.58,12-05-2026 21:10:53
412,252,c421d6db-c569-4628-9290-8c1a6bc2e98a,6,-1,93.82,17-05-2026 18:49:05
413,96,,2,-1,26.01,2026-01-09T16:26:18.621601
414,38,9169c8cf-bae6-4a3d-97f5-ffc594da1646,5,1,34.9,2026-06-24T10:38:07.570713
415,200,,6,1,4.61,08-07-2026 19:47:53
416,228,,5,1,8.91,2026-03-26T12:28:39.712229
417,221,,9,-1,48.81,2026-03-28T19:12:33.734460
418,14,2bf8c006-85a2-4d8d-9cd9-3602d1f0ce11,6,-1,4.77,17-05-2026 04:55:22
419,198,8843c5f7-b4e0-43e9-9bd6-9c7e96a7da33,5,2,35.72,2026-03-21T05:16:03.243442
420,287,2384f1b3-a6ba-4f70-88bc-d23acebc010b,10,-1,12.81,10-06-2026 03:57:56
421,87,47a37218-45da-404b-9167-dcd4d8bb796d,5,2,23.18,2026-07-28T14:19:45.320310
422,33,34c3ffa8-a47f-4760-9c5e-352a84b77581,7,2,39.22,28-02-2026 08:20:11
423,40,,5,1,70.69,05-02-2026 19:28:30
424,101,,2,1,26.99,24-05-2026 08:40:06
425,171,,6,2,30.15,2026-06-03T23:41:45.965067
426,154,,10,-1,16.09,01-03-2026 21:07:30
427,91,,6,2,72.16,15-03-2026 13:53:53
428,295,50733543-3c62-4577-8775-14b77d87cbb6,6,2,24.43,27-06-2026 08:15:09
429,187,8c48cb0e-a1fd-4c21-b40b-6031e85c098e,10,1,57.18,2026-07-18T03:55:57.423408
430,282,acb865a7-acdd-4a1c-8045-784572fa1a45,8,-1,17.01,14-05-2026 23:39:45
431,36,,8,1,61.5,2026-08-01T16:20:06.181993
432,130,f2730ea0-69df-4a47-9e3a-d6ee5e03534b,7,2,2.77,29-04-2026 19:49:43
433,299,,9,-1,91.97,31-07-2026 23:45:36
434,279,689b1788-664b-41ea-bb67-543327742d80,6,-1,89.03,2026-02-26T16:05:12.635536
435,56,b4af3987-c6ae-4fab-afc9-a7b0c1bb0b94,6,1,62.93,2026-07-14T09:55:09.719952
436,289,,6,2,6.12,2026-02-09T07:45:00.324337
437,133,b15494d7-d2ec-4bc3-8284-02cf38d7c6d2,9,-1,49.47,2026-06-30T09:18:11.485171
438,229,,7,2,76.1,2026-01-15T04:46:09.049206
439,177,3628976f-8355-41b4-b025-15aa8c791fdd,8,1,26.02,2026-06-04T02:36:05.243394
440,60,2218bdba-e40f-4787-a571-e6b182d4e915,6,2,31.02,2026-05-18T10:10:54.647678
441,267,,6,2,5.25,20-07-2026 17:33:50
442,164,b86c41f3-d4fa-4b58-ac06-9127d86782b8,5,1,80.07,2026-07-15T18:34:56.321930
443,12,,2,-1,79.01,2026-05-18T04:20:41.392336
444,265,9dfa9530-1adb-4a36-9dba-466390f46929,9,1,29.75,25-01-2026 01:27:13
445,237,0a45ab2a-d93e-42b1-8b03-12099be77820,7,-1,14.37,09-08-2026 01:13:39
446,203,9f3a3ba7-cd62-4687-9cd1-42425690790f,10,1,42.21,20-01-2026 16:14:40
447,200,043dd1e0-5711-4209-9577-03d0d9f3e858,4,1,24.23,2026-06-20T16:59:47.736730
448,296,d4a312be-c7ae-4333-8961-c238aca113b5,9,1,33.41,2026-03-14T00:24:28.256960
449,235,6b339305-4c3d-4b71-94e1-5b97336f9bdf,5,-1,85.58,15-01-2026 23:10:12
450,199,,10,1,31.53,25-04-2026 09:53:34
451,89,,10,-1,3.9,2026-02-02T19:17:18.530660
452,161,1d0da391-07cc-4b50-b0d0-a290bb4abf1f,4,2,7.28,03-04-2026 06:54:09
453,73,,7,-1,9.48,28-02-2026 04:53:56
454,217,9de94a7f-310c-4d70-8dcf-db75a1a3e792,8,-1,51.42,2026-05-10T14:43:50.328013
455,285,d2b3b880-e71b-4a77-b531-0274d1d8371e,8,2,9.73,09-04-2026 05:24:25
456,231,b60e4b73-e707-4184-93cd-27d007414f04,6,1,45.88,2026-07-11T14:33:33.893353
457,197,,7,-1,46.63,17-02-2026 01:35:32
458,251,2e7d4a1e-47be-40c4-9d19-c44128834adb,2,-1,-1.76,2026-05-06T16:59:09.073269
459,150,939adc1f-7371-43a0-ae70-a86c2be4c85f,5,1,51.45,2026-01-26T11:53:14.561173
460,235,,9,-1,6.89,2026-01-31T21:45:45.928950
461,138,,9,1,74.8,10-01-2026 18:02:27
462,280,1012f912-a3b8-4143-bf5d-167e91c7a936,7,1,72.28,2026-06-24T16:54:27.827849
463,153,6711d20c-2256-4fb1-a8f3-fd4444e9bdc8,8,2,31.6,2026-01-12T09:33:13.864469
464,225,fbc94809-ae83-4e82-9670-c183d18d2a43,4,1,80.12,25-01-2026 01:40:43
465,220,29fe0ca9-cd6c-459b-96b2-59966c940d59,10,1,77.41,2026-04-24T21:29:52.813922
466,31,,9,2,57.67,2026-06-11T02:41:31.046355
467,166,,5,-1,23.07,2026-02-19T00:24:46.814428
468,70,,1,2,86.04,2026-08-02T05:19:25.579984
469,68,55180b8f-61d5-4333-9984-eb866b6964be,3,-1,28.82,2026-05-21T16:08:33.119372
470,202,,3,-1,61.4,28-06-2026 04:32:53
471,193,,2,-1,78.43,2026-07-03T17:23:38.942206
472,207,,6,2,94.78,24-03-2026 09:43:32
473,298,c9d6df68-9877-4c7d-8a16-ad17d02c6b6b,2,-1,97.08,03-03-2026 22:27:14
474,33,,4,2,81.61,14-04-2026 08:46:38
475,138,,5,2,52.47,2026-04-12T01:06:05.161160
476,290,,6,-1,75.04,2026-02-22T05:26:34.716554
477,51,,1,1,92.59,2026-07-10T11:43:49.902571
478,226,,1,2,16.24,2026-03-01T05:54:41.284983
479,155,8671658b-242a-4546-84e8-6142718c5201,5,1,63.73,20-03-2026 04:21:24
480,43,,3,1,36.62,08-02-2026 07:39:07
481,120,,2,-1,4.99,2026-05-30T10:10:03.428413
482,245,2455da8e-0c64-4410-a317-094d4cebb8d5,3,-1,18.75,22-02-2026 22:40:08
483,5,8570925e-3e93-4c9c-b746-e58e67209685,6,1,98.76,11-07-2026 14:38:48
484,68,,2,1,35.22,2026-02-12T11:45:33.602073
485,53,,6,2,9.4,2026-05-05T02:49:29.028328
486,74,a82c490d-81c8-4794-aab1-64e8ad1cdc24,9,-1,-4.11,2026-01-31T08:18:32.616256
487,226,,4,-1,73.57,19-03-2026 23:21:28
488,227,e233cff0-8013-4bc1-9c4c-228d22d6e3ab,2,1,9.7,2026-07-31T11:22:12.821403
489,197,,7,2,78.06,2026-02-24T02:27:23.148227
490,142,5436dd17-5726-4fa1-b4a6-1edc737c6f6d,4,-1,58.1,25-01-2026 19:53:05
491,14,,4,-1,58.73,2026-07-10T10:16:44.951912
492,201,,1,1,46.96,2026-03-28T12:51:55.442976
493,124,,10,1,50.47,2026-07-03T23:36:58.136725
494,185,,3,2,85.39,30-03-2026 22:21:10
495,188,3dcd2fb3-4c0b-4cb7-8e50-8d52c234656b,8,1,-3.25,2026-07-11T05:56:41.581475
496,8,,4,1,91.87,20-04-2026 17:35:03
497,260,,9,2,39.48,07-06-2026 07:21:23
498,43,875f1ed2-4171-4faf-871e-da91301e6e5c,5,1,27.54,2026-07-25T04:47:16.554254
499,80,,7,-1,61.6,2026-01-02T23:46:43.407348
500,159,,4,1,20.67,09-05-2026 02:47:50
501,60,,10,-1,0.78,2026-03-28T14:54:26.604142
502,62,61c2beed-a01b-4d67-8507-29e2943418c8,3,-1,-3.81,18-04-2026 15:40:31
503,178,,3,2,8.33,06-04-2026 22:58:27
504,61,6b7c1fa8-aa4e-40c8-88e2-bae24c769283,6,2,23.56,2026-03-12T12:13:09.404334
505,135,a4a369f5-cdc4-4da9-b3c6-39b378240806,8,2,48.63,2026-02-27T08:49:54.096323
506,256,898b07c6-a674-419d-acfb-b8f0b14443d5,6,1,21.79,2026-04-27T00:46:48.366520
507,294,b965a3ed-350d-4546-9ba8-d9fd0b55f7df,4,-1,48.43,2026-01-13T18:55:02.488994
508,7,792808f6-f096-4573-a4b7-12eda5587d15,1,2,33.22,2026-08-14T19:26:21.278752
509,92,faaa5152-1a7f-420b-9347-2556549f1aa9,9,-1,72.77,29-06-2026 09:32:40
510,115,,4,2,91.16,31-01-2026 11:56:58
511,139,de43e89e-194a-43f9-881b-68e6c6467344,10,2,7.54,2026-01-09T09:51:04.459991
512,92,313ab62a-bd17-4c76-a93f-ff078554573c,9,1,95.18,2026-04-11T13:35:52.709873
513,239,,5,2,4.07,24-07-2026 07:16:30
514,5,,4,2,54.2,08-07-2026 08:08:14
515,125,,6,-1,97.05,2026-04-17T08:18:45.556406
516,280,ee4ae571-a6cd-40bb-9820-c29be496075c,3,1,92.9,2026-04-03T13:10:59.971904
517,120,,1,2,-4.85,08-08-2026 15:46:07
518,158,2b1f1ef2-d0fa-4d86-9ff9-64e867b7b0ed,4,-1,98.23,05-01-2026 10:15:41
519,252,6293a736-a02e-4788-92e0-767448e60d98,3,-1,24.38,2026-02-26T10:27:49.456301
520,119,,6,2,97.33,2026-01-09T04:27:48.776226
521,298,f825150b-8c63-4a27-81df-c599e393db77,9,1,61.91,18-07-2026 08:37:44
522,39,611b1359-1b47-4cba-bf32-6467cbe444a2,7,-1,96.24,2026-03-13T13:38:31.694295
523,150,,6,2,68.58,21-06-2026 06:37:26
524,163,,5,1,2.84,2026-03-09T00:45:40.723849
525,70,e62b691f-865f-45ba-b900-f061b09473c6,3,1,12.26,08-06-2026 20:55:52
526,161,,2,-1,32.62,2026-06-25T08:26:10.158317
527,232,,8,2,84.51,2026-05-14T11:49:16.935158
528,81,,10,1,17.58,24-06-2026 18:39:32
529,76,073f4be1-29ca-4de6-a3fa-7fe958f7faa0,4,2,36.61,2026-01-10T17:23:57.207929
530,154,,3,1,94.97,17-08-2026 04:51:14
531,285,6efb95c1-e07c-49ce-bb87-b932476674e0,2,2,5.7,2026-05-20T01:11:10.253690
532,63,7b1d9f8d-18df-4ac9-a33c-d5aa8b318bf9,1,1,8.73,09-05-2026 04:01:40
533,191,68c435d2-389e-4cae-b8a7-629e606cdc9a,10,-1,22.18,2026-04-22T07:01:07.845892
534,12,8a8ac144-0667-4d94-981f-438127d20019,4,-1,41.56,2026-02-22T09:41:04.154584
535,48,,2,1,93.94,2026-08-19T07:37:52.198472
536,87,,7,2,-1.9,12-04-2026 19:57:01
537,89,,4,1,23.87,02-01-2026 13:36:37
538,77,510c9248-72f9-4315-b9ce-04937d3af942,10,-1,59.78,04-02-2026 10:18:56
539,256,,9,2,1.4,17-05-2026 02:56:42
540,197,babc216f-750b-4e1f-9662-a75f9773193b,7,1,62.48,2026-03-20T01:08:13.363200
541,279,01e53623-6483-4a14-accb-b3c365837347,7,-1,32.71,10-06-2026 06:03:17
542,177,,7,2,13.88,20-02-2026 09:17:59
543,113,1abb1dff-be1b-459d-a755-118671bc6402,5,1,79.91,17-07-2026 10:50:31
544,272,,10,1,97.27,2026-08-19T03:20:49.305854
545,127,75791635-e9b7-4c03-8117-963fc40b876a,5,-1,80.71,2026-05-23T22:39:10.576254
546,113,,6,1,13.49,20-07-2026 07:26:13
547,184,824dbe4e-9735-4755-9458-8028f5d61b64,6,-1,54.18,2026-01-25T01:20:26.254685
548,253,,3,2,-1.01,2026-05-25T21:28:02.300992
549,120,e61f1435-a00c-4acc-9360-731166fabbc6,1,-1,45.19,09-02-2026 07:46:25
550,104,102e3b4c-33aa-4be3-ada0-db2120b7dbc8,6,-1,13.63,15-06-2026 06:19:35
551,31,4797d808-8067-4f33-8b3f-35cd890f058a,3,-1,68.99,2026-04-14T16:32:54.450569
552,57,,2,2,68.98,02-03-2026 05:35:35
553,52,,5,2,9.33,2026-01-06T19:40:57.090987
554,224,,6,1,69.25,15-02-2026 01:13:26
555,115,53f1c6c7-5233-40c7-8799-f954081e36d9,7,2,72.07,21-07-2026 16:12:13
556,66,13a6ef4c-05a3-4672-a99b-cf75e311497e,1,-1,94.61,05-02-2026 19:57:19
557,291,3dbcba21-0a10-4ca9-a9c1-d21a8dcf920a,3,-1,28.41,2026-02-02T19:04:47.145679
558,290,7b5c3ebc-73c9-4d78-8d99-d9663cc1c497,8,1,29.77,2026-05-31T13:23:39.188081
559,122,,6,1,61.8,2026-04-29T16:12:15.798525
560,172,,1,2,17.02,2026-03-18T18:20:18.053612
561,180,,2,-1,-4.87,15-08-2026 18:47:02
562,225,,3,2,46.77,26-04-2026 05:29:34
563,180,,2,2,77.82,2026-05-03T06:14:34.238917
564,84,,2,1,25.97,08-08-2026 00:56:45
565,134,050eb1dc-5681-4c64-b118-ab283637857c,2,2,12.86,05-04-2026 19:44:23
566,83,a6d7b884-f918-403d-9c98-0d6c908075d3,9,1,30.48,21-07-2026 20:09:59
567,16,,3,-1,88.42,2026-02-19T13:29:06.768066
568,28,a2e3cc38-40a9-4f41-8651-e54e74f7f9ae,6,1,97.31,02-07-2026 22:14:51
569,284,,5,2,19.94,2026-02-11T01:52:04.482348
570,202,,3,1,32.89,04-04-2026 06:12:32
571,45,,10,2,15.97,2026-06-11T03:33:49.617187
572,106,c837af03-9ee3-48b8-a98d-e36184701b79,5,1,44.72,2026-05-16T21:34:41.796325
573,158,,8,2,88.96,02-08-2026 17:52:39
574,47,,3,2,87.98,24-03-2026 17:35:27
575,96,,1,2,41.17,02-04-2026 00:42:44
576,116,,10,1,10.87,2026-04-22T09:16:48.335160
577,44,,9,2,96.92,2026-06-17T17:19:03.235042
578,284,762b4f37-1047-42ea-94e8-819e21ac5e46,7,-1,38.96,11-07-2026 18:41:12
579,294,81fa7cfe-1350-4bfd-9636-1a2239ea288f,8,2,3.29,2026-06-28T06:39:07.551577
580,258,ee94e6d5-7c7b-4ec7-98b5-a4ae84ca49c0,2,2,13.15,2026-05-17T17:15:54.517421
581,109,c11c5e49-b55f-4f5d-8b16-75a3e2e77328,3,1,39.45,11-07-2026 22:29:15
582,104,0d88f7ae-dae2-4681-9250-b30fb418dd10,10,2,28.57,2026-03-13T03:21:27.339222
583,45,,9,2,52.97,07-04-2026 06:51:15
584,267,,1,-1,60.42,18-03-2026 20:28:39
585,58,,3,1,54.49,2026-04-04T19:33:45.542149
586,55,d2e6dc4c-73bb-4656-b762-9f90987a90e0,5,-1,87.41,11-04-2026 06:44:11
587,136,,8,-1,58.94,2026-06-11T09:24:47.078673
588,89,,7,1,59.92,04-03-2026 02:36:28
589,20,,6,-1,19.95,24-07-2026 04:00:54
590,138,,1,2,80.83,02-05-2026 16:36:51
591,160,,8,-1,66.91,2026-05-04T00:43:49.204797
592,69,,8,2,23.29,30-01-2026 08:27:10
593,46,97dff7d7-2436-4c74-b356-263c8961228f,8,1,90.91,05-06-2026 23:34:56
594,249,,1,-1,78.11,2026-04-23T04:10:36.147938
595,160,,3,-1,87.33,2026-05-29T13:18:16.569539
596,89,88bb50cf-bdec-42a7-86d6-c3cf76689a32,4,1,21.2,01-04-2026 02:40:48
597,26,,4,2,33.68,18-05-2026 14:04:15
598,259,,2,-1,-1.79,27-03-2026 20:54:08
599,251,,3,2,56.62,17-07-2026 08:25:46
600,177,e8bf5404-2aec-4824-96ad-898db1a2fefe,5,-1,82.24,2026-02-18T23:50:54.000242
601,146,4c8e8451-efa8-4bc5-bc74-cfe60d36f754,7,1,12.11,2026-01-13T16:14:18.568501
602,114,a964dd16-920b-4326-b47f-b04efeb14571,4,2,63.42,2026-02-16T23:23:28.971127
603,5,,3,-1,13.19,2026-07-05T17:20:39.565344
604,115,,10,2,69.84,23-03-2026 02:23:33
605,217,,6,2,21.46,01-01-2026 01:55:23
606,155,,10,1,-4.23,26-06-2026 05:33:48
607,288,,5,-1,6.35,2026-06-06T08:38:22.302205
608,173,,6,2,22.42,15-03-2026 01:12:43
609,97,f4766ff0-32c2-4e03-99c4-683bbd438e8b,9,1,89.47,26-06-2026 21:05:50
610,164,e0963baa-917c-4282-a1ee-7d7f51218ee6,1,-1,47.22,26-05-2026 05:45:44
611,133,,7,2,72.36,2026-07-31T08:54:31.132678
612,176,85a42745-bbc1-4f98-92c1-a7d331461362,9,-1,77.41,25-03-2026 06:47:35
613,260,,3,-1,87.03,2026-01-31T19:18:08.391405
614,151,df08e947-f0a7-4799-81dc-7f9db6604572,8,1,72.8,2026-07-14T11:06:09.935205
615,172,d0508a84-6c99-44d9-b18f-3bf214d1e461,4,2,18.45,08-04-2026 09:55:49
616,216,,6,2,56.48,04-06-2026 08:47:20
617,61,,1,-1,56.28,2026-04-04T01:14:01.510390
618,242,79379dc6-940d-430a-8ddd-646640f5c93b,9,1,86.09,14-04-2026 05:25:32
619,272,,7,1,86.44,2026-04-03T18:33:47.229509
620,71,fe00d79f-605d-474a-9b9b-ad73066fec97,6,2,98.66,16-01-2026 14:57:05
621,74,,3,1,46.2,2026-08-15T00:15:49.840826
622,161,091c9b8c-da4a-477e-be0e-f412b681c912,1,2,23.72,2026-06-07T01:21:53.103343
623,296,d77e85a0-0ed3-488d-a029-73a14b43170b,8,1,8.59,31-01-2026 00:20:42
624,220,,7,2,35.25,2026-06-23T11:10:46.272335
625,274,aa42d338-3ef1-4c4b-9cd4-2fc30c0683f2,6,1,88.66,2026-07-04T00:03:17.203169
626,10,d2e0a764-8d5e-4d4b-8922-aec3ad6a3a2c,4,1,67.82,03-01-2026 04:17:13
627,160,d8144f39-6a16-404e-8b16-5025fd23fc80,2,2,47.85,17-08-2026 10:28:24
628,86,66d3a031-3fb3-4e5b-8e28-0c2f51612f8d,1,2,94.59,30-03-2026 02:43:22
629,267,,7,-1,99.52,18-01-2026 14:35:34
630,251,,4,1,94.55,26-01-2026 00:42:42
631,10,904930db-65d3-461c-b42a-ea41408a955d,4,-1,98.41,2026-02-10T04:45:14.862297
632,12,dd7a8fc7-51a3-49c4-80dc-3ccf82e8e0b4,2,2,69.67,2026-04-19T09:24:44.530913
633,193,,9,-1,0.1,2026-04-22T10:40:19.040017
634,56,4736758e-5ae6-4b44-a52b-4f292073972b,1,-1,7.16,08-04-2026 12:40:48
635,195,245f0815-7275-4193-864e-15428824c005,9,2,44.81,2026-06-27T10:16:58.622850
636,106,6e22c585-57da-4e05-8886-c75307971477,5,2,64.47,11-05-2026 04:56:52
637,71,,2,-1,70.47,2026-07-15T21:20:12.451080
638,145,fdd18ffe-036f-4475-aa7f-c9b3fee9d152,2,2,15.86,2026-07-08T14:50:36.197114
639,135,5db2dfe0-fcd2-409c-8311-322cf289cb55,6,-1,38.02,2026-08-15T22:40:13.107995
640,21,,4,-1,92.98,17-08-2026 23:04:16
641,121,bc5982c2-6ccf-451a-bfa5-a280fb657e3f,1,-1,4.35,2026-07-09T13:21:31.098734
642,294,,3,1,76.85,2026-07-20T02:11:40.450165
643,52,,4,2,98.81,04-03-2026 13:50:36
644,136,,1,1,80.38,2026-01-31T13:12:22.190303
645,149,,6,2,72.55,2026-07-03T22:57:30.412819
646,24,d0e3525a-ccd8-40ec-a5ad-c489dbe5f01d,3,-1,62.96,14-02-2026 16:55:53
647,184,,10,2,87.24,2026-02-11T23:24:11.871572
648,191,,3,1,37.08,30-01-2026 23:01:19
649,140,,8,2,63.13,2026-05-22T14:21:23.283459
650,58,2684bf21-98aa-4619-890d-65a84ace58c4,1,1,5.89,30-07-2026 06:32:24
651,292,,3,-1,34.87,02-05-2026 17:21:53
652,15,805dc8f6-f937-4d48-afbd-901d53f98443,8,2,6.86,28-01-2026 07:44:04
653,226,b695d813-b6f3-4111-983d-54210f8b899c,2,2,63.77,2026-02-18T21:51:21.316331
654,269,ea10147c-3bf1-4c37-8616-191d6c12a2a2,6,-1,49.93,2026-08-02T22:30:36.393065
655,222,4e52ea17-91c0-4b3e-99d0-07acbab136eb,8,2,64.69,15-05-2026 18:28:05
656,77,9790e82b-95d8-4177-8536-7dac34f27853,1,-1,93.11,06-04-2026 19:13:47
657,254,04f58607-ebb7-4102-a090-65e09ce9b0c8,2,2,28.67,08-05-2026 06:43:50
658,143,2ac801b2-9db7-4437-b486-3a30840196b3,9,1,52.8,19-02-2026 20:09:43
659,207,970a1f2e-3c2d-45c7-af1b-c4097e1e608a,2,2,41.64,05-06-2026 03:21:10
660,46,,8,2,7.46,30-05-2026 10:13:15
661,10,88ddec4a-c96a-463a-a118-c78639e63177,7,2,-1.24,2026-06-23T04:15:50.603246
662,47,,9,-1,16.72,02-07-2026 11:20:10
663,175,,1,1,83.65,19-05-2026 19:18:06
664,287,,6,-1,42.52,2026-05-28T17:47:53.374077
665,114,c5b889d7-5770-46f8-bd86-d438a421ed00,6,2,82.14,08-04-2026 15:50:01
666,281,,2,1,89.17,27-03-2026 11:34:48
667,72,,2,2,59.14,2026-01-29T17:52:35.881908
668,62,,4,2,81.58,2026-06-08T03:18:53.465935
669,174,0a9627bf-0148-4a97-b7e2-e9d00ea2aedc,7,1,92.3,2026-02-27T02:58:51.774548
670,231,,10,-1,9.14,15-02-2026 05:48:11
671,3,323a20f8-9c74-4ec2-9cbf-2383ae5ac381,9,2,83.08,28-02-2026 07:23:16
672,261,a5e24787-90df-448b-8504-8d007dae93d6,10,1,71.7,2026-03-20T10:38:15.516942
673,54,,10,-1,87.68,27-04-2026 05:34:36
674,215,b20b551c-7ee5-4a4d-82e2-ba83f7a4dd64,5,2,96.18,13-07-2026 13:22:07
675,232,e441c59c-7e39-445e-9ace-18dcff07bda5,3,2,58.27,16-05-2026 12:21:39
676,281,,9,-1,17.82,2026-04-19T04:13:38.056405
677,149,,3,-1,63.26,2026-02-10T09:08:47.934456
678,258,,2,2,54.04,21-05-2026 21:07:25
679,274,,7,1,49.89,2026-05-17T14:51:54.046030
680,196,ece9a9fe-62d5-455c-8425-5c4762da31da,1,-1,0.94,06-05-2026 23:21:40
681,83,,5,1,83.14,06-06-2026 01:06:17
682,105,dcc5699f-de7e-4b20-8dd7-b498684163b6,6,2,5.76,2026-06-22T17:30:22.804254
683,288,,4,-1,77.35,24-05-2026 23:34:23
684,25,,7,2,95.45,14-08-2026 18:34:19
685,283,3b8df74e-5779-4bd2-baca-9b11a4f3ab6e,1,-1,21.39,12-01-2026 09:02:12
686,116,,10,-1,72.54,2026-03-02T22:43:23.221040
687,100,,8,1,98.26,2026-08-07T16:29:37.677889
688,96,c37d6d5a-ac4c-4b3f-8803-679b95b798de,9,1,34.61,15-05-2026 20:12:23
689,143,,3,1,56.32,26-04-2026 07:46:23
690,3,,8,-1,93.44,2026-03-19T11:47:05.046722
691,79,,10,1,76.23,22-07-2026 16:45:15
692,252,,2,-1,28.38,2026-02-14T21:30:22.072910
693,95,b00b97db-8c19-4ad6-92b8-1499e3cc268c,9,1,38.67,05-02-2026 09:48:32
694,48,,4,1,64.65,26-05-2026 18:01:13
695,185,,4,-1,50.7,2026-05-24T15:56:41.078428
696,59,,8,1,89.97,2026-07-28T10:23:59.253952
697,21,,7,1,35.52,11-08-2026 13:35:29
698,13,,9,-1,41.78,2026-05-15T14:24:30.704520
699,152,76cd9f68-17e7-46af-b78a-b21b4767bba6,6,-1,3.65,2026-05-12T15:36:08.158056
700,86,1081fd4b-d9c8-478b-9209-cdd665c255a5,2,1,65.39,2026-07-31T00:26:27.160033
701,218,db3da90f-240c-4d8b-9033-52eb6e38b74f,4,-1,82.02,03-04-2026 23:09:49
702,37,3d635bc0-0b66-41d0-9336-b88d9adc31c8,1,2,70.27,2026-03-22T14:52:23.317288
703,45,c802deb7-ca86-419e-9b1f-517b3dde88a6,1,1,78.39,2026-01-30T16:47:14.706438
704,295,3cb9d132-4e94-47f2-9762-cae7c7dbedaf,5,2,35.74,21-02-2026 21:30:32
705,222,,1,2,65.7,2026-03-27T19:56:42.245395
706,33,05e9976d-a373-4ea9-91f0-e8a5263e3d1f,2,2,92.45,2026-01-08T07:33:17.393090
707,149,,10,1,24.56,19-03-2026 10:22:34
708,196,,1,2,11.41,2026-05-12T20:34:57.184836
709,70,,9,2,95.81,2026-04-17T18:08:20.318450
710,153,,1,-1,86.85,2026-06-21T17:09:56.635827
711,64,e746ebce-99c0-44eb-b147-15071c7fef02,1,-1,57.65,2026-04-27T23:32:49.175882
712,157,aa747227-0123-4e27-976b-7c745bf0ce3d,6,1,38.33,2026-08-13T00:19:31.823266
713,83,65e67f44-981b-4247-ae18-3a1a659c5bcd,4,-1,82.65,2026-03-12T11:12:45.110668
714,59,4598f9ad-2fc7-42b8-94a5-8b2937debb7a,10,1,84.4,06-02-2026 01:24:08
715,282,b778f210-afcb-4d8e-bc64-1aaed7395c2c,5,-1,2.07,2026-02-07T06:39:00.098429
716,102,,6,2,8.46,2026-05-13T23:59:27.013312
717,52,,10,1,89.51,06-08-2026 06:19:01
718,249,,6,-1,64.24,2026-05-13T12:10:00.385511
719,290,,6,2,12.71,12-05-2026 18:22:58
720,127,56725c05-2e69-4403-b018-89fe752e4a22,7,2,83.21,2026-01-09T11:35:59.890013
721,170,,8,2,32.67,18-04-2026 20:11:21
722,250,91edf794-af9b-48de-974b-7b07bebe5c35,3,-1,58.7,26-02-2026 17:17:30
723,72,644ffed6-6a61-466e-a59d-44d1775ed47b,5,-1,88.07,2026-03-07T04:21:25.051473
724,39,ba1a7657-4dd5-4c59-b2db-1c7c3830a3be,9,-1,-1.72,25-07-2026 01:02:00
725,109,35f33265-f7e8-4bdc-8c03-1ceb417d4561,9,2,52.06,10-03-2026 03:25:44
726,77,,7,1,88.6,17-01-2026 10:40:26
727,69,,9,-1,4.51,24-01-2026 21:16:45
728,258,2ae400b6-df48-4503-a356-880449140913,4,-1,66.84,2026-06-05T14:44:21.549956
729,229,debbe8a0-33b0-430c-b178-6b14c15aa71a,3,-1,94.61,2026-07-24T03:00:25.476036
730,248,,1,1,74.95,2026-06-05T16:35:58.185287
731,33,,6,1,-0.51,2026-03-07T15:35:41.284427
732,266,,7,2,91.38,2026-06-30T20:53:21.144036
733,21,,2,-1,96.69,20-04-2026 01:48:45
734,135,0f759cba-bc50-413f-91e1-f8b5eaf48b71,7,-1,34.74,2026-02-09T23:07:56.005657
735,265,,7,1,49.22,06-06-2026 01:31:35
736,177,,8,-1,-4.31,2026-03-23T23:47:39.873067
737,226,eae87ce0-f912-46b2-9f85-b542aa15fd43,4,1,49.03,23-06-2026 06:57:13
738,109,9de527af-505b-4523-83e1-c45da2dd8ad5,3,1,33.03,2026-06-16T01:59:41.926071
739,118,,6,-1,6.9,22-03-2026 07:43:41
740,246,cede2a57-a419-4afa-88eb-52eb2233421b,10,1,62.96,03-02-2026 16:19:59
741,12,5fe2b5d8-37ad-4f17-889b-9fe08da75235,1,1,55.22,2026-04-27T12:21:42.305911
742,69,fdbdf6f2-7a43-44d4-8a21-8338e46ff6b9,10,1,0.87,06-04-2026 23:14:55
743,93,,10,-1,61.95,01-06-2026 21:51:50
744,44,8f9d89e2-c3c2-4d96-8817-ac6b3258402b,8,-1,99.24,12-03-2026 20:43:53
745,88,24aa255c-a95f-44f8-86f9-71bbba387536,7,-1,9.98,2026-07-12T08:36:00.588248
746,262,,3,-1,66.99,23-02-2026 13:11:14
747,36,893d6e6d-d8a1-4c17-aa91-44fd54c01a92,7,2,8.88,2026-04-21T05:59:47.207661
748,104,,3,-1,5.11,24-03-2026 18:00:16
749,20,2252e21e-8401-487d-b2fa-e8fb7cad2492,2,2,64.24,2026-06-19T03:12:06.539531
750,221,,6,1,68.25,19-03-2026 04:53:14
751,118,,7,2,56.85,2026-05-26T18:35:04.904199
752,218,90f2c0db-9a4d-40a6-9b66-71f91a1c4a35,5,2,75.42,2026-03-03T11:44:39.616211
753,146,,5,1,-4.43,2026-06-27T06:08:46.989786
754,296,dfdcdb7b-d0cf-44c8-9c48-eca296f78350,9,1,34.38,2026-06-30T22:08:43.053006
755,162,,6,1,11.25,06-03-2026 20:25:54
756,134,,10,2,59.25,05-08-2026 22:53:53
757,105,,9,-1,45.66,09-08-2026 23:08:02
758,287,,5,2,55.65,03-05-2026 04:59:10
759,71,4786132a-c693-4fad-9108-038673c25208,4,2,77.23,2026-05-12T14:14:08.491474
760,52,da9947de-aeb5-4466-93af-d872317ed3d3,9,2,77.54,2026-06-11T19:19:39.984660
761,83,,1,1,81.44,19-04-2026 03:44:10
762,223,2d47c6c7-f531-46a5-ad52-0f98cc56113c,2,2,18.29,2026-04-23T15:08:13.594634
763,20,,7,-1,63.9,13-08-2026 14:11:00
764,30,b4814cff-abcf-4036-aa8c-50f6c1dfbc7f,8,2,-3.88,21-05-2026 22:09:09
765,100,02e9dac7-f277-421b-aeb8-f4a8bff2b275,10,-1,49.16,2026-08-15T11:44:29.066707
766,87,c1b676a9-f0b9-424f-bc89-0a3ae08af89e,6,1,63.78,2026-03-15T13:40:24.583439
767,45,,7,2,65.31,10-06-2026 15:40:27
768,103,07667ca7-2ccc-457b-92e4-662d4a50a3b1,2,1,52.71,17-07-2026 09:46:23
769,178,,4,-1,96.12,15-06-2026 19:08:39
770,207,d370adea-5e48-415a-ab94-51bd196d46f6,5,1,37.75,2026-07-11T17:03:52.869724
771,287,955abd93-b80f-4ea3-8376-0f562ad0b5c6,9,2,30.7,2026-02-14T21:07:38.155698
772,263,,9,-1,21.26,02-08-2026 09:13:22
773,194,,4,2,95.93,23-02-2026 03:24:15
774,236,e0e50bdc-a1cc-4bc2-8174-a1db0c32471d,8,1,22.07,07-01-2026 11:44:58
775,113,bbe126e2-21cc-4e1c-9510-43899159bee7,6,2,95.32,2026-02-07T02:49:57.611843
776,135,ef506010-794d-4abc-bcbc-c7ce6287d0ae,5,1,36.89,12-07-2026 03:45:39
777,39,7e4a153f-2489-44ce-956b-f501e5fd3c8b,8,2,32.12,19-06-2026 05:38:30
778,94,89603bb3-974d-48fa-80fe-75cea80e7ed0,8,-1,15.96,2026-08-11T20:46:55.561832
779,136,500d90b5-242e-48ec-a12a-61d3e600a9b2,4,1,82.67,12-07-2026 08:14:39
780,80,fa6d0755-3493-4d23-988e-bf65f10e0374,2,1,65.96,24-07-2026 01:54:09
781,4,b88149f4-cf6c-4fec-9195-493a6a41a8cc,8,2,60.17,08-01-2026 15:40:54
782,295,,8,1,98.36,29-06-2026 22:13:00
783,204,27f28d26-c434-479c-93ca-5f2257cf8131,10,1,0.69,03-07-2026 09:56:10
784,245,0a64df1c-c328-4015-8cd4-a3717283b148,9,2,36.34,2026-05-11T05:55:08.835313
785,235,1868e717-d7f6-4809-9e85-1975eae9db3f,9,2,28.14,2026-01-13T18:54:38.939959
786,7,15da88d2-871d-4761-8df6-b3367e67b854,7,-1,5.58,04-07-2026 15:56:14
787,133,d77eab41-8dc8-457a-b1bc-cf5c459481bc,9,2,19.9,23-02-2026 00:27:06
788,176,,3,2,39.51,08-03-2026 09:19:33
789,191,,7,2,42.33,2026-03-13T07:56:02.517253
790,295,4e56efd1-8f26-48d6-a183-8c3b4b1cdc13,2,-1,23.34,2026-01-03T10:29:48.996202
791,285,,7,1,10.31,2026-05-21T19:00:36.488819
792,243,59f86516-18f3-45c0-bffc-69b147886d41,3,2,47.46,22-02-2026 17:32:52
793,250,,5,-1,85.14,2026-08-14T17:58:26.882942
794,204,243bfe0d-dbfb-4102-adb8-d55fd7e7146d,3,1,17.62,14-08-2026 02:24:48
795,244,f5909f36-5673-4dcc-ba86-a81d52e724cb,8,-1,30.14,20-04-2026 23:52:35
796,185,,6,1,38.23,23-04-2026 08:05:10
797,102,82d04321-d6a5-4a79-a374-22ac58bc68d4,5,2,29.13,17-08-2026 11:34:16
798,229,c53440ec-70b7-4923-82d8-ad07ea4a6483,7,-1,25.08,2026-02-25T21:59:47.221812
799,86,,7,-1,59.29,02-03-2026 20:19:35
800,37,15d24e21-cb69-4643-b730-50562fc5f657,3,2,18.96,02-07-2026 22:32:04
801,150,,10,-1,36.52,04-05-2026 06:18:55
802,186,,7,1,14.31,2026-01-03T10:41:41.246479
803,65,629903e6-324d-4c01-8c28-6b29bc698e3e,5,-1,68.57,2026-06-26T00:20:53.346885
804,108,86c6be7d-65fd-4042-833b-23d3932fd527,7,1,5.03,01-05-2026 10:40:45
805,281,0377bf22-6dba-4ba6-b5f5-a929eeb2ed4a,1,2,50.02,2026-06-07T22:54:48.875522
806,54,,10,1,3.85,28-04-2026 17:08:43
807,159,7c10725f-7d98-4a9a-8807-d390f1405d0c,4,-1,24.84,2026-01-08T02:28:13.661488
808,68,23d99e38-b45b-46ad-80ef-f8d6579f36a7,1,1,64.67,21-06-2026 00:30:36
809,244,,9,2,52.6,2026-01-12T10:02:28.683752
810,277,309c9daf-ef06-4461-ae79-2b6be0abea03,10,-1,42.94,12-06-2026 20:57:51
811,269,,6,2,51.67,2026-08-09T22:15:09.801034
812,227,,6,2,22.28,31-01-2026 12:23:45
813,6,29a241c8-5019-48fd-b736-4f706b55d92d,9,1,31.11,12-07-2026 12:01:36
814,274,ccf60f25-047a-46a1-8b86-41b89d56caa7,8,2,26.46,07-06-2026 13:59:55
815,150,4e15b4f9-a403-494f-bf99-96d5d76858f0,1,-1,34.23,16-06-2026 08:12:59
816,288,,7,1,12.14,14-07-2026 10:23:22
817,194,0bf208be-cd64-4c46-a832-f466254ebd64,5,1,39.34,2026-04-19T18:53:39.634289
818,265,,5,-1,73.01,02-08-2026 05:15:10
819,212,af43568b-3b07-43a5-bd74-1625d5a115e3,2,1,9.35,2026-06-27T17:45:51.559752
820,234,,5,-1,60.39,2026-07-12T08:46:13.515790
821,165,d7dde9f1-6674-4838-8f92-f5d1fb014b61,3,1,96.82,2026-04-14T12:22:27.638363
822,96,04fb6b05-ad18-43c1-8657-e4772e08b3e8,5,2,8.13,05-03-2026 16:05:50
823,5,9a98b30c-b37c-4dd6-aafe-04de9f47e4cf,2,1,-3.45,2026-02-10T21:05:42.653209
824,176,,5,2,99.79,15-07-2026 19:34:00
825,17,,2,1,0.88,15-07-2026 06:14:55
826,37,,3,1,89.05,01-06-2026 12:27:43
827,196,5e952fdb-f240-4965-878b-ae64b03e6ad9,2,-1,21.14,29-06-2026 16:35:18
828,127,8e0c1141-ddf9-4fab-b721-68db9f89246d,4,2,72.21,2026-08-12T22:19:03.203698
829,267,41ddc579-0d49-4dbf-b4b6-cecb0d78768b,8,2,66.55,21-03-2026 06:25:45
830,166,85bebc2b-5d2b-4b84-84b0-6d7736cb7bf1,1,-1,93.43,2026-06-04T08:41:21.666983
831,130,,5,1,32.84,2026-02-07T16:10:32.285432
832,112,c0dba191-fe59-4042-9430-f9847a54eeb6,4,-1,40.59,2026-03-15T23:26:13.417278
833,86,,10,1,36.56,2026-07-01T21:31:39.105736
834,5,0a69ea5e-6731-4e75-8de7-d573209ddb16,10,-1,44.9,2026-07-26T21:45:20.582578
835,191,53a75261-8c05-4f87-b86c-0f33e3e5298d,4,1,47.49,09-05-2026 11:42:19
836,31,0a6716df-8606-45b8-8b41-42d75e07d83c,6,-1,11.16,2026-05-28T13:50:47.181175
837,65,,4,2,98.08,25-04-2026 21:55:37
838,225,95f944fd-11de-46fc-8034-eedf75fe080e,1,-1,34.67,2026-03-18T04:45:34.417910
839,129,a1fb053b-cc39-4fe5-aed1-303080368aec,8,-1,40.94,08-01-2026 14:49:32
840,278,,4,-1,14.6,10-05-2026 12:13:56
841,166,,5,-1,91.02,2026-07-23T16:40:21.130068
842,36,d2d0cf0d-f25d-460f-84ed-b9aa392463a8,8,2,81.04,05-01-2026 20:12:33
843,233,1e300e38-a46b-4660-bd8a-f8c7032129f0,9,2,72.03,2026-06-14T15:30:56.409440
844,187,ff165ab3-5500-417e-91fa-1da1affff618,6,-1,1.65,08-03-2026 18:12:21
845,98,,9,1,59.37,08-01-2026 07:03:49
846,210,,2,1,49.94,2026-07-30T14:21:29.479447
847,23,b27b991c-9238-4767-9129-74f41372b9be,3,1,16.22,09-05-2026 22:18:19
848,99,0cd6cd6c-3e98-4fa3-8ddb-7d9910270456,1,-1,62.38,17-06-2026 11:39:28
849,251,,1,2,18.18,2026-07-26T06:53:25.382821
850,7,eeef6a87-82c9-4977-a5ea-b416a81e078c,8,1,44.15,2026-07-23T09:34:55.125901
851,185,,6,-1,1.12,02-04-2026 05:07:20
852,271,0488fbbf-f002-49da-8637-c32d43392ad1,2,2,3.18,2026-01-10T03:02:28.611821
853,266,4e2e0095-e315-457b-8f99-638da06101f0,2,-1,19.26,01-06-2026 10:27:12
854,98,aa5efdc3-8bdc-4a7e-96e8-e27b7e416276,9,-1,21.12,2026-07-01T22:59:16.105555
855,286,,2,-1,55.54,18-06-2026 19:06:53
856,219,e5a1b91c-3471-44db-8d58-f01b3a29fb17,3,1,52.75,13-04-2026 00:05:55
857,81,,6,2,52.76,19-03-2026 14:44:07
858,191,,7,-1,28.96,2026-05-28T23:10:41.511478
859,289,3bd2eab8-ce54-41ef-b818-4955bb7b716e,7,-1,92.25,22-05-2026 13:25:46
860,185,,8,2,-4.98,2026-06-13T16:42:48.424004
861,146,4f04a1df-52f6-46a4-bba9-634e58118708,9,1,99.31,13-01-2026 04:18:56
862,4,,4,1,84.85,2026-08-07T00:12:24.923814
863,142,cf02d2a5-4bcb-4181-93c8-be3f9e139e8c,2,1,43.34,2026-02-21T01:51:57.611392
864,71,,6,-1,21.23,04-08-2026 21:32:59
865,154,5fd84cf0-1365-4800-a0f1-6f3b662c4d8e,10,2,54.75,2026-04-03T00:40:37.843756
866,40,,8,1,46.27,2026-06-21T13:52:11.186007
867,154,30362b0f-5cde-43d3-94c4-b31e67957a6e,10,2,3.24,2026-08-13T01:11:54.266341
868,172,,7,2,92.68,2026-05-20T05:45:26.617184
869,117,0855584a-f5c3-4433-8d12-cc8c4e41f728,7,1,27.0,2026-04-21T14:11:58.377328
870,164,9e830559-bb8b-4915-ad2c-0454a6c508dc,6,-1,68.27,2026-04-29T14:37:24.565188
871,26,,8,-1,55.4,2026-05-13T16:39:50.823967
872,114,,5,2,10.54,07-02-2026 05:52:47
873,43,,10,-1,0.18,05-05-2026 20:49:42
874,135,68993413-1ac1-4093-83f2-4a12f10faf70,7,-1,40.62,2026-07-24T13:29:41.702049
875,70,,9,1,46.23,2026-07-27T23:27:57.021890
876,288,cf49dae5-e893-4fd3-97be-3cbb750544e3,4,1,22.96,21-04-2026 18:46:01
877,166,bf06ca43-5a02-4871-a3e8-a47ccd3c235e,2,-1,38.43,27-02-2026 20:04:02
878,179,ae4b708b-7139-461f-8290-839dc0c42713,6,2,57.36,2026-01-07T15:55:17.796075
879,157,0e9be84d-b1d5-4b44-bc17-860b0710669a,6,-1,81.27,29-05-2026 15:37:45
880,75,,1,1,15.97,07-01-2026 12:37:04
881,80,26ae2695-6c45-4300-919e-c61379a7a6c1,2,-1,0.73,2026-06-01T12:19:15.131402
882,148,f1786b68-3c5d-405b-90a5-a2a46540e991,6,-1,79.45,01-01-2026 16:35:38
883,231,,1,2,16.95,2026-07-07T06:14:55.165844
884,105,,9,2,60.42,2026-04-02T08:59:23.637032
885,10,,10,-1,50.31,03-01-2026 12:28:39
886,88,746c054d-c79b-4ba3-a2db-bee97401bbdb,5,1,77.86,06-03-2026 08:47:34
887,28,,1,1,35.81,16-03-2026 04:29:13
888,185,7356be2a-9376-4b78-862e-4ce40f93a8df,1,2,86.08,18-06-2026 10:13:22
889,119,,9,-1,5.46,15-04-2026 14:11:47
890,249,a36e7d11-d10f-4f72-b8ac-5d5fbcf1f60a,3,1,47.57,23-07-2026 15:19:01
891,288,8aa400a6-e70d-487b-9a3e-ae6b60a22203,1,1,91.84,27-02-2026 11:24:33
892,171,,7,-1,11.49,19-08-2026 01:29:13
893,181,,5,1,99.58,26-03-2026 07:56:19
894,32,,7,1,94.13,09-06-2026 19:11:22
895,116,746ac9c4-f981-4a28-9e24-7c2c5b3906be,6,2,63.98,2026-06-14T05:36:51.826467
896,196,390813d4-c359-41d5-8b45-e641f19624dc,7,1,55.15,24-02-2026 17:26:16
897,160,,8,-1,8.84,2026-03-20T20:09:37.934847
898,298,1bab443c-07b7-4b94-97bc-99191dab959d,3,2,67.3,2026-03-09T09:18:48.918786
899,221,268013dd-0508-4578-be84-c1b9a0027c19,10,1,28.34,2026-06-18T13:38:28.007509
900,95,,3,-1,-1.9,01-04-2026 10:21:42
901,212,,5,2,73.29,20-04-2026 10:31:57
902,78,1b9f686d-06bd-4277-8d87-4abe6eab992c,2,1,14.4,18-04-2026 11:56:36
903,291,e34ed2db-cd01-437f-ba5c-a0c9ce6202d7,10,1,19.25,2026-06-19T16:45:59.154787
904,184,04e46ce3-3197-47b9-aec9-95707c0d044f,8,1,47.74,23-03-2026 01:03:02
905,192,aad8e286-f647-4f3c-9371-abc3fa5cb7ed,7,2,44.75,2026-06-26T01:09:29.841521
906,99,9b8efc45-d903-4c01-bbec-7a3b9da03ecd,1,2,75.28,2026-01-02T00:51:01.719244
907,139,,4,-1,65.49,2026-08-01T05:42:35.187151
908,105,1230f2b4-7ac7-4240-8a9b-a27a1c59881c,3,2,86.05,18-02-2026 13:21:35
909,167,,4,2,37.51,2026-06-11T21:12:47.593610
910,195,,7,-1,93.61,2026-07-18T06:13:16.293683
911,267,6563be4d-90ce-4074-abfe-41d35ee9d7ec,8,2,81.84,2026-05-16T17:38:41.515874
912,126,,1,-1,35.68,2026-01-21T06:10:13.533213
913,98,,8,2,87.86,15-04-2026 19:16:13
914,237,3ea997a4-f9e2-497b-b3e3-2137a97ab89f,7,2,59.38,2026-02-17T18:29:55.724996
915,265,85dde43f-19ba-446e-a4a4-a790c4a36c91,8,-1,42.43,2026-03-20T07:00:17.938152
916,93,65619265-e68b-4ebe-aefb-a0acda869ced,7,2,28.96,2026-04-15T13:16:56.998757
917,92,,10,-1,89.06,17-07-2026 17:23:49
918,47,,6,-1,63.1,2026-07-11T14:27:48.873645
919,64,f0ddef15-18ca-4792-9d91-a04ae1972cf2,2,-1,42.19,18-08-2026 02:10:01
920,44,,9,-1,94.72,14-07-2026 05:17:42
921,282,,1,1,90.79,2026-05-28T10:33:31.663953
922,84,6cd45529-91da-4d64-b446-dd42096c453a,3,-1,0.39,16-02-2026 23:32:05
923,159,,5,-1,13.97,2026-05-07T06:03:14.368302
924,104,52ee82a9-8003-4380-ac4d-504edf6f15ad,10,2,-3.72,10-06-2026 04:17:16
925,256,360fd535-1829-4914-8c80-88952d3be9db,10,2,19.98,05-06-2026 23:33:43
926,233,,8,1,58.13,2026-07-12T16:36:47.142920
927,126,,10,-1,53.54,2026-02-16T05:27:02.848700
928,26,555f612a-95b5-4e60-b8b7-f7f1f79b712d,3,1,63.59,2026-05-07T17:51:57.949476
929,75,4486cf8b-5496-4042-946c-9881cc051fd7,10,-1,26.34,2026-06-07T22:11:43.421667
930,26,213877f4-d71f-4589-9c3f-21f2008f54d5,7,1,11.94,03-04-2026 08:12:13
931,294,00341f8f-f987-4c86-bfc3-50c3ee739104,8,-1,55.79,2026-04-14T12:12:29.538138
932,48,,6,2,89.24,2026-06-28T18:49:40.883162
933,219,7146d582-c828-4a29-aede-344267f4cb38,5,2,9.13,14-01-2026 00:19:32
934,169,,9,1,68.06,2026-04-30T07:03:16.545408
935,56,d85e2bfc-c5fe-48c1-9c48-a08bea9bd5e7,8,-1,67.31,14-01-2026 00:44:21
936,219,,5,-1,55.39,03-05-2026 21:29:11
937,67,,9,-1,61.35,22-06-2026 05:04:29
938,93,3d193f1a-d7f1-48a9-b7db-885a8b7c4578,5,1,-4.83,2026-04-20T00:28:03.088185
939,239,493536bd-0add-449c-bb57-dbd518dfe3b6,4,-1,99.89,16-04-2026 02:19:05
940,24,,6,-1,79.63,2026-01-29T22:49:16.234761
941,6,7952d2b0-ba83-4a4d-b6f2-7ca7b9dabbaf,5,2,77.97,03-07-2026 07:40:38
942,154,,1,1,67.01,13-03-2026 04:20:43
943,203,8a0b4c38-e01a-4250-a95f-590be9878a42,3,1,29.7,29-04-2026 22:25:47
944,246,,1,-1,9.25,2026-06-20T05:35:27.562968
945,236,,8,2,92.42,2026-07-12T03:19:16.620712
946,267,,10,-1,66.21,2026-01-24T17:29:07.018970
947,107,,6,1,96.81,20-01-2026 23:29:20
948,16,,7,-1,51.1,2026-06-04T14:21:48.453297
949,293,,3,-1,7.27,09-04-2026 10:06:36
950,162,09e8d6ea-9fb7-4c4d-938c-0a7e1f3c8708,5,2,4.11,2026-01-21T04:33:26.025897
951,191,,5,1,50.14,2026-04-23T11:04:32.616287
952,58,,1,1,90.9,04-04-2026 04:10:56
953,260,9142d883-3f18-4a71-a1be-d091f57aece0,8,-1,11.18,23-02-2026 22:31:35
954,248,,6,1,75.8,2026-04-19T12:23:47.534994
955,265,05955cfe-9d40-4ccc-a3f1-5f7529f8b05c,4,-1,-1.16,28-01-2026 06:36:21
956,268,1dedb21e-a4b3-429d-b3af-79ce09111bd5,1,2,92.9,2026-06-24T12:41:41.101216
957,171,,1,1,49.66,17-01-2026 01:47:45
958,12,,4,2,16.06,13-07-2026 09:49:53
959,142,,8,-1,7.35,2026-05-21T18:38:54.594377
960,81,,2,1,95.62,2026-05-27T18:32:49.015004
961,106,,9,2,23.46,11-04-2026 08:02:27
962,294,263ff6e2-9e8d-4045-b26d-805a3591a5ee,3,1,27.69,23-05-2026 09:28:52
963,277,,1,1,-1.96,2026-05-09T16:37:13.414218
964,55,,1,1,39.78,2026-07-16T08:05:46.348671
965,229,,5,2,80.83,2026-03-09T21:21:07.456945
966,239,5da2ac69-a050-4a3b-9c1f-c26a080a1a19,2,-1,44.17,06-06-2026 17:46:43
967,159,,8,1,94.48,2026-01-26T17:54:31.556176
968,133,,7,1,68.46,30-07-2026 19:53:17
969,167,,8,1,1.86,2026-07-08T11:04:17.583225
970,180,,8,1,24.64,25-04-2026 02:23:06
971,295,5053f58e-6ed5-4427-8ee1-716915a061bc,9,1,37.6,2026-06-06T14:45:36.134721
972,167,47cbd64f-3fbb-42e1-abbe-86d47bf5c7bf,5,-1,43.4,11-07-2026 09:13:15
973,123,f213c74d-0db0-4763-99d0-5fd919dd3f68,9,1,97.26,29-07-2026 17:40:51
974,34,,4,-1,57.05,29-04-2026 14:14:07
975,291,,9,-1,19.8,2026-07-04T15:28:15.231092
976,294,,2,-1,57.59,23-01-2026 19:02:58
977,285,aa5d52bd-ab45-4646-b154-bf6ddbb780ab,8,1,27.34,05-08-2026 04:52:19
978,36,d717b28d-46ed-4e27-a424-985e00dab4cf,10,2,29.38,2026-04-18T22:03:59.482229
979,47,7230a5d6-435b-4609-b120-dcdaad3b6677,3,-1,89.84,2026-03-29T02:14:49.602908
980,76,2c44d8bf-29cd-4292-9db5-ac38bf8baab8,8,-1,25.61,18-08-2026 01:48:11
981,101,7bf38aff-b36b-4f16-aa29-0996ef2bbde9,6,2,54.88,26-03-2026 00:41:14
982,223,,2,-1,-4.15,23-06-2026 06:18:04
983,66,,1,2,89.61,2026-07-09T06:43:17.022928
984,1,,2,2,85.9,2026-02-13T05:35:26.652783
985,222,,6,-1,35.19,24-07-2026 20:55:51
986,223,1333ef30-b60e-497f-b629-0e954f6a088e,3,2,9.6,04-06-2026 03:39:38
987,185,,3,2,99.73,2026-06-29T12:16:08.116106
988,69,47eba603-867d-441a-87fd-a0d044a158de,2,-1,-3.35,04-02-2026 21:33:26
989,224,a30af1b5-6131-41b5-9147-36ea6d50d8a3,2,1,62.44,07-01-2026 21:47:23
990,234,,10,1,42.71,23-04-2026 05:04:40
991,283,,7,2,18.7,10-05-2026 18:47:16
992,4,,4,-1,47.68,26-01-2026 06:28:51
993,280,,1,1,54.66,25-06-2026 16:35:06
994,58,,2,1,71.67,12-04-2026 16:32:13
995,239,5a38d8b2-6be5-45c6-801a-4486dfa0be43,9,-1,4.29,04-04-2026 01:06:39
996,40,,10,1,89.88,2026-05-11T14:03:56.551547
997,241,,9,2,55.27,06-08-2026 03:15:51
998,216,,5,2,12.59,06-08-2026 08:56:22
999,289,,1,-1,44.68,2026-08-03T00:15:31.903305
1000,294,63dce2d7-8581-4d13-9c79-d7b04a0edb93,5,-1,60.55,10-04-2026 17:33:17
1001,249,d95ba89a-7e8f-4c99-b6a4-f42b8b6b354d,3,-1,3.07,10-03-2026 21:19:18
1002,130,36e017f2-80dc-4511-beb9-8655bebc91ee,10,2,23.9,25-01-2026 22:13:10
1003,8,6b726a33-eb96-47ff-9169-3c70410c4848,10,1,90.56,2026-01-26T07:18:34.058728
1004,229,,3,2,77.17,2026-05-12T19:39:24.229634
1005,249,bf5ae54a-da26-470f-8870-30997868aa01,9,1,31.0,2026-03-30T10:53:10.733349
1006,75,6463662d-0c27-429a-8e15-dd047407878d,8,2,75.89,2026-02-26T21:10:50.560492
1007,226,a52c3472-9843-4d83-8343-e5e119724c58,4,-1,72.11,18-05-2026 05:13:28
1008,28,,2,1,12.6,07-08-2026 10:26:57
1009,244,,8,-1,94.57,2026-07-26T17:18:59.638222
1010,195,,8,2,10.24,27-06-2026 08:31:45
1011,7,,8,2,66.24,2026-07-27T13:17:09.275451
1012,50,,7,-1,91.39,30-05-2026 18:31:26
1013,172,,5,1,21.81,02-08-2026 14:28:00
1014,237,8c4e9394-abb8-4996-a320-652fca5f5b86,10,1,49.59,2026-08-09T19:11:03.898908
1015,161,f89fb525-ea2e-4e35-8714-ed38ba2d3ccf,1,1,-3.74,2026-07-19T17:58:40.862619
1016,269,72f6a3e8-4347-49a7-a411-745ee0e65c2b,8,2,18.04,23-05-2026 23:50:39
1017,129,6496b2de-3468-4765-a5b8-e311e5eb965c,1,1,60.04,2026-07-23T07:09:25.951672
1018,112,dcf2e6ac-41b9-404c-b6a2-007c2ed87522,2,1,84.93,2026-02-18T02:06:36.778088
1019,193,e0ecd446-1306-438c-aea9-c3139fae8bb8,2,-1,14.35,29-01-2026 01:32:39
1020,240,2270338a-12b7-403e-8460-52d51dbac65a,8,2,75.78,05-03-2026 04:02:40
1021,132,5c33c6cb-ac59-45b4-8965-906a2471e053,2,2,76.6,05-02-2026 11:21:53
1022,199,,1,2,95.34,01-03-2026 10:25:14
1023,92,,2,2,97.84,2026-08-15T18:11:52.332940
1024,202,4b7fd5eb-59a9-4b52-af1b-a52cd71df608,8,1,10.11,21-04-2026 22:28:47
1025,112,6b4cc997-648c-41a8-9063-d139fd8aa248,8,-1,22.19,2026-01-24T08:18:01.251374
1026,38,a198de92-cc19-4bed-ad1c-46c94926b5df,10,-1,21.31,14-08-2026 05:30:00
1027,10,,3,-1,62.24,2026-05-26T05:39:10.214036
1028,200,,3,-1,29.63,21-07-2026 06:18:40
1029,295,c6416b26-1696-4c45-bf66-ad6f02bc1bac,9,-1,93.69,29-01-2026 12:38:27
1030,245,,7,-1,77.0,2026-07-09T09:53:27.064866
1031,277,c55fad65-e2cb-41f1-bc4f-27e88a662a76,1,2,95.19,15-03-2026 03:14:25
1032,63,,6,-1,26.8,2026-07-20T09:33:49.212765
1033,47,,9,2,3.45,27-07-2026 14:25:33
1034,149,50ab4637-663e-4096-a77f-9bbe0eb1eec6,3,-1,-0.87,15-02-2026 22:10:06
1035,98,,7,1,61.21,30-07-2026 02:02:29
1036,250,276918dc-14b1-4149-aba1-54802d835834,8,-1,14.89,2026-08-02T01:15:00.156140
1037,99,5e0ee173-138d-470a-bb33-aa00208b874a,10,1,46.37,2026-01-26T19:26:06.114479
1038,277,,8,-1,96.32,24-07-2026 06:56:40
1039,9,6b61bab6-4851-4d10-8fac-b029fde4c262,6,1,30.46,2026-03-02T19:22:17.353704
1040,208,afeed903-0af0-4e30-b837-7d52d1426943,4,-1,65.07,23-03-2026 08:20:28
1041,275,67c1abe2-372a-45a2-a158-f8e345fcc800,10,1,92.11,2026-03-06T02:39:14.944623
1042,73,,1,2,90.25,2026-06-13T12:31:43.135361
1043,125,e9032bf2-1706-43dc-81c3-37af55dd5e42,1,1,61.43,14-06-2026 18:02:56
1044,50,,10,1,82.71,2026-04-12T13:07:28.511256
1045,55,5575485c-4124-4704-beda-ce9535869c05,8,-1,78.91,2026-01-04T20:03:19.807743
1046,33,7298058f-8677-4d0c-a5b5-9121caa65af5,7,2,80.21,19-06-2026 11:54:39
1047,167,bffabf7e-bcd1-4f6e-bfaf-6d6b2edea9e0,10,-1,9.42,2026-07-05T22:52:37.173100
1048,24,01abbe0f-d856-4377-8589-e54845d94298,6,1,7.68,2026-06-07T21:51:22.607699
1049,213,2b7a9148-9d30-4178-b581-12e3a311f44c,6,-1,12.33,2026-06-14T03:38:20.251869
1050,298,33e23919-d19c-4928-9c7f-2e70cc001bff,3,1,78.06,19-01-2026 12:38:34
1051,81,0ff972a4-be7a-4ffc-a8c3-682e754c59f2,8,1,-4.33,2026-04-12T21:54:22.439083
1052,46,,7,-1,79.78,24-02-2026 01:22:22
1053,65,51c032bb-2a6e-455e-9e2e-da7f6910100b,3,-1,23.45,12-03-2026 23:08:59
1054,211,e55036a2-7f61-46bd-a3fa-3eb351835172,3,-1,67.63,2026-04-02T10:44:59.232133
1055,256,0cc8300d-6c69-4fc0-a61a-98692ec23b26,5,2,38.97,2026-01-31T10:38:01.760242
1056,99,f99cd5f3-3e99-4790-85c9-816327d197af,9,1,59.99,2026-07-30T17:49:42.235835
1057,238,a3b43123-3072-47df-9f86-3f6dbfcdc544,5,1,15.34,2026-06-03T07:52:20.374774
1058,243,,3,1,65.36,2026-01-07T10:54:41.323018
1059,28,,5,1,40.64,10-08-2026 11:48:13
1060,233,ba2253be-ada8-4730-8e1a-f1fbe6f8541a,2,-1,0.51,2026-03-07T00:38:58.033533
1061,81,df04e78a-23d9-44b5-b4d7-bfb487b2bc88,8,-1,7.19,2026-04-25T09:54:48.356308
1062,228,,7,1,73.44,04-05-2026 15:51:06
1063,118,eba44c4b-2733-47fa-9d6d-3a844018ca4c,6,1,5.3,06-08-2026 04:13:22
1064,103,,4,1,44.45,02-06-2026 11:06:38
1065,28,,3,1,92.43,13-04-2026 03:48:30
1066,92,,6,1,43.06,2026-02-16T05:02:18.877246
1067,184,,4,2,8.36,2026-01-12T13:20:03.143546
1068,144,f72019a4-77b8-4da1-bc9a-80f7c4f33711,2,2,43.15,2026-06-19T08:20:41.408161
1069,176,19035b9e-f2d2-4ef7-a41c-abf1fce7de30,5,-1,11.46,2026-02-07T10:47:19.869533
1070,296,a41c9df7-1263-4aa5-b2cc-ae302507241c,2,2,84.98,01-07-2026 23:11:43
1071,111,,8,2,-3.48,06-04-2026 11:40:45
1072,127,b7a969fb-9376-444d-9773-209c0c9a2416,6,2,55.84,2026-01-17T20:08:10.901241
1073,294,3a98e55b-ce3c-4065-813a-7d01ca16e2b2,7,1,-0.79,13-04-2026 04:30:14
1074,259,d5ee74be-018c-4c14-a18a-a26c2828fc06,7,-1,36.4,2026-02-01T14:23:33.919144
1075,232,,4,1,53.64,2026-08-13T07:46:52.614186
1076,209,bbef28a8-bf84-402c-9dc2-46fc31166984,3,2,26.06,2026-04-01T03:06:30.194994
1077,9,,5,1,68.85,2026-02-27T19:04:05.360602
1078,233,,3,-1,37.56,09-05-2026 19:08:17
1079,238,cd780bdc-2b5f-462e-8706-f1ff74110e83,2,2,88.81,18-06-2026 00:41:58
1080,272,1fd4467a-96cb-47b3-b840-3e0bd8fe6b76,5,2,74.05,2026-06-08T19:18:11.279936
1081,42,,1,-1,94.26,20-02-2026 03:06:14
1082,27,fa6b3276-b901-43e8-94c5-a4512edc52bd,7,2,43.86,2026-05-10T19:17:48.997116
1083,188,,3,-1,53.67,2026-08-05T23:14:21.592830
1084,288,e1303098-7d4c-4d36-855d-c5ab67f45019,3,2,20.06,2026-01-20T11:10:55.747782
1085,245,3c58e8c2-8c3e-471a-a4e5-bbdf7a8fb97d,4,2,32.03,29-03-2026 06:43:43
1086,258,,5,1,1.65,01-04-2026 08:50:09
1087,232,,9,-1,82.1,30-06-2026 15:41:04
1088,273,,8,-1,33.66,2026-01-05T23:22:23.133217
1089,97,,2,1,36.02,2026-03-18T17:27:41.394276
1090,148,cfc91190-a23c-4ddf-96f7-161a8d564d9f,2,1,23.97,2026-06-14T23:26:45.402102
1091,255,da5c0773-d0e5-4ce5-9040-e0578b897d39,4,-1,94.97,2026-08-07T13:46:18.445394
1092,151,,9,1,44.76,26-05-2026 06:42:51
1093,228,46432c0b-906a-4411-be42-04a869dc2d56,5,1,1.61,2026-05-09T14:02:07.243058
1094,267,,7,-1,30.99,13-01-2026 07:33:41
1095,249,,8,2,54.56,18-01-2026 09:17:48
1096,88,,4,2,34.05,02-06-2026 12:21:35
1097,25,2a5551d8-2ed2-4e80-824a-2bb70ce75fae,6,2,42.87,2026-04-20T07:19:04.690032
1098,83,,3,1,83.13,2026-03-11T03:42:59.530004
1099,83,03964ffd-d82d-45ec-a810-a26e7559e780,2,1,99.35,2026-03-20T21:49:35.306163
1100,226,,6,1,16.54,2026-06-05T09:48:10.392192
1101,163,,3,2,42.09,2026-01-23T06:16:16.293178
1102,274,,2,1,37.48,08-06-2026 22:16:57
1103,75,,6,1,-4.55,15-08-2026 00:16:28
1104,152,,5,-1,65.02,01-01-2026 05:20:47
1105,174,467377fb-ed94-4461-b5ca-53e604ba115b,8,1,9.64,2026-08-15T10:44:11.127264
1106,158,7aaf7707-68ad-450a-8810-aeb68484f1fd,7,-1,83.29,15-06-2026 07:37:40
1107,183,a5e2d5f1-94e2-4154-a516-11d89817cd6c,6,1,58.86,2026-06-20T05:27:51.253183
1108,299,87cf1440-b68b-4c57-ae40-1e1ae1c0770b,5,1,-2.63,05-01-2026 18:54:30
1109,45,,4,2,28.36,2026-05-08T08:33:11.647410
1110,185,,3,-1,84.65,12-05-2026 13:28:37
1111,198,,1,2,31.22,04-07-2026 17:54:04
1112,229,2e71b375-cd12-4493-93ff-bab9e16e2fe0,4,-1,88.22,24-06-2026 06:10:28
1113,227,,3,-1,96.89,22-06-2026 02:20:29
1114,213,34c3187d-d029-4d20-8e37-6e25866eea97,10,-1,4.04,2026-03-19T21:17:37.788228
1115,156,,9,2,1.94,04-04-2026 04:20:38
1116,46,c8a2a392-53f5-4fd5-b8b3-c36e9a4c0f20,7,-1,91.01,01-07-2026 01:50:29
1117,90,,10,1,15.92,23-06-2026 11:25:55
1118,149,,1,2,82.63,20-06-2026 03:59:39
1119,253,,4,1,78.08,2026-08-11T17:00:57.228584
1120,135,,8,1,63.65,17-04-2026 01:43:10
1121,214,93a18933-ab8b-41f7-8c9e-1d802e375544,8,-1,62.7,2026-02-25T00:22:25.861397
1122,62,,8,1,57.88,22-07-2026 23:27:20
1123,298,,10,2,86.18,12-05-2026 13:24:04
1124,62,,9,-1,55.4,15-01-2026 03:44:51
1125,84,5c6663ef-6f96-46d5-8ca5-4b6c5810d730,3,2,43.41,2026-01-30T22:12:46.257630
1126,183,98b32bcc-d68c-4639-ab59-22b9dc438cab,1,2,32.92,27-01-2026 00:15:41
1127,25,,5,-1,62.09,2026-04-10T15:32:10.648632
1128,264,8cbe920e-a806-4c78-bff1-9224f37cde0f,3,1,57.87,2026-03-09T15:51:54.940667
1129,279,,6,-1,78.99,01-06-2026 11:03:47
1130,186,4b3adf1d-d292-465d-84ba-c5bdd1dcb42d,9,-1,31.92,2026-08-03T13:24:25.034909
1131,7,34659d79-96aa-4684-9fef-a01a72ae51eb,9,2,34.17,28-05-2026 03:43:37
1132,211,,3,1,17.88,2026-03-13T20:01:22.039484
1133,97,d72d8175-fc4c-4a4a-a14f-b443cabdd12e,7,2,91.18,2026-06-08T21:41:38.570056
1134,68,5b2e1c66-7996-434f-b891-9326cde4fa7f,8,2,27.72,08-06-2026 10:31:43
1135,72,,10,-1,75.18,13-02-2026 21:19:15
1136,89,,1,-1,80.53,2026-04-28T05:25:45.423421
1137,66,76c33482-2435-4563-95d9-749074138bbf,4,2,8.16,2026-06-09T00:34:17.186061
1138,41,,2,1,-3.03,17-03-2026 16:05:09
1139,221,e02db64f-e307-4d06-a5d9-4144967d59c6,4,1,-1.56,2026-05-14T15:00:24.627634
1140,241,5c1e130a-7438-473e-8889-b3f763a669c9,5,1,1.96,2026-07-17T10:28:38.542822
1141,50,693ac151-fc62-489a-a785-e47bbdaec0b6,10,1,56.7,2026-05-09T13:34:08.855599
1142,95,,1,1,10.28,03-03-2026 19:20:47
1143,297,,6,1,84.79,2026-01-08T22:37:06.373848
1144,259,a6c7e045-89ff-43a2-b2cd-292b597427c8,2,-1,75.14,2026-05-15T21:48:54.431961
1145,99,,3,-1,-4.55,2026-05-31T21:58:48.311074
1146,110,,6,-1,56.88,09-04-2026 15:53:06
1147,55,2915c97f-2269-42d9-8b63-cccb4fe6dfbb,6,2,39.53,2026-08-05T06:12:29.944104
1148,209,a3727d01-b2da-4528-8871-db99f0b7d9b9,6,1,43.92,2026-05-01T09:15:32.061567
1149,254,,5,-1,70.82,2026-07-10T21:30:18.871350
1150,168,,2,2,24.78,23-04-2026 15:36:51
1151,228,da1105ff-6bf3-4009-96e1-90a9a88cdb18,9,2,25.51,04-03-2026 10:36:12
1152,97,7afee674-4893-421c-8f6e-35b9ae7a71b4,8,-1,33.58,2026-05-11T16:53:26.115967
1153,252,03430ee3-7bb2-4027-b7ce-374fd6190735,7,2,49.88,2026-03-08T18:49:50.705585
1154,62,e38617fd-6499-4104-bbad-96c078cae1d2,7,2,67.98,2026-03-18T02:04:22.729185
1155,87,68c31b05-75b8-4391-9b46-a1d65a0fbe9e,6,1,30.56,29-06-2026 17:12:04
1156,63,0f3ad09a-aacf-4e0d-abf3-de25486a84c1,7,-1,47.41,15-08-2026 03:17:43
1157,205,,8,-1,58.33,22-05-2026 10:47:51
1158,249,,3,2,6.34,21-01-2026 23:35:09
1159,251,,4,-1,93.95,2026-04-13T02:03:49.523182
1160,51,da3c27dc-5ae1-406a-878e-87d84ea956b5,2,2,66.2,2026-05-19T09:05:13.836119
1161,196,,3,2,60.31,2026-07-13T12:22:06.912773
1162,40,,8,1,25.82,02-06-2026 05:33:56
1163,252,,9,2,80.0,2026-08-02T17:27:10.762846
1164,17,,2,2,42.26,01-07-2026 01:40:31
1165,227,,1,1,13.57,10-04-2026 19:04:48
1166,85,,7,1,27.81,30-06-2026 09:39:08
1167,250,b470abe0-c1b0-49fe-91cc-d888d48204c5,10,-1,46.51,04-08-2026 14:22:59
1168,244,1f6ab0f7-6158-41bd-a66d-7822f2915a59,9,1,36.1,09-05-2026 03:10:01
1169,194,,5,2,1.45,2026-03-17T17:16:03.714249
1170,66,,6,-1,56.32,07-08-2026 06:18:05
1171,195,b35ee3bf-c3eb-4e9b-9d4a-1a3bd2daf957,7,2,99.15,13-08-2026 12:35:52
1172,180,a0fa96f3-175a-4574-a8ad-cd7915c6a671,4,1,19.64,29-01-2026 02:52:24
1173,44,e559302e-095b-45d5-950b-028b66ce6dc0,5,1,30.45,2026-08-04T14:00:09.690898
1174,276,,1,2,64.07,15-08-2026 15:12:01
1175,291,,5,1,68.08,2026-07-08T06:04:09.542199
1176,163,,10,2,28.85,2026-07-10T22:10:17.451186
1177,251,ae1ba782-f0c5-4ff2-b544-8f5f6897af4f,4,2,47.16,24-04-2026 18:39:56
1178,86,,6,2,16.18,2026-08-09T14:05:42.040261
1179,275,59987840-c4b6-4378-8196-0d8612053221,5,2,-0.01,02-07-2026 17:05:58
1180,116,3b33abf3-1285-4705-b2fd-f4e0b87a09b3,10,1,57.15,18-02-2026 14:56:18
1181,35,,7,1,31.47,2026-01-29T01:51:51.559304
1182,155,,7,-1,51.69,2026-05-13T08:25:56.233276
1183,213,,5,-1,49.11,2026-08-04T11:18:28.168811
1184,10,f1c815ad-1901-4ad7-9f16-28639b771e37,10,2,17.36,13-04-2026 17:11:15
1185,138,,10,-1,60.81,2026-05-31T11:43:58.129870
1186,187,,3,1,10.8,20-02-2026 08:52:58
1187,223,,6,1,61.56,09-06-2026 07:02:44
1188,137,,3,2,67.12,2026-03-04T06:24:25.793698
1189,208,8d6a0966-c6e1-4bd0-8965-3d15ecfd81fe,2,1,15.15,2026-02-03T04:14:36.389810
1190,159,,8,-1,99.09,09-07-2026 10:38:03
1191,19,034b9f90-4ea4-4031-9e84-5bc84e64c639,3,2,9.33,30-06-2026 23:32:21
1192,143,55f89e92-1f39-4443-9a2e-44cefd845149,1,-1,46.01,2026-08-16T20:42:55.802816
1193,29,607ed203-c66e-4f67-8488-82e76b8a3e07,6,-1,26.29,2026-03-19T09:37:41.276253
1194,209,,2,2,94.03,2026-07-27T17:43:50.865184
1195,121,760d849e-d07d-47cf-bb4b-ef6f7a543aa0,10,-1,47.53,2026-04-19T08:11:49.840002
1196,268,,8,1,20.0,2026-06-23T08:28:40.576498
1197,161,,10,-1,35.94,2026-08-03T00:50:08.394188
1198,217,c138c7f6-9fe1-4539-b5f8-b650f0760000,3,1,13.39,17-04-2026 11:16:53
1199,226,,5,-1,0.87,09-03-2026 09:37:00
1200,58,,9,2,44.86,2026-02-21T08:05:28.770130
1201,143,cb1ab590-9cd9-4814-92e1-c5816625b30a,6,2,70.15,22-05-2026 07:02:08
1202,11,00a7eaa5-14d2-43cf-944c-b98750db3679,1,-1,91.33,2026-08-07T13:03:17.578680
1203,130,,5,-1,95.64,07-01-2026 04:18:24
1204,63,55c2f713-c89a-494f-b7c5-743be168d8ec,8,2,-4.17,26-01-2026 13:05:30
1205,131,,2,1,26.23,2026-05-15T03:35:58.798255
1206,225,,7,1,23.77,2026-04-27T18:36:16.525903
1207,252,,7,2,70.33,2026-06-05T12:48:29.232862
1208,83,,9,1,31.94,02-08-2026 02:15:38
1209,233,1c216842-bf23-42a6-856b-ceae9cae918b,1,-1,62.37,24-01-2026 02:26:01
1210,70,0cef529a-0b20-4fd4-ac8d-2e090759fac9,7,1,60.97,19-07-2026 04:36:20
1211,295,15e1f11d-ad65-411b-b3c4-494b4a32d498,2,1,21.21,2026-06-28T10:34:01.874533
1212,211,,8,2,86.72,2026-01-22T21:17:17.299693
1213,134,af184aca-8738-4ccb-ad21-2f6f8e37fcaa,10,2,78.95,2026-03-16T06:24:24.292905
1214,44,,6,1,36.32,12-05-2026 14:30:07
1215,293,99e2237d-a267-4444-9811-afbbd90d26b2,1,1,91.93,2026-01-08T19:55:51.370184
1216,46,,4,2,68.63,2026-04-21T07:37:57.157321
1217,26,,10,2,58.04,2026-06-17T12:09:32.849723
1218,46,,3,-1,7.32,10-04-2026 08:38:50
1219,233,,2,1,69.92,2026-01-26T01:15:53.550429
1220,137,,8,2,8.67,2026-06-16T10:58:57.017839
1221,111,,4,2,13.94,2026-01-23T07:45:31.033649
1222,15,,5,1,59.86,2026-06-24T06:54:21.870230
1223,190,,2,1,44.23,25-01-2026 09:38:32
1224,204,f7ab3bc2-9de9-4656-b7e0-a65651e74b75,7,-1,39.45,14-02-2026 13:24:51
1225,38,fd73e802-2807-4769-9e29-41993d35675f,9,1,0.47,2026-05-15T21:49:20.173996
1226,242,,10,-1,96.56,2026-06-05T06:28:22.076996
1227,3,,9,-1,35.0,29-07-2026 04:50:45
1228,190,86cbd79a-e292-48d1-ae75-1d357468f95f,9,1,55.95,14-02-2026 18:32:35
1229,87,,6,2,8.85,05-03-2026 15:01:00
1230,272,,3,2,7.27,2026-04-05T06:38:06.566907
1231,66,,5,-1,32.86,27-06-2026 12:52:30
1232,145,,10,2,49.28,17-03-2026 01:19:48
1233,85,,8,1,53.35,02-06-2026 16:32:20
1234,28,10a350b4-f2a5-45dd-af64-2ccdc8ed2fe4,3,1,19.14,2026-07-28T01:14:54.306439
1235,241,,3,-1,44.05,2026-03-31T05:34:00.131681
1236,254,e1567331-73cc-4cb2-bd7f-3ade3962b8ad,8,2,98.83,02-08-2026 05:37:16
1237,235,,2,-1,86.02,2026-05-05T15:45:11.242502
1238,179,7acccecf-53f3-4a9a-b2a4-9ffec4fe5ca4,4,2,13.97,2026-07-29T06:44:45.226425
1239,261,,10,-1,56.5,2026-05-03T12:11:01.331082
1240,270,6a9a7c4f-17f0-4302-bc80-e5384a6fe6b1,7,1,20.85,16-07-2026 04:54:32
1241,49,,1,2,66.54,2026-07-06T19:26:04.463637
1242,202,,10,1,82.88,2026-01-25T14:02:18.329307
1243,15,dfb9d158-51cc-4653-a208-b2590c33f3e3,8,-1,64.25,13-08-2026 14:47:21
1244,138,5eac35db-eb23-4c37-b5ae-67a08772766b,6,1,63.9,28-01-2026 09:20:50
1245,167,a79df0af-e090-4b4c-8782-44423fbaf738,4,1,79.16,29-07-2026 16:39:52
1246,166,3afdfccc-5c82-466c-a35d-809743d7e480,2,-1,94.95,27-05-2026 04:10:58
1247,48,,5,1,20.21,28-04-2026 15:24:09
1248,46,4c9e403f-1958-4b1b-95cd-2b1f61585f52,4,1,35.79,06-06-2026 17:50:23
1249,146,14acaac8-2f89-45e6-8f2b-8129c3e0a657,2,2,46.54,19-07-2026 08:26:28
1250,159,b6b0b887-be2d-4037-9840-a8d2cc8d6acc,6,-1,5.09,24-03-2026 23:36:20
1251,263,ab30a0f0-c725-4bf1-9d37-9a9ed8b5ec4b,8,2,87.97,26-02-2026 20:50:38
1252,138,,2,2,80.15,2026-04-08T21:04:58.816971
1253,223,,2,1,48.9,19-02-2026 23:50:26
1254,115,d1a6ac73-af64-4d38-9042-bd49c3687c9d,8,-1,61.1,2026-02-16T05:28:23.930534
1255,149,,7,1,90.26,06-01-2026 09:00:40
1256,154,9f1d4fac-cf16-428f-8812-5b6c20917b8a,3,-1,89.8,2026-04-04T07:33:59.762077
1257,268,,5,-1,0.01,2026-03-11T17:47:32.959314
1258,24,fe6aa796-42f7-4805-9a40-66b2d8ae6899,9,2,38.37,23-01-2026 14:32:03
1259,292,,6,2,56.48,2026-07-16T05:27:08.980414
1260,59,,3,1,83.51,2026-08-08T22:04:16.123065
1261,43,,5,2,56.66,24-03-2026 17:31:27
1262,231,,6,1,17.16,2026-03-26T09:15:41.913407
1263,133,ca3fd3c9-aaca-4cc1-8f5f-a48c0d752362,7,-1,-3.12,24-05-2026 01:14:17
1264,60,80e281a1-2389-48aa-b8c7-2b5bbd26cf59,3,-1,45.1,01-07-2026 09:06:58
1265,250,,10,-1,32.88,05-03-2026 04:51:38
1266,155,d43cb004-a0d8-42b2-931d-763c1b5c4c3f,3,1,-3.54,2026-03-24T12:30:51.364137
1267,9,0363701f-aecd-4789-a682-a2a5a70b198a,1,1,45.52,2026-04-04T10:19:03.564750
1268,124,,9,1,4.04,09-08-2026 03:14:05
1269,76,,7,1,7.23,2026-04-23T19:20:33.954608
1270,228,,8,1,85.28,2026-08-05T00:35:43.214289
1271,104,,10,2,0.35,2026-01-09T10:25:25.944491
1272,53,,7,2,72.39,19-05-2026 23:02:36
1273,19,,7,2,48.9,30-03-2026 16:51:47
1274,119,12d5d48d-9d4b-43e5-b179-67510bc5bd91,9,1,39.31,02-07-2026 15:18:27
1275,284,52dd8bc2-3b6d-4708-99f4-98a1d4c94467,5,-1,38.8,17-03-2026 15:36:45
1276,60,,10,-1,31.41,14-01-2026 11:37:34
1277,11,63a02e2e-5ffe-4f46-8a0f-69359d268e57,5,-1,15.18,21-01-2026 19:11:15
1278,225,5c7951ab-6bf6-4589-b382-62301400b31f,9,1,56.7,04-08-2026 13:39:55
1279,240,c9b85755-7a96-4c2e-a723-cc799c2c254e,5,-1,69.7,21-04-2026 21:22:53
1280,185,,3,-1,16.76,2026-08-01T06:20:09.939848
1281,248,b4fb78e2-1c73-4fa1-bf3f-9393fe1bcc4b,3,1,11.41,11-01-2026 19:16:21
1282,52,,8,2,19.65,2026-06-21T06:26:56.772125
1283,10,,5,2,66.08,2026-06-07T12:05:23.034581
1284,258,3f886624-5029-491e-9e8d-1b38812a4244,2,2,40.22,2026-08-01T08:51:20.106455
1285,62,f2fbef01-63d5-4899-85f6-66bb4042661e,8,2,99.33,10-08-2026 10:00:26
1286,24,,3,-1,86.74,2026-03-12T11:15:59.454792
1287,26,,8,1,97.34,2026-05-10T13:08:15.556693
1288,288,36713bae-894a-4308-9724-9d060ad9e868,9,1,12.54,2026-02-17T11:48:22.111086
1289,106,,3,-1,25.67,04-08-2026 07:19:54
1290,260,,2,1,62.94,14-01-2026 00:26:00
1291,71,4ccf007f-5b9a-497c-b0ed-997b64b0ad93,4,2,96.81,2026-03-05T13:33:47.038714
1292,126,,6,2,48.03,2026-06-01T23:25:27.645276
1293,137,,7,2,61.09,2026-06-03T10:43:16.244508
1294,78,,4,1,79.19,07-06-2026 21:30:56
1295,210,,9,-1,32.99,2026-08-17T05:31:52.356003
1296,227,0b2bf545-ff7b-4f41-a5ad-3c6bc4de30e8,1,-1,79.66,2026-07-05T04:06:41.700174
1297,44,,6,2,98.1,2026-02-05T05:37:33.565658
1298,223,41e6b7c6-9709-4344-a342-3da44d0f7b08,7,1,64.32,2026-06-22T00:57:08.801549
1299,295,2db7b00b-0397-4dc7-8b3a-e7c3bfef6cad,9,2,39.03,16-03-2026 07:27:51
1300,161,,1,2,89.52,2026-07-11T23:12:24.073942
1301,207,,4,-1,60.56,29-06-2026 00:58:56
1302,177,,4,2,3.85,25-03-2026 07:13:24
1303,200,77e15ada-e6b7-4698-89a6-169d07435981,9,-1,24.81,2026-05-16T21:22:30.753682
1304,262,,9,2,74.49,2026-06-12T10:00:31.677984
1305,12,59298b48-88bd-44d3-af70-ae4ff5b71554,9,-1,22.16,12-02-2026 21:14:33
1306,217,26b0ee54-3aa8-47ef-9051-7a745669e7dd,1,2,22.27,11-08-2026 13:54:16
1307,64,14c80a2e-7e5f-40b1-a8c3-df4803e457d8,2,2,26.29,2026-03-07T22:21:00.799500
1308,233,,4,-1,98.85,2026-08-15T11:24:02.773209
1309,180,,5,-1,77.4,2026-01-18T22:03:23.886169
1310,194,3127d296-5e9e-4ae0-a753-8f83cf7e51d4,2,2,49.23,2026-08-19T00:12:27.770408
1311,185,,2,1,69.72,20-04-2026 02:41:45
1312,42,1e4bb356-6afc-4b4c-a5be-01469dec243a,1,2,88.29,08-08-2026 18:04:11
1313,110,,2,2,66.07,15-07-2026 10:27:47
1314,287,,5,-1,47.38,08-01-2026 01:02:44
1315,226,,7,1,10.16,2026-08-05T07:28:25.329889
1316,249,,3,-1,48.88,2026-06-09T16:50:56.070717
1317,109,,8,1,73.38,04-02-2026 13:30:42
1318,61,,2,1,33.81,07-07-2026 21:34:56
1319,21,b4b5ded3-01f4-42db-8834-198477bb8c9a,2,2,27.02,30-06-2026 04:07:59
1320,156,,8,1,78.08,2026-04-16T02:51:13.871352
1321,216,45301b70-fbc0-49d3-b267-25f204f39e47,5,2,17.64,04-01-2026 15:30:54
1322,2,cc126cc8-8f9d-42fe-bdbc-74b8f566fa7a,9,2,2.09,2026-01-20T03:10:22.404712
1323,214,,10,2,54.41,25-05-2026 12:43:10
1324,194,,10,1,75.0,14-04-2026 21:38:09
1325,231,,3,-1,29.15,24-03-2026 03:46:18
1326,199,2c81b0eb-8134-4941-a854-94721107008a,7,2,51.8,03-03-2026 20:27:28
1327,143,1f82961e-a589-416d-9061-fc556f7906c3,3,-1,-2.4,28-02-2026 13:14:32
1328,288,5f59fc1c-0b97-4544-b44f-becae91e84bf,9,1,15.2,2026-04-15T21:20:13.124906
1329,292,2831b5a6-809e-47e2-b63f-cb17e1b9916f,8,-1,89.17,2026-01-30T20:51:43.166296
1330,273,3d0bf459-6e69-45df-bd6a-8332381397f5,1,2,77.61,2026-08-15T15:39:28.470924
1331,297,,2,-1,58.72,30-05-2026 11:10:48
1332,24,,1,2,40.89,16-07-2026 04:55:33
1333,13,,7,2,4.56,2026-07-20T04:12:48.544601
1334,278,8a82aaf0-a073-47eb-bec9-2e367c44bee7,5,1,14.18,2026-04-04T05:28:08.490471
1335,79,,7,-1,12.77,26-04-2026 09:09:23
1336,93,77b615af-3cd1-409d-a51a-ccf6878a5164,1,2,35.94,08-03-2026 19:35:27
1337,73,,6,2,34.43,2026-04-30T00:13:53.321674
1338,27,3154c2cd-e4da-48c9-9082-3da4368898aa,4,-1,56.53,04-07-2026 03:45:49
1339,261,,2,2,1.37,20-07-2026 14:01:44
1340,284,,2,2,-1.96,2026-08-07T12:00:11.456862
1341,10,,9,-1,65.89,2026-02-13T08:53:47.396699
1342,285,62e6acfd-3439-49a1-8e0e-19738920e08a,5,-1,37.71,2026-03-05T05:49:08.275458
1343,257,b5580e02-f484-4b57-880e-9e9cce4022fb,3,2,51.75,2026-01-18T14:54:03.589501
1344,126,,9,2,-0.61,20-02-2026 07:41:53
1345,149,98b796b4-aa6e-44d9-a63c-d37b5ac55d38,1,1,93.02,16-06-2026 19:25:30
1346,140,,7,2,83.46,2026-08-12T06:07:05.222246
1347,300,,1,1,72.61,2026-04-03T04:53:04.152040
1348,154,d8a8d1b9-da0c-4a0e-8aa0-18fb668b7bfb,7,-1,7.91,2026-03-02T04:38:48.852953
1349,285,,7,1,59.1,09-05-2026 20:07:06
1350,176,,8,2,20.82,20-01-2026 13:45:50
1351,175,5958129d-c268-4b57-bf48-91d3bd870c68,8,-1,29.49,2026-04-04T12:52:43.540499
1352,2,,1,1,65.63,08-06-2026 11:30:07
1353,285,,7,-1,3.52,2026-05-28T03:04:38.899191
1354,276,580d37b4-d6a6-4b84-b80e-60a22ee42fc6,8,-1,7.96,15-02-2026 01:58:52
1355,184,,3,-1,98.3,2026-04-23T06:08:58.047990
1356,237,,4,2,-4.02,2026-05-17T19:31:50.204387
1357,144,,4,1,80.71,15-06-2026 14:28:16
1358,114,f638fb6a-1f60-4e83-b319-1ab014d6a8b3,8,2,-1.14,24-02-2026 05:13:18
1359,108,89ab5b31-dfa8-4f6d-a14e-1f16bb3559a7,4,-1,36.59,11-02-2026 17:08:00
1360,292,,3,-1,15.35,2026-08-08T16:21:41.841850
1361,34,e7ae979e-6fd5-45d6-b08d-bfa495611139,2,1,22.26,2026-05-04T06:44:41.045549
1362,268,,4,-1,-2.57,07-07-2026 19:11:06
1363,287,,1,2,62.3,2026-05-13T18:34:03.091482
1364,166,,7,2,7.78,07-08-2026 23:53:24
1365,254,,9,1,87.8,2026-02-11T11:02:22.685967
1366,25,,7,-1,42.13,2026-03-28T22:39:37.841141
1367,201,0815c4ad-2ac8-4a23-86ac-b704dde4acae,6,1,87.41,2026-08-09T21:17:48.236562
1368,116,,2,1,15.67,15-07-2026 02:28:42
1369,160,ec1eccd6-1003-4403-bdff-b7b1a3c89f29,2,1,45.4,2026-04-28T14:54:21.870078
1370,172,,4,1,44.73,08-01-2026 09:46:51
1371,28,,9,1,94.07,06-07-2026 06:00:02
1372,49,,10,1,3.98,2026-04-15T11:09:55.017075
1373,18,,6,-1,1.83,2026-01-09T04:22:21.649091
1374,32,,1,2,59.13,26-06-2026 09:47:22
1375,34,fcf6b7df-87ed-47f1-b425-c2950ff6414e,1,-1,0.48,14-07-2026 19:19:52
1376,206,f50d03c5-312e-4408-9541-db426cb6dba7,10,2,19.48,2026-02-28T08:42:07.056801
1377,233,,8,2,87.39,2026-03-29T16:05:29.044028
1378,174,fc96bfae-b948-4293-8b21-50f713fea2b8,8,-1,29.46,2026-06-17T04:42:06.554869
1379,56,b8574983-3d6b-4ff9-9055-73c45c09c0a9,1,-1,69.9,2026-01-12T13:54:36.675118
1380,294,403cbc2c-7937-4127-bbef-2119e4595546,9,2,32.32,21-01-2026 22:19:13
1381,228,479ed47b-3e46-465f-a01f-24ca27dacf00,4,1,78.69,2026-06-06T19:29:05.955513
1382,66,,10,2,48.88,21-07-2026 00:09:24
1383,160,3e089e3f-cc58-4449-8aee-23438803a0d0,3,2,27.41,06-04-2026 17:26:56
1384,150,,1,-1,56.58,2026-03-27T16:53:44.273141
1385,30,e9ea47eb-31a2-45a7-a0c3-389dcb2911b7,9,-1,85.16,23-02-2026 10:45:10
1386,177,de3c7260-e2d9-4bc2-aaf2-298f31c1bc83,4,-1,90.39,2026-07-13T01:55:02.972234
1387,175,bd6da6a2-2bfd-4442-9e6a-db750d3346f4,8,-1,67.64,06-05-2026 01:25:06
1388,170,,10,2,38.96,2026-04-27T07:46:51.629305
1389,54,,1,2,18.04,2026-08-06T11:44:23.269227
1390,115,572cd265-cef4-46f7-9d5c-0da44bcadd69,8,-1,17.38,24-02-2026 09:30:29
1391,170,,4,2,14.35,2026-03-21T03:19:07.611518
1392,186,bd18847f-20d2-48a5-8373-2897e0d863c9,2,2,-1.85,2026-05-26T21:33:46.473631
1393,73,,8,1,61.29,27-04-2026 06:48:09
1394,23,6645db75-fa82-4f15-a114-d45b1786984d,4,1,24.83,2026-08-13T11:43:13.370900
1395,135,5433fd2f-cb42-40c0-be4e-d105fa74af70,6,-1,20.83,2026-06-13T04:41:03.549036
1396,12,edee776f-4c90-4a53-aaea-afdbb0bf725d,5,1,-2.8,2026-03-26T18:54:39.340174
1397,195,48365080-d9fd-40ad-8bff-6e842b540451,6,1,27.03,2026-02-06T10:58:07.574375
1398,190,,3,-1,97.6,06-04-2026 14:35:30
1399,34,909c640b-cde4-42e2-9f97-d2e8c3340b47,3,1,78.46,2026-04-19T08:03:41.223730
1400,273,,6,2,57.95,2026-03-15T20:25:48.154886
1401,24,cf41432d-0829-4f7b-9fc0-ed4646dc3acb,9,2,77.91,25-04-2026 23:43:24
1402,127,697dcf38-78be-47e0-992a-a86fc37e8e87,5,1,84.41,15-04-2026 09:52:27
1403,108,e9abc570-b101-4f52-b06e-7e5c05f69cdc,8,-1,59.56,2026-07-01T13:13:35.149503
1404,261,,9,2,47.35,05-07-2026 13:49:14
1405,92,,6,-1,67.92,31-03-2026 16:06:40
1406,243,,10,2,62.0,2026-04-13T14:48:21.009224
1407,107,6b42a23a-5497-470f-a30c-b328de426e8f,4,2,85.63,16-08-2026 15:20:47
1408,112,,7,2,54.99,15-01-2026 12:56:10
1409,131,1ef3475a-16ca-4c5a-a0bb-3b41c85736e0,3,1,25.98,09-08-2026 17:39:22
1410,118,e6b6a8e7-6bd8-443a-9088-d76803f24016,8,-1,60.22,07-08-2026 21:27:03
1411,231,,7,2,33.59,02-06-2026 01:02:03
1412,163,,7,1,13.85,2026-04-25T08:18:01.189015
1413,136,38c5ae3d-f2c7-4c71-8675-0a9666e623f8,6,1,25.92,2026-06-19T08:35:28.174080
1414,142,66876732-3ae1-4920-8b2b-792f137d8d15,2,1,2.49,2026-02-23T19:04:30.777122
1415,280,acd7e882-180d-4e5f-97b6-afbf1246b2c6,6,1,65.89,30-01-2026 17:05:20
1416,155,,4,-1,58.42,2026-03-02T15:34:32.335872
1417,279,,1,2,24.59,08-05-2026 03:50:26
1418,207,,10,-1,-3.75,2026-01-05T06:11:17.867612
1419,204,b7fe44cb-1e49-4276-accc-387d5db4752d,4,-1,73.66,19-02-2026 16:06:05
1420,120,,8,2,78.15,19-03-2026 01:03:41
1421,97,,7,1,41.06,2026-03-01T01:21:31.923908
1422,192,d751c41a-6321-4cae-92dc-583a349326bb,10,1,27.09,2026-05-06T02:01:50.965217
1423,256,,6,1,39.01,23-04-2026 14:19:41
1424,276,,6,-1,-2.56,2026-05-01T01:12:09.761548
1425,72,d3e18960-cbcb-4169-8c6b-0a6df8a329db,6,-1,61.13,16-03-2026 19:23:02
1426,196,7a1146bd-9f76-4276-914d-be4e9d848620,7,1,51.12,2026-06-15T05:02:06.734846
1427,244,94edd6c1-811a-49d4-bca1-3043a6bdfd96,6,-1,96.0,22-01-2026 15:47:37
1428,48,7d019718-7c37-4ea4-ad11-063599f7fab3,2,-1,53.06,2026-01-30T08:10:44.213759
1429,251,4771bfcb-6278-4c26-ba38-c4cef4ae6dfb,3,1,2.3,23-04-2026 13:28:52
1430,146,3ab14b92-4b7e-423b-a3b1-f26c101463fc,4,2,64.25,2026-05-05T22:25:50.764209
1431,233,1109d448-fa8e-4656-bb11-59a2f44e9147,6,-1,-3.84,06-08-2026 03:23:28
1432,211,,3,1,8.56,15-05-2026 10:35:05
1433,245,88940962-0acc-46e7-b054-15c6e101490d,7,1,8.64,2026-03-04T05:04:46.544002
1434,159,,8,1,58.39,01-08-2026 13:05:08
1435,104,,5,1,-4.22,2026-04-14T12:04:40.340046
1436,229,c5581215-5c42-4371-adca-69319a402308,7,-1,79.79,11-05-2026 22:57:11
1437,292,,8,2,55.49,2026-01-06T17:28:29.669468
1438,148,,6,-1,83.48,14-08-2026 21:18:42
1439,201,b95398e0-11d5-4df3-adff-6a57d15949c0,7,1,13.86,16-03-2026 05:51:17
1440,235,,3,-1,54.7,17-01-2026 21:33:38
1441,23,d0c8fe14-14e4-48f1-b7a6-3fcb4af45b15,3,2,87.67,02-04-2026 21:12:54
1442,35,10d76be1-5098-4cc5-937c-3dbcfb839984,8,2,99.2,2026-03-20T14:13:40.015531
1443,189,5c815a01-6f1c-4ce8-83ae-90266d2bcddc,2,-1,75.49,20-03-2026 10:38:33
1444,210,,3,2,16.77,2026-03-05T23:39:36.880371
1445,237,eb1d7be9-651b-4a9a-93df-e30e66babd3d,2,-1,67.92,12-01-2026 12:15:24
1446,196,,7,1,36.65,2026-04-23T02:37:40.389433
1447,129,916f7167-c77b-4610-8d7b-1bc73d7b77bb,3,2,65.38,09-05-2026 07:41:18
1448,249,,2,1,52.58,2026-03-14T05:41:14.022706
1449,225,c83dc0ee-8c94-4c2f-8f3f-d3637631794d,8,2,83.36,2026-04-23T22:21:31.878634
1450,10,7fed523f-71e4-4e2f-b881-951e9e09f884,3,2,8.04,03-07-2026 23:08:08
1451,87,1baf97fa-3027-4dd1-90e3-4493219b3ca6,1,-1,23.69,09-01-2026 04:41:25
1452,184,1c20d7a6-4a9a-4540-a0f1-5995fc59bdac,4,-1,-1.38,2026-04-27T06:12:49.925192
1453,227,3a19de22-8b33-4249-861e-90fd6df21892,9,-1,64.57,2026-01-27T00:18:40.069494
1454,200,,8,1,57.81,2026-05-22T09:52:45.121603
1455,194,15dc7d4e-0163-4dc2-91f8-28fc9697c711,4,2,90.42,2026-01-26T08:33:38.586904
1456,47,0323fb4a-7ea3-4a9c-99b8-1afc957cadf8,7,1,98.88,13-03-2026 06:24:41
1457,99,26b076e9-bee1-4f78-9b01-91679a8a9e8f,4,1,78.68,2026-04-14T13:26:12.998179
1458,86,d88a9d7e-c54d-4521-870a-86483ba9eb58,7,-1,6.31,13-01-2026 18:01:25
1459,166,4c944430-90ea-4b02-a3f7-93ff5c8d9248,10,1,93.1,08-04-2026 00:38:22
1460,220,e87e4d2f-3488-477b-95e2-d388ff9adb95,4,1,6.12,07-04-2026 21:10:58
1461,89,89690ee6-14d8-4257-9e60-d7972b393d6d,7,-1,28.21,20-06-2026 21:44:01
1462,109,,4,1,64.09,05-02-2026 21:38:45
1463,189,456bc2b4-aa6b-4828-af78-caeb92ceccda,2,1,38.17,30-07-2026 17:25:35
1464,53,e749d500-5927-424b-aeed-b4da602c54a7,5,1,57.99,16-03-2026 19:57:07
1465,69,,3,-1,74.98,13-02-2026 02:58:09
1466,247,2ba1942b-b311-45c3-947a-5ec24ddbfca6,6,1,58.9,14-06-2026 12:36:51
1467,196,ef014a50-2f3f-48e8-b1be-b1adabb0da17,9,-1,68.99,2026-03-05T03:45:38.507776
1468,120,89cf0b57-cecb-4aff-a3e6-d18fb4a84822,10,1,27.43,22-07-2026 11:22:47
1469,125,b344c880-bc6c-42ca-9d42-4428569a9954,1,1,34.32,06-07-2026 03:15:33
1470,104,41ad6150-8171-4b9d-8f9e-2b4de9f8d4f1,7,1,62.41,2026-07-04T22:39:52.587477
1471,228,,3,2,28.34,2026-06-11T10:56:35.208870
1472,267,,5,1,19.05,14-08-2026 02:49:41
1473,176,4225e641-7408-45bf-a5b5-286f28deeac6,4,-1,0.68,2026-04-15T17:01:34.243425
1474,114,,9,2,14.27,2026-07-29T07:09:35.581179
1475,34,,2,1,0.47,2026-07-18T02:15:29.010424
1476,105,39f87fa5-88b8-4dc5-8df7-29b79bde941a,2,1,57.23,2026-03-04T09:00:47.699475
1477,121,a1bed8eb-601b-4dd8-92ca-3fb0dfc4e40e,7,-1,44.04,2026-07-06T12:51:44.871179
1478,102,0e92e968-7edd-467d-8816-acb4c682c94d,7,1,58.61,22-07-2026 16:09:29
1479,147,,4,2,85.55,07-03-2026 12:32:33
1480,41,,7,2,12.62,27-05-2026 11:40:00
1481,217,,3,2,-2.92,14-01-2026 02:44:00
1482,219,99285369-abed-452c-9f2f-da2c7218b7f3,5,-1,51.41,2026-02-20T02:15:17.303449
1483,132,,8,2,42.63,31-03-2026 09:40:18
1484,288,,2,2,9.35,20-02-2026 02:52:33
1485,101,02cdee88-2634-46b8-b99d-98d5222818f2,4,1,-3.65,12-04-2026 01:25:17
1486,252,,7,2,96.9,08-03-2026 23:36:06
1487,197,,5,-1,98.69,2026-06-27T21:45:53.009458
1488,210,571adf4f-2609-4c87-bed1-9a2767afc56c,2,2,92.87,2026-07-29T19:59:48.588284
1489,100,,5,-1,31.6,27-07-2026 07:10:13
1490,189,046759f4-30f0-4e37-aa90-1b1331c34df9,7,2,72.24,2026-05-12T04:18:13.990482
1491,245,6a7b1dc0-68b8-422f-8710-ad9d8d65cdc5,6,-1,69.19,2026-05-20T00:18:54.789143
1492,76,,10,2,94.15,2026-07-24T10:18:07.064633
1493,131,3d73144a-4904-469c-b0ac-1b31a7a40a6c,10,-1,94.94,2026-03-30T13:45:34.236876
1494,7,861c7cfd-7f0c-44c0-9194-fb2869f87698,2,-1,69.72,03-05-2026 03:36:08
1495,204,1edde8c8-e589-4e80-b2a8-3ce1b5b7b5cf,9,1,86.98,2026-01-05T13:07:59.040176
1496,219,,5,-1,96.61,30-05-2026 10:30:18
1497,158,,2,1,61.8,11-05-2026 23:54:35
1498,74,,4,-1,36.79,08-07-2026 03:40:25
1499,4,977b7e74-e950-4785-a300-572548f3bd42,8,1,5.17,08-04-2026 23:55:26
1500,269,,5,-1,40.25,2026-03-09T23:39:08.345204
1501,192,c2eb2224-b146-4bc7-a7f3-5d8ae7bc1bf6,3,1,46.08,2026-05-15T10:45:12.531843
1502,231,18176997-09bd-4bf9-be81-9c345e78e483,3,1,1.19,2026-07-26T02:26:59.368369
1503,99,,7,2,60.82,2026-02-24T03:06:28.467791
1504,86,d374ace5-fa01-4081-80ec-db8a78c9851b,5,1,34.66,25-04-2026 20:57:25
1505,33,,1,-1,19.65,31-01-2026 10:06:24
1506,52,e3fba3dd-ad9c-42cf-ad25-f4c1edb88790,1,2,73.94,2026-07-25T04:39:10.915953
1507,299,1ffce857-8376-4be0-8ac9-f580bf157309,2,1,49.85,2026-01-31T00:25:41.186592
1508,193,,8,2,74.48,26-05-2026 06:36:41
1509,173,,6,2,80.77,26-05-2026 04:48:53
1510,205,,10,1,97.41,18-01-2026 16:28:22
1511,52,61f3dd0c-4c4d-40ba-a412-81ec2e129ad2,8,-1,37.19,2026-04-16T05:26:46.238789
1512,14,591c10a1-e6bd-46c8-b6f6-0fada1de4933,9,2,94.86,2026-07-17T19:54:26.716556
1513,189,,10,-1,64.18,10-02-2026 00:11:39
1514,264,,4,1,98.55,06-03-2026 19:54:33
1515,9,,1,-1,29.18,18-02-2026 20:06:51
1516,120,,7,-1,59.32,2026-04-21T21:09:26.204352
1517,179,,8,-1,85.0,2026-01-02T18:33:46.403164
1518,198,,10,1,69.75,2026-04-26T10:41:18.819807
1519,66,,2,2,82.4,04-03-2026 05:31:09
1520,87,,2,2,64.58,2026-04-24T05:14:22.797103
1521,125,6e022bfc-7a70-44d2-ba3b-ebc52c34cef9,3,-1,68.49,2026-06-15T12:26:52.514899
1522,223,eaa6bf3e-66ac-496f-bd5c-ef10acc0b43e,3,2,89.78,05-08-2026 05:50:08
1523,113,,8,-1,7.93,2026-01-23T08:14:23.722462
1524,274,,2,-1,29.94,2026-05-16T21:43:17.107216
1525,295,ff16512a-72e9-409b-b9b0-f89c41d572b5,6,2,90.57,26-06-2026 12:09:32
1526,288,,4,1,22.2,26-07-2026 22:15:42
1527,45,715f7215-1091-47dd-9b19-7e94db6aa511,2,2,72.76,2026-03-05T04:13:10.787253
1528,60,,3,2,95.18,2026-07-19T07:34:14.267059
1529,160,05cb70f0-b68d-4547-8f94-928d4e61eea9,10,-1,14.94,26-07-2026 16:10:25
1530,217,,6,-1,93.06,2026-07-06T16:56:05.396505
1531,267,4b25511f-4b0c-41c1-8857-9cd9d6afb8fc,2,2,-4.04,23-05-2026 01:02:49
1532,162,9467d882-92a6-47e1-97bd-57f55428467b,5,1,47.48,02-08-2026 03:54:33
1533,76,,3,-1,64.86,2026-06-02T16:54:42.856457
1534,164,,9,-1,7.96,20-04-2026 03:26:08
1535,111,,5,-1,96.48,2026-01-05T06:27:24.286314
1536,171,c0cc9817-87b0-4e65-87cd-6385c5d9fb78,4,-1,93.12,2026-07-01T05:06:03.508292
1537,27,30c2c348-e5b0-4810-99fd-7b404636e0bf,8,-1,36.14,2026-05-27T15:23:09.795982
1538,12,,6,2,66.18,13-04-2026 20:01:49
1539,201,,2,-1,71.31,06-01-2026 10:16:40
1540,100,,2,1,28.96,2026-05-20T20:18:01.325253
1541,156,,3,-1,9.44,14-03-2026 04:23:46
1542,150,6e0069e1-b8d6-45af-952a-fe63eab0ace9,4,1,79.46,2026-01-22T07:42:35.952068
1543,5,,10,1,66.22,2026-05-05T07:13:24.914464
1544,193,,3,1,5.09,16-08-2026 14:58:48
1545,92,8718c01b-24ac-4a9b-a40b-f55344ce1515,2,-1,63.26,22-02-2026 00:47:33
1546,77,,4,1,7.47,05-08-2026 16:31:38
1547,251,,10,1,63.54,10-03-2026 17:17:01
1548,46,,7,2,61.4,07-03-2026 19:14:07
1549,189,56679df1-d725-4405-9a1f-7bd59da51a7f,2,1,3.68,27-03-2026 15:10:22
1550,261,f089587e-9694-45bd-8a03-3c660a9ab036,1,-1,55.16,11-07-2026 12:31:02
1551,141,49c2dcf5-0085-495b-a17b-8f0c4be24cd2,10,1,35.32,12-05-2026 04:17:37
1552,153,cecd096e-bcfe-411b-a236-73beb5c80aed,2,2,1.67,2026-03-16T05:49:01.142671
1553,208,2d8d0f28-1557-46a0-8d36-9097533d56c7,7,-1,80.83,03-03-2026 09:50:58
1554,33,1af10a46-4c44-4973-8b42-9c348116643a,4,-1,89.25,2026-05-27T13:26:33.540979
1555,93,ed06a61b-2ab8-46d1-84fd-0c8e12bb4555,9,2,79.05,2026-07-03T05:41:31.914546
1556,21,bdc3adfd-1db0-4c66-bdad-8828adfcaaac,10,1,63.53,2026-01-06T17:11:17.000882
1557,288,,1,1,97.89,15-02-2026 06:31:46
1558,187,e8ff9d5a-e299-4a5e-96fc-9258e43e072e,7,-1,-4.99,08-03-2026 05:34:37
1559,24,,9,2,9.68,12-05-2026 03:00:14
1560,161,,10,-1,48.61,2026-02-05T14:33:36.382678
1561,23,510c5c2d-dbc1-49e7-97d2-0eb1741a9789,1,1,9.88,2026-05-31T22:15:13.772940
1562,69,25bec1a4-d579-40fb-a94a-d7ac19a445db,10,2,24.13,28-06-2026 20:36:42
1563,39,,5,2,63.23,2026-01-02T18:28:01.074531
1564,205,,2,2,66.04,2026-04-04T02:51:52.583207
1565,275,f68ca69d-fd97-4597-baba-71fefa5afec5,2,-1,71.93,2026-03-28T10:53:06.875267
1566,191,34241ac4-783b-41bc-93c9-d27722b26c3f,7,1,28.22,26-02-2026 14:58:27
1567,195,9cc9ed67-8e88-468f-928f-f477935d5e26,10,1,3.14,2026-06-14T05:44:11.628825
1568,273,9433ce6f-b3e6-4c24-8725-5b6ea30167d7,9,2,1.93,2026-01-10T13:01:50.947613
1569,186,,5,1,86.23,2026-01-25T02:53:58.152545
1570,141,73201a6b-62f4-4ec8-a92b-6627af89ee80,2,2,97.85,2026-08-11T00:27:20.413018
1571,194,5d53f853-d18f-4982-b18d-1e2a6b56281d,2,1,50.28,26-05-2026 17:15:15
1572,251,819d54d4-f484-4d07-8acb-44db38264ab4,9,2,68.55,20-03-2026 09:20:31
1573,283,,10,1,89.14,2026-07-06T08:37:53.957479
1574,163,,3,2,79.64,20-05-2026 21:49:04
1575,245,077ae1b5-a7e2-4776-8725-fd710f3d9c42,5,1,67.1,2026-02-25T09:48:34.914396
1576,65,671e210c-3e87-40f3-a9ac-99a0e698f414,7,-1,72.22,2026-06-13T02:03:35.923937
1577,190,c4392f8b-2e9a-4b84-9d5b-c700acc7b15b,10,2,69.21,2026-02-13T06:44:34.845819
1578,225,,8,-1,25.12,01-05-2026 13:09:12
1579,267,f786c5e0-787b-46dd-b71d-08d5d5257658,5,-1,85.08,28-05-2026 10:02:42
1580,209,,2,-1,3.34,2026-04-04T16:58:28.840223
1581,48,1be5e97a-0b51-406b-9009-5b02d1f79e46,10,1,3.88,09-01-2026 22:19:54
1582,284,,1,2,66.09,2026-08-01T16:12:04.549225
1583,246,,9,-1,99.79,2026-07-03T05:19:39.493102
1584,208,52f0e469-e3c9-43d0-a0c9-58cb714f36e0,10,1,90.64,2026-01-29T06:20:49.231479
1585,218,,4,-1,64.42,2026-04-06T23:09:32.118042
1586,230,b8c49c80-29c7-48be-a8a6-f9e4ccd796a1,9,1,13.36,23-03-2026 15:27:34
1587,69,,1,2,47.03,2026-08-06T08:40:55.485849
1588,192,a6658b32-054a-4940-a2c9-6919ff8e0a65,6,-1,21.23,2026-03-16T07:02:38.626738
1589,149,,8,2,22.8,2026-01-11T23:21:28.544196
1590,292,,4,2,92.56,2026-03-06T13:55:46.759687
1591,238,,1,2,-4.38,06-06-2026 12:32:24
1592,169,,6,1,-4.46,2026-07-04T18:59:53.834173
1593,206,,1,1,40.23,2026-04-05T00:45:48.904705
1594,44,2a64a5f8-7c78-43b4-be76-57794f957331,7,1,90.88,2026-04-03T09:26:35.058367
1595,80,,4,2,36.51,01-04-2026 04:23:10
1596,187,,3,-1,80.21,2026-05-13T21:52:28.118054
1597,225,,3,1,32.14,09-06-2026 07:57:53
1598,3,,4,1,14.9,2026-06-08T15:42:23.507400
1599,69,,7,-1,29.78,2026-02-24T02:01:51.440040
1600,83,164ad2d1-1074-4b8e-b974-ee562ab246d2,8,-1,98.21,2026-05-19T21:30:51.340272
1601,216,,9,2,78.98,2026-05-24T04:33:18.299515
1602,167,,9,-1,91.97,28-05-2026 00:41:07
1603,68,1ee9317c-33c0-4786-81cb-d601767fc71c,2,1,8.24,24-05-2026 23:46:41
1604,257,3baa3d64-cc73-4b21-9b2d-0732afe762fe,4,1,66.22,14-01-2026 14:14:28
1605,220,b5ceebfb-d3cd-44e1-81a9-02ca29aa8090,7,2,25.39,21-05-2026 04:39:24
1606,43,,4,-1,11.01,2026-05-02T17:48:35.118869
1607,128,,2,2,99.4,2026-03-14T13:38:32.382906
1608,220,5e583368-8eac-441b-93f4-85b7576dbaf5,8,-1,77.19,2026-05-17T23:42:10.966040
1609,258,fb81f68c-3d81-4719-854f-c00aa0023e25,4,-1,61.04,2026-05-12T03:49:11.974437
1610,118,3ceab857-1894-4cd2-b223-70313ec058d3,3,2,-0.97,2026-05-12T23:55:21.802648
1611,75,,1,-1,15.96,2026-03-13T12:16:32.762005
1612,195,,9,2,68.52,2026-05-05T03:51:26.875781
1613,114,,7,2,1.44,08-07-2026 04:11:04
1614,27,,2,2,33.18,23-01-2026 10:42:18
1615,215,13c4e80a-e23e-478b-995d-9c339f41b1e6,6,1,14.08,2026-04-07T22:11:26.858809
1616,27,,4,2,44.57,2026-03-14T16:48:27.722977
1617,221,960b49d6-c6fa-41c6-b9ea-e43fd11e9417,5,2,33.18,04-07-2026 16:30:04
1618,58,579a7a58-9c09-4a71-8581-c56fc800f5f8,1,-1,52.94,2026-08-15T21:03:37.982332
1619,170,,6,-1,76.77,23-06-2026 04:00:34
1620,122,,4,-1,35.33,2026-07-20T22:21:35.787724
1621,67,65e7a7bb-41e2-4130-a433-e24325aa97b0,1,-1,96.67,2026-06-26T07:04:54.610426
1622,99,,2,1,93.89,01-06-2026 06:32:19
1623,155,,4,-1,70.68,2026-03-07T00:52:16.992411
1624,66,207bdb18-8ffb-4d9b-a822-3f5d3ace6740,7,-1,69.72,28-05-2026 07:10:29
1625,188,,2,2,2.11,03-05-2026 19:58:54
1626,269,4159824f-d3d4-4568-978c-7cbc4904def4,3,-1,23.79,2026-03-01T11:16:19.132758
1627,149,161359ba-075e-4a90-869e-9b455e6cdc15,10,1,78.41,2026-04-22T03:00:05.109825
1628,204,,9,-1,97.01,2026-03-21T05:12:52.216126
1629,225,,9,2,37.09,12-04-2026 13:54:37
1630,106,2d81f6cd-54db-47ab-b60a-bcfb31f4b0c5,1,1,55.05,2026-04-15T20:49:07.742118
1631,263,,9,-1,70.66,10-04-2026 19:30:12
1632,156,76af6049-b421-4d97-b5c9-8de23e93d514,5,-1,23.19,2026-01-01T05:36:46.090823
1633,88,9c0a497d-eff8-41e5-9a1f-2dc07cf7bcfc,1,-1,20.01,2026-02-22T21:16:11.810885
1634,76,,3,2,86.71,2026-07-30T14:37:39.648760
1635,128,a6e66ed7-1d8e-428e-b71a-290fb5113f9f,9,1,-4.85,16-03-2026 06:53:41
1636,189,,2,-1,87.82,08-02-2026 03:25:51
1637,69,,10,2,29.09,2026-03-08T15:30:24.552923
1638,6,,4,-1,96.35,2026-08-16T15:11:37.657334
1639,132,fd5acaf7-0d1f-41d0-b2fb-02c3f1e033e3,9,-1,97.77,2026-01-06T08:59:12.971195
1640,196,,10,-1,16.65,19-04-2026 09:53:19
1641,113,,5,1,56.07,13-05-2026 22:39:49
1642,80,,4,-1,71.26,18-06-2026 21:56:49
1643,76,,2,2,14.06,2026-06-27T09:14:55.615779
1644,91,aeb894cf-f643-413a-9669-ec493a94bf67,10,2,94.05,2026-04-20T10:12:51.769678
1645,145,4f02db11-9ebe-4936-aa2c-a7b35f87ade6,5,1,87.95,22-06-2026 13:21:34
1646,97,221a777f-4bcb-4310-ab37-f617a64f4088,3,1,39.77,26-05-2026 13:21:47
1647,207,fef8e535-7cb6-4f94-a8ab-557dd350f5d7,9,1,71.31,2026-05-01T18:55:58.955782
1648,52,,7,1,6.55,2026-02-01T10:13:15.846814
1649,23,32a11261-f5d8-4984-9075-8aef38a81cc6,4,1,23.1,2026-08-13T03:22:02.718511
1650,5,7665ea3c-1ad6-4d26-8610-061d44e2d5e2,9,-1,80.92,2026-07-11T17:19:07.920868
1651,104,9c7cb4aa-f350-4989-a96b-3269a270c263,8,-1,88.7,2026-07-14T10:25:15.386982
1652,158,,8,1,20.6,07-03-2026 19:23:32
1653,279,2017789a-e0b9-4e0f-82f0-c850a280f63e,1,1,5.8,20-06-2026 00:23:06
1654,53,,3,1,90.78,2026-06-29T11:33:46.676343
1655,117,,7,1,32.1,21-02-2026 13:06:29
1656,116,,2,2,12.8,2026-01-15T11:18:28.957742
1657,115,80017d8d-1a58-41b6-a9d6-5fd8fd1bbb30,5,2,3.01,11-08-2026 19:37:36
1658,61,,2,1,58.47,2026-05-03T11:27:41.555172
1659,220,,10,1,66.34,2026-04-08T06:23:55.977707
1660,155,,6,1,23.46,05-02-2026 17:18:14
1661,189,,2,1,85.48,2026-02-26T06:11:13.763747
1662,76,,3,2,41.9,03-05-2026 21:29:16
1663,35,41bcecf8-9314-4af2-b210-449384b0ae18,10,2,95.76,11-03-2026 16:23:37
1664,75,f99b5c6c-c103-4feb-b2d2-9d33f7a9d78e,6,1,14.1,03-06-2026 16:25:52
1665,181,,8,2,45.54,26-02-2026 02:34:13
1666,171,9e8f2838-0746-4af9-b957-4c1acfc98720,4,2,38.96,05-06-2026 22:38:09
1667,276,,9,-1,81.25,11-05-2026 17:11:26
1668,43,,9,-1,76.54,2026-01-14T07:40:07.362584
1669,45,5ca1e102-6ca1-4667-b86c-826a1ae339ac,6,1,16.34,2026-05-12T09:19:53.780906
1670,186,,3,1,1.26,23-04-2026 10:27:06
1671,185,3b49eebe-a0fa-4662-b12c-e590c4f7505b,5,2,10.13,01-05-2026 08:24:12
1672,125,85f92e0f-2dbe-4f41-8bdd-d92d84716e34,4,1,73.43,2026-07-18T08:50:23.443087
1673,74,,1,-1,96.32,17-02-2026 15:30:18
1674,28,e49e6c66-8b24-474c-abb4-4c9fb796bd52,10,1,45.07,2026-02-19T04:57:41.502701
1675,16,70b7b791-fe7a-4955-9ccf-480500d9f052,6,1,3.29,2026-06-26T20:50:12.409137
1676,7,,3,1,44.33,2026-08-09T12:08:53.182649
1677,271,,8,2,70.87,13-05-2026 00:17:56
1678,7,,2,1,1.3,2026-03-10T01:56:35.171535
1679,89,a91b641a-3253-4078-8ae4-94276c69daa7,1,2,82.43,28-07-2026 12:19:20
1680,284,,10,-1,27.13,2026-01-13T13:48:55.724367
1681,217,2b240d1f-d94c-4063-aa50-9ca4f41e87e7,5,1,49.76,2026-03-22T07:15:11.744547
1682,109,,10,1,17.99,2026-03-21T10:16:14.530372
1683,287,6078dd24-8211-4138-adfc-e7bf52fa4bb4,8,2,27.88,29-05-2026 08:37:14
1684,195,77434ed8-f713-4eb6-a20a-5d6a62f88a08,1,2,62.9,2026-08-05T07:53:06.144913
1685,139,a8699ff0-d99a-4da1-bbb7-e0c1f6ace60f,2,1,33.08,17-06-2026 10:10:04
1686,15,4a16269f-032a-4338-b1f7-ac2ffd4b4dbc,5,1,51.86,2026-03-31T10:22:27.310805
1687,109,9edf8cb2-a2a5-40a9-b96e-5eae78a5053d,5,1,52.93,2026-08-10T03:16:14.006046
1688,124,,2,-1,54.3,28-01-2026 02:43:46
1689,24,24033257-ab0d-4101-9365-4d7b4e104d3b,6,1,94.07,2026-04-09T03:49:54.837649
1690,183,,7,-1,15.46,14-07-2026 01:06:40
1691,183,15cbf3a1-5f78-43ed-9701-27ed25930fab,2,2,37.77,2026-06-11T17:55:43.034618
1692,258,2ae73edd-7191-4c18-be9a-a2c159aec6e9,1,-1,78.59,07-07-2026 02:48:55
1693,20,,3,1,66.65,2026-06-11T10:45:16.532206
1694,48,7abb384c-8ae4-47d4-a809-9c2fca15b932,4,-1,63.69,2026-02-11T22:48:27.037088
1695,257,,8,1,30.6,04-03-2026 14:24:11
1696,221,81d67721-57d9-44f9-be72-8ef9b08fffad,7,1,16.93,2026-02-09T03:16:45.760583
1697,79,,2,1,9.98,25-07-2026 15:50:23
1698,281,3cdb99ac-61e1-4cb7-a200-c8beeaea659c,8,1,42.75,2026-06-25T20:50:11.088277
1699,152,9c86b6ab-76fe-4bf6-9376-0c336e5401fe,2,2,55.53,02-04-2026 16:34:26
1700,46,1fcbe3ef-1af2-424e-8a98-18242f204070,3,-1,76.05,07-08-2026 09:48:13
1701,243,,8,-1,92.04,2026-06-27T12:02:19.976744
1702,292,,1,2,85.2,17-05-2026 12:53:28
1703,210,dc9550a1-7852-4a82-9469-94cd7b7620af,8,2,48.81,13-05-2026 06:05:50
1704,192,e4f12531-f30d-44b6-9ab3-824dbc426ec1,7,-1,42.26,2026-07-22T11:19:57.045193
1705,30,c4fd05e6-445d-455a-a080-a9cf69400db7,9,1,11.23,2026-03-29T17:13:58.720255
1706,149,,3,-1,36.92,2026-03-16T04:46:07.366632
1707,115,,8,-1,4.82,04-06-2026 05:38:47
1708,240,,2,1,13.93,2026-07-08T09:39:15.076371
1709,204,,4,2,29.52,23-03-2026 08:01:25
1710,176,,4,-1,72.83,2026-02-14T14:22:18.778810
1711,143,,1,-1,11.35,10-02-2026 23:15:08
1712,75,5631e1b5-d30b-4d9e-bd25-fca65a7414c6,6,-1,-1.71,13-05-2026 13:28:56
1713,32,,7,2,17.41,2026-04-09T13:43:24.720728
1714,12,,5,2,61.75,2026-02-17T11:32:08.269555
1715,73,523ed174-251f-44b1-ac34-1d35d9f6d7c3,5,2,3.58,30-06-2026 21:04:32
1716,215,1a604341-06a9-4a53-b2ac-c325bbecb154,5,1,82.21,2026-06-08T11:17:02.593929
1717,220,,5,1,15.85,25-04-2026 12:59:01
1718,247,,9,-1,77.31,19-03-2026 12:23:46
1719,182,,1,-1,77.22,2026-07-20T19:28:31.095787
1720,40,771dfb5e-20c8-4a35-8c6a-b1e4379bac70,6,-1,98.57,04-07-2026 17:32:18
1721,8,046f3679-e175-495c-943d-482e8f8c79bd,8,1,47.44,09-05-2026 16:47:01
1722,59,,5,-1,70.84,01-06-2026 13:38:35
1723,65,,10,1,-1.17,2026-03-02T18:59:53.670470
1724,216,5bc12acf-1a6a-42b4-9055-52cc066adccd,10,2,17.69,2026-04-23T02:31:48.334728
1725,98,4a416ba7-182b-4973-9330-1225ddfc66ec,6,2,-3.3,27-06-2026 15:33:30
1726,258,0a2cb0ba-530d-4b68-a87f-8dbd45c9e6c9,8,-1,99.9,11-01-2026 01:21:30
1727,211,,6,-1,39.71,14-08-2026 07:39:52
1728,59,cc0721af-7fd3-4a62-8418-be66c99bb033,8,2,34.18,2026-01-10T02:59:07.576856
1729,278,,7,2,83.73,22-05-2026 19:18:11
1730,146,b00f7b24-bb56-4bf6-9dea-065bd74480f1,2,1,4.41,2026-06-13T05:41:49.730211
1731,211,f540e966-f78b-4dbc-9f8f-db98a9384ac5,8,-1,73.93,2026-05-10T14:45:38.867494
1732,228,7d9837fa-45c7-4359-bcde-5434557f90a4,5,2,17.25,10-05-2026 08:13:51
1733,283,,2,1,84.92,2026-07-21T14:02:51.845963
1734,180,,7,-1,68.9,04-08-2026 05:51:17
1735,4,,4,-1,24.78,15-01-2026 18:14:41
1736,158,,4,1,89.52,05-06-2026 19:16:31
1737,17,c579b364-6789-4665-977c-ba53c01e0ac1,1,1,78.0,31-03-2026 04:53:24
1738,172,dfab99e4-4792-4bd5-9e76-b98c65925b00,10,2,20.39,11-04-2026 14:46:23
1739,99,,1,-1,40.06,07-07-2026 08:15:40
1740,89,,6,-1,11.64,2026-04-13T18:46:08.069189
1741,51,db0c01b2-3c05-47af-90d1-1ae64b2ec964,9,1,61.3,16-05-2026 16:30:32
1742,134,13d2d3b3-927a-46c2-a6a5-682b92bb301e,6,1,4.79,2026-05-11T23:52:25.559202
1743,224,4e36c976-452a-43fc-b87e-47d72e990f48,10,1,-2.08,2026-01-01T16:44:15.927437
1744,293,,1,-1,72.09,20-02-2026 15:06:23
1745,184,44dc4df2-60d1-4e14-992b-4904bc9b73cc,4,-1,89.28,21-01-2026 03:17:48
1746,100,96a56e58-0e09-4b0b-a530-0bb06142df33,7,2,64.22,05-01-2026 01:56:49
1747,43,26ff01ce-0c82-484a-8bdf-0c4dc4d9bc9a,1,-1,98.4,2026-02-10T05:41:10.181038
1748,57,,10,1,6.24,14-07-2026 21:21:50
1749,135,91a0811d-bcf8-4df6-9208-b3b55e3d9199,2,1,46.9,17-04-2026 22:31:49
1750,107,,2,2,78.52,07-04-2026 02:12:15
1751,38,,2,1,67.17,25-07-2026 09:28:45
1752,161,,3,1,26.37,2026-04-02T13:20:10.662020
1753,291,b9e6b3be-e765-41a3-9942-75d940f8c3f9,2,2,99.34,04-02-2026 18:21:45
1754,280,463f9af6-77c7-4077-aa07-9c44c3d3bde8,3,-1,72.88,2026-07-27T04:30:10.041994
1755,99,cc40093e-9932-477c-803b-90124c9621a9,9,1,49.39,2026-03-20T22:19:12.871032
1756,111,,2,1,-1.9,2026-02-13T17:24:17.923263
1757,113,487943ee-69ff-4918-bb66-87e24b1593cf,3,2,23.73,2026-03-10T02:47:36.391171
1758,48,,9,-1,25.9,17-07-2026 09:01:50
1759,224,,4,2,13.16,17-06-2026 03:32:38
1760,202,b77b9ec0-7fed-4d17-a5b4-2ca7010dcf1e,10,-1,27.72,2026-01-05T01:13:04.712043
1761,250,,8,2,57.61,16-04-2026 19:21:39
1762,164,fa7df67b-ed9f-49b8-9a91-9f5be2387e9e,10,2,40.08,05-06-2026 08:40:58
1763,192,a060d080-114a-4dad-9b4a-7d6cb2aa0f33,8,1,88.39,14-07-2026 06:58:50
1764,210,,10,-1,94.79,04-06-2026 15:19:05
1765,204,4445b24f-d09d-4774-893b-0bf25fcf2e39,2,1,79.95,28-04-2026 05:45:23
1766,96,,4,1,17.59,11-07-2026 07:08:58
1767,191,aab5bf18-c880-4be1-8860-e8d17004c1b9,6,1,-3.99,2026-05-05T22:24:28.306741
1768,169,17e96c99-1810-4b71-85f6-8cbe13ae4fd4,8,-1,78.5,2026-03-16T11:43:31.962999
1769,288,82441aa1-6141-427e-a7b8-27897b5a7d7f,7,2,58.19,2026-06-20T13:50:52.326780
1770,53,,10,-1,2.86,26-06-2026 16:33:56
1771,223,,6,1,15.7,22-03-2026 18:21:56
1772,256,8356cb12-5398-4d05-9377-76f34bc1f5d8,5,2,7.52,20-06-2026 06:33:05
1773,88,,10,2,19.82,2026-07-16T20:39:43.752072
1774,146,9670ce84-5745-4b8c-8ac3-ca8e98965645,10,1,90.72,04-01-2026 06:33:06
1775,68,,1,-1,91.39,2026-04-20T03:09:20.432441
1776,173,27a007a2-4ba9-4de6-bb3b-f56301c99385,2,2,4.99,05-07-2026 11:26:48
1777,155,,6,2,37.04,01-02-2026 03:16:53
1778,253,64f86064-7dc1-415c-a722-bff843db0c97,7,2,68.13,07-05-2026 21:36:02
1779,253,285aa3b1-6b2c-46d8-935c-84c913cb7e9b,6,-1,5.79,2026-06-27T18:02:21.659383
1780,25,e72c91f9-1204-4ee6-b00d-dbcb128c2d79,3,1,99.32,13-05-2026 16:41:20
1781,116,6422cbaf-b965-4583-b408-16325753fca0,2,1,71.03,15-02-2026 23:41:47
1782,276,139d860f-06f9-408c-9b29-9d123accb469,1,2,87.75,2026-04-18T08:39:38.841680
1783,57,875e8956-ae25-4dc2-89e1-1ea2c78bd315,5,1,22.69,03-01-2026 00:12:34
1784,139,33da046a-1ec6-46b4-b23b-aa1f3f0201a3,3,-1,43.37,2026-05-22T06:51:10.282476
1785,164,29561d63-91b1-4662-92d0-7c9021481508,10,2,61.87,2026-01-31T03:00:00.738267
1786,268,7be50ea3-dfa7-4134-b3ec-2e6d5cc23767,10,2,64.43,11-05-2026 00:09:00
1787,165,,4,1,22.7,12-08-2026 01:51:42
1788,43,,9,1,64.25,2026-06-03T23:59:18.233751
1789,40,05adae90-7d54-43d9-9b16-36e6facf6290,8,1,17.31,2026-05-31T01:24:46.443331
1790,240,,4,2,5.98,2026-06-17T06:04:39.187827
1791,271,,5,-1,42.67,2026-07-19T21:54:46.206970
1792,259,89a356d4-f08c-4859-bf3f-89590dbc656e,3,1,91.25,23-04-2026 22:41:57
1793,232,8eac5238-2bf3-4cdc-87d1-bf168b0a8d3a,7,1,2.21,26-02-2026 01:15:40
1794,85,,10,-1,5.72,31-03-2026 00:51:19
1795,55,c7244ec9-590b-4daa-a76e-9079557ce8a2,4,1,88.88,2026-04-16T22:58:02.783226
1796,137,d28fb565-07a5-4506-b1da-c6eb700dc8f2,8,-1,50.74,21-03-2026 18:29:54
1797,136,ccd2649b-1163-47fa-8a40-46b335d5cb4c,9,1,32.21,2026-04-29T23:13:01.771738
1798,78,,9,2,48.33,2026-01-03T22:04:47.781815
1799,226,,6,1,0.16,04-03-2026 14:52:50
1800,217,e9210212-184e-477a-97b5-b0eeb33c3bfe,5,1,37.28,13-01-2026 03:57:10
1801,272,,9,2,6.46,2026-07-12T19:39:44.562641
1802,128,3471f9e9-7ea8-4d85-924f-2e6c06756fc5,4,1,0.58,2026-04-05T12:36:03.250668
1803,295,,4,1,50.87,29-04-2026 11:20:48
1804,116,,7,2,5.64,06-03-2026 16:19:08
1805,254,b2be144d-c497-4860-a606-483386f7e75e,3,1,31.5,09-03-2026 11:29:05
1806,148,09bf2d1e-c7b9-41c3-a98e-c83bed3c1543,2,1,47.84,14-01-2026 22:55:52
1807,157,5c6b9f7d-9961-402e-8d25-75dde94be3da,3,2,66.55,2026-05-25T11:28:38.823516
1808,96,,8,1,96.04,20-03-2026 16:24:37
1809,220,,1,1,97.31,2026-02-18T22:17:07.370308
1810,88,7e473e32-11cc-4ea3-afef-55dc058314b9,10,2,96.8,2026-07-18T20:24:55.912827
1811,251,59c558f1-9533-4bcf-8f08-439907dbaf8f,8,1,-0.26,2026-04-20T11:28:50.596415
1812,291,,4,-1,47.83,2026-02-04T04:58:05.929789
1813,49,20ead83f-4359-4c87-b12b-569be3eb13a3,5,-1,30.25,26-01-2026 23:22:24
1814,180,,8,2,33.25,2026-05-19T15:25:48.393448
1815,181,,6,-1,76.33,27-02-2026 16:55:53
1816,58,,9,-1,62.18,2026-08-08T23:49:13.376359
1817,211,6813c885-187d-4d28-9ecb-89c1463184d0,3,2,47.27,2026-04-27T12:06:43.468390
1818,296,,6,1,73.16,2026-07-05T17:41:11.643497
1819,194,749a624f-c0ca-4726-84a4-9e2cf08ab619,5,-1,66.27,18-03-2026 00:48:06
1820,270,47b9f0df-8fbf-46ad-8ceb-4220f833c7dd,5,-1,31.63,26-02-2026 17:54:13
1821,201,,5,2,15.01,15-04-2026 04:50:40
1822,63,,8,-1,96.66,16-05-2026 14:04:09
1823,148,0a60bb37-8849-4c33-b81c-dfb53b10b20b,1,2,92.36,2026-08-15T06:54:58.485454
1824,239,5c013b22-612e-4012-a8a9-df06ef9c30b3,9,2,60.5,2026-03-24T15:29:56.864961
1825,156,,5,1,78.98,2026-07-03T13:46:12.565042
1826,233,72d42434-6c2f-4e9d-80ea-8097d0d58670,4,2,81.67,2026-07-03T09:08:19.606336
1827,28,,5,1,40.18,2026-02-06T02:39:57.864878
1828,26,,3,2,87.27,2026-07-29T05:31:37.047626
1829,45,,3,-1,15.66,2026-05-18T13:25:29.618079
1830,149,ae2ffbdd-cbc4-42f3-b54a-e016a715bf24,1,2,92.96,2026-01-18T11:59:01.458688
1831,198,,7,1,88.77,24-03-2026 01:16:48
1832,160,5b4cc8dc-1488-42ce-b4dc-468b6caf3678,10,2,66.29,04-04-2026 16:47:19
1833,297,46f0847e-1337-46a3-b59a-661af6775b34,4,2,9.25,2026-03-02T15:46:28.741768
1834,155,,2,2,54.5,30-03-2026 17:10:40
1835,280,6f2b0a8c-1227-4506-9664-63f9c8956d9f,7,2,5.08,12-04-2026 04:55:46
1836,161,,8,2,39.91,09-07-2026 04:22:57
1837,211,,1,-1,-2.23,17-03-2026 21:30:48
1838,46,334e761b-ed90-4099-a51f-13002d5a626d,10,2,77.6,25-05-2026 18:55:54
1839,66,,1,2,8.22,2026-05-05T13:16:57.996495
1840,237,,1,1,0.74,2026-04-21T05:28:23.887230
1841,171,c2618ac6-406d-4682-b95d-7ab1137a85ee,5,-1,45.55,30-01-2026 00:47:30
1842,32,5cba41fc-0073-4d60-981e-bf3759e0246e,10,-1,48.64,2026-05-19T13:25:31.986872
1843,105,abe3b6d4-42ac-4f60-b92f-1b5d8855b565,9,-1,96.56,2026-03-28T18:49:37.321315
1844,115,f45a97bb-3bf1-46c9-b43f-38244f7e2238,5,-1,27.64,2026-03-30T07:46:14.391924
1845,249,35b2b5c0-2f89-45e5-8a23-0e1d9ebfce16,2,1,-5.0,2026-08-03T10:53:12.894181
1846,267,a65c6d06-645e-4768-b14c-e1e286ccd15d,4,1,5.88,2026-02-03T22:36:01.969943
1847,259,,7,1,92.23,23-06-2026 23:43:08
1848,208,,3,1,83.38,08-07-2026 14:44:04
1849,225,5c609d73-aeed-4373-9eab-2ca5f648b271,7,1,61.8,2026-01-09T16:27:35.513902
1850,73,bf9286cb-8228-49ef-8f97-612a5f325cde,3,-1,72.87,2026-08-18T21:36:07.516992
1851,244,,5,2,65.09,22-02-2026 21:48:58
1852,189,,7,2,68.25,2026-04-05T01:58:03.256785
1853,238,,7,1,-2.06,20-04-2026 20:16:41
1854,62,,1,-1,26.79,20-04-2026 21:25:38
1855,22,,3,2,87.65,01-07-2026 13:17:04
1856,142,1059fe90-ee2d-4233-9b0a-a9891c1fa9e7,3,2,47.57,2026-05-09T02:44:14.476651
1857,179,,9,1,13.32,2026-03-09T16:49:42.748425
1858,181,,8,-1,85.16,2026-02-19T13:04:17.121883
1859,143,,7,1,91.2,28-02-2026 23:50:52
1860,193,,10,-1,13.94,16-04-2026 18:08:49
1861,67,,10,-1,31.55,07-01-2026 08:02:46
1862,35,ec93d1f7-54c1-4e64-a23a-ff01ca54c5d9,1,-1,11.71,2026-05-14T18:05:24.793275
1863,55,,8,2,74.79,2026-01-01T15:13:12.618503
1864,54,c0a4ca56-5ef7-4583-8b15-7404de69a87c,7,2,91.85,2026-01-03T11:50:01.906614
1865,129,7adc06ee-3e40-4fa5-a6c5-8a1d84681faf,1,-1,2.65,18-05-2026 14:06:02
1866,16,be7521fc-1610-45f2-9720-0a3216a11fee,6,1,68.37,14-08-2026 20:26:13
1867,69,58ce260f-7236-41bc-b9aa-f07dcafd0bad,4,2,46.57,26-04-2026 17:19:57
1868,116,f2fffb6a-3a7e-4734-a096-77267190f954,3,2,80.45,2026-05-21T14:57:59.558943
1869,45,72d62dad-13e1-46cf-8dbf-133d2adcc152,2,1,-1.51,2026-05-23T12:48:57.218047
1870,3,,7,-1,52.39,2026-02-10T01:05:41.181494
1871,175,20827f49-856a-4f3c-abbf-2ac0c22e4751,9,2,14.96,2026-05-03T14:28:55.516871
1872,293,,9,2,32.43,2026-07-29T21:33:21.221356
1873,35,,7,-1,34.49,2026-05-07T05:39:27.013027
1874,292,2ff0e4b4-5725-450b-b18d-827595130a4a,3,-1,26.31,2026-04-26T16:07:10.226754
1875,256,a19d16c4-1d85-48db-ad45-a4d9e8c99fc6,1,-1,51.76,2026-02-21T22:46:56.853214
1876,115,,5,2,68.84,2026-05-27T00:36:02.737045
1877,81,,2,-1,55.41,31-03-2026 13:18:42
1878,205,2f7f55f7-8c07-4b01-a782-84c5ba4ac8db,9,-1,88.64,23-01-2026 02:58:37
1879,135,1784750a-35b9-4139-b121-1d69d32834df,1,2,39.25,2026-07-22T19:44:50.925617
1880,172,85c38113-946a-4eb2-ba0a-54af592c8fcc,3,1,52.44,25-05-2026 20:13:02
1881,32,8cc60d0a-ca27-43e4-8ca2-fccaa6e4511e,8,1,79.59,2026-01-11T21:58:44.825377
1882,178,957dbbd7-65a6-4c13-a71a-3c4e2c7d3d05,7,-1,72.63,2026-04-03T03:52:23.632264
1883,283,,3,2,70.95,2026-08-18T04:29:44.888436
1884,19,,9,1,63.29,12-07-2026 23:48:54
1885,245,,4,1,92.78,2026-06-16T17:37:56.185747
1886,101,,1,-1,45.63,24-04-2026 00:21:20
1887,194,72069249-08d1-4eda-abda-974929142819,7,-1,39.82,2026-04-14T10:39:12.989667
1888,60,,2,-1,98.17,15-06-2026 06:02:17
1889,181,5b6950f6-f6cf-4d36-88bb-a3ad4a9bcc54,6,2,91.4,2026-04-01T19:24:58.857715
1890,119,ee5dc24f-ee45-4740-93cd-c67d2495477c,10,1,18.85,2026-06-04T18:17:01.753378
1891,8,29e37e7d-3b08-4f0e-8560-e12de8b5060c,1,1,0.95,11-05-2026 08:36:54
1892,93,,1,2,31.72,2026-08-11T23:38:59.092160
1893,150,4b7dc594-01d5-429a-8e2d-a4cfb3b671b9,10,2,45.26,2026-07-16T12:12:25.263984
1894,40,9c6fd7ff-e1b8-4768-8a38-bdc3b2cbe64d,5,-1,16.62,06-05-2026 10:51:51
1895,113,,5,2,76.92,18-06-2026 16:40:25
1896,126,,6,-1,51.85,2026-04-07T17:27:17.214137
1897,28,,7,-1,94.81,10-02-2026 19:30:46
1898,144,158890bd-2982-48ab-98bf-89804a99794c,4,1,83.35,2026-02-01T07:41:10.622269
1899,157,2328a6cc-bdfd-4e80-b10a-35eaf755e5a9,2,2,71.12,2026-06-29T08:52:08.358549
1900,19,e2af046a-cc6f-4a20-99ac-d8d84803d279,8,-1,75.24,2026-04-15T09:14:36.355394
1901,11,,1,2,24.19,09-08-2026 01:04:09
1902,154,25d09140-4324-4400-9ce5-35adffc3fd58,1,2,84.73,28-02-2026 09:14:30
1903,254,e8c7f58e-a8a0-4dac-affa-e0fe86756adc,7,2,41.62,2026-08-12T20:50:29.211807
1904,106,,3,-1,40.26,2026-04-10T06:10:25.017518
1905,157,9107eec6-3471-45ae-b0e3-a5ccce09722a,9,2,93.41,17-08-2026 04:04:09
1906,135,61c261cf-aa9f-4bde-b087-9068e3062340,1,2,71.21,23-06-2026 11:44:55
1907,219,7cccddc8-49f2-4e8f-9eca-8b7c2432751c,2,-1,35.75,17-07-2026 08:48:55
1908,274,,7,-1,70.52,18-02-2026 07:10:34
1909,84,,8,-1,99.22,2026-02-21T11:18:18.178059
1910,68,5bf2323d-6a79-4911-b593-6cbe5b298d9d,5,-1,94.85,2026-04-04T09:05:23.832322
1911,128,,6,-1,36.43,14-03-2026 04:57:05
1912,186,,5,-1,80.08,2026-07-31T18:31:06.111258
1913,64,,10,-1,28.7,29-06-2026 21:11:38
1914,92,,8,1,41.19,26-02-2026 11:34:43
1915,19,,8,-1,83.65,2026-02-16T14:53:45.685125
1916,210,11e4933f-097d-4dc8-a061-40379d352796,10,1,24.03,21-01-2026 00:31:35
1917,33,,3,2,75.43,28-04-2026 11:39:33
1918,133,,3,1,61.19,2026-08-06T10:44:42.539347
1919,26,7a3140c4-1afd-47ac-90fc-492e4fb8d4ac,2,-1,-0.96,20-06-2026 03:36:18
1920,297,,1,-1,70.32,2026-01-14T09:00:39.888780
1921,133,,1,-1,83.72,02-01-2026 18:30:24
1922,277,c32f1250-247e-4623-a38a-cf67431dd625,10,1,31.72,2026-05-05T20:16:36.327362
1923,260,,2,-1,3.13,2026-02-09T14:14:11.090687
1924,167,,7,1,62.4,25-06-2026 14:21:05
1925,74,aade7981-3e21-4262-9f6d-9c8230597f7f,6,-1,77.76,28-06-2026 06:11:26
1926,209,,8,2,60.3,2026-04-03T05:51:40.390209
1927,189,54d14fa0-0fc3-43ea-b5b1-1c885ebbdec8,5,1,90.75,2026-03-02T11:59:16.118620
1928,55,dc15e723-a84b-4eb6-826a-7d228e56114f,6,-1,70.16,20-07-2026 01:07:37
1929,111,,10,1,63.99,2026-08-15T01:40:58.984984
1930,196,2e754702-2034-40a9-afa5-da2c15cde762,2,1,54.37,03-06-2026 22:53:19
1931,276,f7d076d3-cfec-405b-98c8-5b5e16adbb8a,9,1,58.75,14-07-2026 18:35:27
1932,163,,4,-1,25.77,2026-06-12T02:44:08.490282
1933,169,fa287cac-0343-455d-942a-3f17673c391d,6,1,42.86,2026-05-18T14:57:55.965641
1934,124,,7,2,3.37,2026-01-18T23:31:52.593045
1935,186,,10,1,42.14,30-04-2026 14:42:44
1936,118,e8810f46-0d2c-4bf1-a43a-1e44117782b3,9,1,76.53,06-02-2026 00:33:25
1937,300,6f0357ce-971f-4356-be44-6e32f4d9a0c5,10,2,78.56,10-03-2026 15:24:49
1938,161,38327434-b391-4991-99ea-76561578009b,2,2,39.21,2026-07-17T03:59:30.069360
1939,295,,4,1,87.02,2026-03-22T16:38:01.949562
1940,86,3c1bc20d-1f1a-4539-9967-757871502815,7,2,75.38,21-03-2026 12:00:57
1941,52,362786fe-e59a-4157-9b73-1671fc2ef003,1,2,-2.49,2026-08-08T21:28:53.347229
1942,38,74bde556-d18c-4307-9eb3-6031caeee947,9,-1,91.46,22-05-2026 07:04:50
1943,182,f20441dc-d82e-4f78-b19a-a2990a9dee9d,7,-1,53.48,14-08-2026 10:06:18
1944,61,,6,-1,58.92,2026-01-04T20:32:38.584547
1945,24,769b8a27-a187-4fa0-8798-ab40e16988ae,6,2,90.62,16-01-2026 18:14:51
1946,224,,8,-1,9.13,2026-06-24T22:12:28.828127
1947,261,646d7758-d552-495c-a498-c1773df59689,3,1,57.32,21-05-2026 20:24:31
1948,233,,6,2,13.56,01-02-2026 23:24:57
1949,50,7ec15be8-2d95-4276-8f6a-7a504ceb3c32,5,2,30.82,21-03-2026 13:52:18
1950,147,,7,2,74.52,2026-04-24T21:16:56.532937
1951,22,5c58ce82-3eed-48bf-86f1-e1356f207f34,7,-1,24.22,03-01-2026 16:30:23
1952,51,,5,1,7.45,11-01-2026 18:43:17
1953,250,,4,1,25.29,25-06-2026 09:12:09
1954,55,ceb4b981-26cb-4fb4-8dc0-1fcf085ce18c,5,1,5.08,2026-06-14T09:35:41.958701
1955,15,4e028ade-2075-423e-94a8-9995bd057d8f,9,-1,78.89,2026-08-14T08:16:37.683631
1956,251,f930c5b6-b40d-4557-83b0-ac51a7050944,6,1,24.59,11-04-2026 10:22:04
1957,228,df75b5d1-1df9-4875-8e63-93658a0f33ae,8,2,91.39,2026-02-07T00:10:33.702552
1958,228,,8,2,4.12,2026-08-04T08:36:28.987048
1959,143,68ac9745-e2c3-4e47-87eb-8dab6c111c27,6,1,73.15,2026-07-08T10:53:26.039063
1960,39,,3,-1,30.21,31-07-2026 09:13:28
1961,263,206f5c43-ab3f-41af-bd52-2e2b22439a5b,6,1,40.5,01-07-2026 04:20:42
1962,98,5d5b2a0e-eb9f-4b09-aeb6-ad9f6c0c7537,1,1,9.37,02-03-2026 09:29:15
1963,113,a4d21a4f-6b02-4af1-b583-394b0edf9efe,5,2,10.9,2026-03-05T23:15:09.794497
1964,255,,3,1,61.65,2026-02-05T05:25:51.850910
1965,265,304843bc-e359-43b7-9159-a732798b5259,1,2,2.06,2026-06-04T09:45:12.768752
1966,92,4dd31cf4-e660-4426-9da2-c6a07feb39a0,7,-1,22.62,10-01-2026 07:04:34
1967,299,f302005b-4703-4dc5-b859-b39304ab63c1,6,2,50.7,2026-02-19T12:22:23.487226
1968,154,0506db47-f679-4bfe-a408-2129f7cfbb6f,5,-1,45.93,17-08-2026 09:47:06
1969,183,,5,1,17.99,09-04-2026 16:54:54
1970,215,,6,1,64.55,2026-08-04T23:45:58.228788
1971,91,,6,-1,6.92,16-05-2026 20:33:46
1972,66,,8,-1,38.26,2026-02-20T02:52:54.485482
1973,15,,5,-1,17.59,23-03-2026 20:16:45
1974,32,,5,-1,28.35,29-07-2026 10:40:41
1975,227,,7,2,90.8,26-07-2026 23:53:18
1976,249,4b56f615-af6e-4c89-9d3c-b98f0f5cb794,6,-1,80.95,19-03-2026 18:18:29
1977,230,,4,-1,86.94,2026-03-15T19:51:57.148994
1978,57,,3,-1,51.68,2026-07-11T18:31:20.196861
1979,195,39d0ac71-1d8d-4f4c-814f-dd83bba4d899,6,2,75.52,2026-03-11T09:07:55.332085
1980,26,ae0eb1d5-f6f9-4a80-ab79-2a68a1b84d54,6,-1,15.84,2026-05-12T08:42:44.269695
1981,275,,4,2,79.13,08-03-2026 17:56:22
1982,170,,4,-1,72.0,2026-06-27T20:52:50.543883
1983,19,44f3ba2e-589a-4d73-b32d-99d31d6c532d,9,1,47.66,12-02-2026 02:47:51
1984,22,3b38d15c-9787-4f9b-a41b-05c73413567e,5,2,-2.45,2026-07-22T20:30:36.881856
1985,18,,2,2,63.8,2026-02-18T06:46:02.536802
1986,139,5462d1e9-9fea-4655-8286-0ad2e1e191dc,2,1,47.97,06-06-2026 15:26:33
1987,11,75be142e-12c0-4d3c-b0f6-b798921acabe,9,-1,91.49,2026-04-03T17:19:37.767788
1988,201,784fa0ad-5aa6-435c-82b9-828707d2684b,10,2,77.4,12-06-2026 22:56:27
1989,263,f5b97879-f276-43d7-ac7c-c6fa83700796,5,2,43.19,2026-01-14T19:01:25.248402
1990,136,,7,2,40.1,2026-06-08T14:39:10.306049
1991,209,,8,2,90.3,2026-03-13T06:44:09.779196
1992,196,0aae36a9-382c-41db-ae06-81532426c87c,8,-1,36.33,22-07-2026 05:49:02
1993,280,677a7c56-0e7d-4634-8fd2-1563847cef11,8,1,55.68,2026-06-27T10:35:11.597892
1994,204,e613bff7-3bac-4f49-82e9-29e2d8fddadc,8,2,45.06,2026-02-15T10:24:36.330751
1995,160,,3,-1,97.46,2026-08-05T11:52:38.516967
1996,288,6cc99ff1-6a95-4c9a-a333-70966daa8220,4,2,57.31,2026-03-29T08:30:46.826897
1997,73,,10,2,49.96,2026-07-21T09:11:18.993780
1998,31,,5,2,27.7,27-05-2026 03:33:28
1999,78,a0534c90-1f08-4366-ac7e-10248874cd4f,6,-1,54.36,11-07-2026 03:42:10
2000,3,,4,-1,78.44,07-07-2026 18:15:22
2001,161,6f7e893d-6c8f-4bd4-ac59-569cc47b58a9,6,2,69.43,2026-01-06T11:44:03.162317
2002,54,,2,2,8.36,2026-03-24T04:33:38.614438
2003,83,93e7fc94-d329-4303-8b36-15b5181a0e46,3,1,40.95,2026-03-11T22:21:42.453308
2004,20,,8,1,60.75,22-06-2026 05:45:45
2005,72,,7,1,26.16,17-05-2026 07:26:49
2006,151,,9,2,59.59,19-06-2026 17:41:00
2007,289,c5d840df-6394-4512-b963-0240b0c77a82,3,2,49.94,2026-08-04T19:12:23.139286
2008,191,,8,2,17.11,25-06-2026 02:23:51
2009,70,81f015fe-dc35-4540-b00a-0980d8d8e713,9,-1,82.09,2026-05-19T03:53:13.482238
2010,163,,3,1,44.4,2026-07-04T09:46:47.900524
2011,160,8e79a76f-e3ab-4513-8b2d-2c7f8ae6ebad,4,-1,4.85,23-02-2026 02:19:30
2012,170,3890b0ed-a8d2-4851-8313-2896966e36d6,1,-1,44.21,2026-01-01T02:22:00.363919
2013,35,,9,1,31.22,2026-03-25T10:25:46.594278
2014,99,,5,2,56.37,15-01-2026 13:45:17
2015,189,,5,-1,51.81,2026-04-05T17:24:47.807401
2016,40,e4b8cc60-ebf8-48cc-810c-a8ecb5bdefc3,2,-1,17.73,2026-04-01T03:20:33.145861
2017,135,0e070d33-1322-43bd-82bc-85db328b8868,3,-1,56.67,30-05-2026 00:26:08
2018,170,,10,-1,90.47,2026-02-25T10:24:17.523571
2019,87,97d70291-de96-419a-b335-5240336afb73,4,1,4.59,2026-04-06T19:21:04.544973
2020,74,b47e4b81-8236-41ce-b535-a389a2f949e4,8,1,28.95,2026-03-03T15:30:41.568089
2021,71,,7,-1,44.53,02-06-2026 22:55:05
2022,257,f1cd89c1-7d3d-4fa9-9411-c3f6eb08d2f7,4,-1,36.29,02-05-2026 02:44:29
2023,243,,5,-1,28.28,2026-08-11T20:22:09.790196
2024,110,2eb95eef-3f7c-4d9a-83db-3015e1fdca79,5,-1,10.0,13-06-2026 16:39:07
2025,287,,8,-1,77.84,2026-01-05T01:03:23.905274
2026,286,,6,1,-2.34,21-05-2026 20:44:02
2027,239,,7,1,59.78,2026-06-06T23:46:22.828488
2028,196,,3,-1,99.52,2026-01-22T16:38:47.317225
2029,227,,9,1,-4.41,10-02-2026 23:07:47
2030,169,f2fd6d5a-8d8e-41b7-83b3-0f3f1325b16e,6,2,47.79,2026-06-12T03:22:23.683380
2031,140,2ab0b72d-7fd4-4e5b-a60b-2d462590b2e3,5,-1,45.27,2026-02-16T00:35:32.416138
2032,130,,1,-1,81.45,19-03-2026 10:14:12
2033,233,,3,2,73.74,2026-01-01T09:44:23.349973
2034,20,,1,-1,88.9,2026-01-26T10:29:28.928024
2035,91,77c369f0-e7a3-4998-a849-86036d273fc5,2,2,82.58,2026-03-19T10:05:57.017219
2036,29,,1,2,5.23,18-07-2026 14:40:45
2037,100,9871c476-7379-4a88-9510-dd585f874609,6,-1,84.06,15-02-2026 10:41:00
2038,87,,9,1,93.76,18-06-2026 20:38:59
2039,214,ab67a32e-7d0f-4cd7-baba-35a41dfb2a46,2,1,81.63,2026-03-11T06:31:56.346715
2040,137,f28c7811-2038-4da6-9777-6ddc432607fa,3,2,-0.33,2026-01-30T04:42:39.873526
2041,259,,3,-1,73.42,2026-05-13T13:11:19.766357
2042,160,,9,2,7.36,05-06-2026 10:03:44
2043,291,a062835c-8d4c-4fd9-b43b-3b4d605e102e,10,2,4.26,2026-05-18T06:58:42.992721
2044,94,c8756fb0-4514-4dd2-834c-aa238d8428b3,3,2,57.07,2026-03-26T20:02:22.401845
2045,87,2c97015a-e9c9-46ea-8399-f43726c236a0,4,-1,34.33,2026-06-07T01:19:21.432272
2046,127,,4,-1,74.36,2026-01-20T11:52:10.811374
2047,159,83456e08-4f91-49f2-8128-bb739af3ce65,7,-1,25.14,09-08-2026 22:25:10
2048,72,,7,1,82.7,09-05-2026 00:22:49
2049,103,d0e48074-6ad1-4534-a869-ffa351d85990,5,2,68.24,12-06-2026 04:10:54
2050,48,,6,-1,33.18,22-02-2026 00:35:39
2051,88,34b67e7d-5d3e-45e2-a104-b1267970f63d,10,2,11.35,2026-01-08T09:25:25.540645
2052,223,,5,1,30.93,09-05-2026 09:19:28
2053,47,653abb55-4415-4602-a7ee-ff2b1fa33e1f,5,1,44.11,2026-04-30T01:05:10.587398
2054,60,26ce343f-56ab-4645-a350-d192e748bc48,8,1,44.06,21-01-2026 10:35:15
2055,191,,10,1,28.85,2026-01-25T15:38:28.457044
2056,184,3d3a2f0c-9e44-4010-9ff3-e3c50ead8dcc,3,2,44.93,02-03-2026 16:43:31
2057,52,f5c0ab6c-96b9-4a74-93c0-736de0066f7a,6,2,12.09,2026-07-05T22:28:02.258374
2058,12,,10,2,57.33,01-06-2026 22:32:48
2059,205,,4,2,70.95,09-01-2026 09:44:09
2060,248,,5,1,96.93,2026-07-25T00:19:14.883599
2061,260,ffa29565-c7e6-46e1-9431-6f093774a945,7,2,76.28,03-01-2026 14:07:39
2062,15,6dacf75f-bcde-48a6-834a-8d336c4675ee,9,1,91.85,2026-03-16T15:52:16.555749
2063,291,7a2a65e3-036b-4c4c-8959-c31a76b9eb32,3,-1,29.98,2026-05-03T23:25:59.208524
2064,47,,3,2,43.16,2026-07-20T12:28:42.476853
2065,236,e9652a8b-bef2-415b-8f9c-085b50ca3ee3,3,1,87.71,15-03-2026 17:08:38
2066,158,3ea4e110-f229-4409-a4b7-3f5beb029ee3,3,1,85.07,13-02-2026 11:18:46
2067,47,f1d7a00e-9cf6-4a39-b996-d6814ecd896d,3,-1,53.31,19-07-2026 10:53:21
2068,3,,3,2,5.49,11-03-2026 23:40:53
2069,109,,7,2,69.15,2026-06-03T03:32:17.995614
2070,199,892d98f3-6ce2-4247-bdd6-0711fb96c5dc,6,1,36.99,07-07-2026 01:17:03
2071,145,,10,2,51.08,24-01-2026 17:05:35
2072,251,58f7abed-3cdf-45e7-a52a-8b64ab064ee0,4,-1,13.71,2026-03-25T09:04:40.400325
2073,189,,6,-1,81.44,09-08-2026 03:18:07
2074,40,1c1897fa-cacd-491d-9adc-d794973804c5,3,2,14.74,2026-06-10T16:04:19.000098
2075,155,,2,2,35.33,2026-04-10T13:09:43.049013
2076,218,f921ec5b-bc67-49b4-bb62-23647b3b6e18,5,2,35.62,01-05-2026 06:41:06
2077,18,,7,1,12.17,2026-01-03T17:57:29.974766
2078,239,89f2a0ac-ef59-446a-b29d-3ce5fc7a318b,6,-1,71.93,11-07-2026 02:32:00
2079,7,737c0a17-6dd6-4fcb-9237-71b6af494a7e,6,1,55.34,29-07-2026 14:43:06
2080,233,c4cb77cd-dd1c-46a8-bfab-a61cf620230a,8,-1,95.79,06-04-2026 12:08:09
2081,217,3146ce69-e127-4006-8ecf-eadb6c68bf25,5,2,22.16,2026-04-24T17:30:38.989377
2082,231,,8,-1,30.18,30-01-2026 05:28:54
2083,58,9d877cf6-1671-4aab-b8cb-f9b1c0b13fd3,7,-1,74.76,2026-03-20T18:29:17.706747
2084,77,09ab4ba3-9837-4a8c-a97f-75f3dba2c535,6,-1,56.97,2026-01-12T07:28:39.399714
2085,264,,7,1,43.8,2026-02-16T05:04:34.526977
2086,63,,8,2,0.26,06-02-2026 05:30:39
2087,130,,6,-1,26.1,2026-04-29T00:48:57.080090
2088,278,,3,2,32.47,2026-05-18T20:13:35.354329
2089,229,,5,-1,-1.26,2026-03-14T03:23:21.307160
2090,183,08442862-2ee6-4bc1-9637-0934bbc0a069,9,-1,36.6,2026-05-12T09:55:26.463202
2091,44,d665d092-9d89-41ec-81f9-4e6d3b940b31,3,-1,10.19,15-08-2026 23:56:49
2092,221,,6,2,67.34,2026-07-26T00:17:15.546072
2093,269,,1,1,29.29,2026-04-23T23:15:29.850919
2094,76,12d3329d-3ae6-40c7-8ac3-72f93d36b882,7,-1,97.93,2026-06-30T18:40:00.102221
2095,173,,7,2,-2.65,13-04-2026 01:49:19
2096,41,,2,1,54.94,17-08-2026 05:25:24
2097,264,ddaf85dd-65fb-47d2-8093-d122be17ea01,1,2,55.2,2026-04-21T00:32:14.132511
2098,224,,3,2,47.66,2026-04-04T17:08:38.380728
2099,205,c48f0a79-4100-43aa-b450-c235fe9834a2,5,2,-4.47,2026-08-14T21:10:11.155964
2100,10,,3,2,23.04,28-02-2026 07:17:11
2101,50,67a78bf9-1fa3-477c-9116-19619125910e,4,1,69.45,2026-01-23T16:33:39.568438
2102,33,,10,2,56.73,22-06-2026 16:06:50
2103,278,,8,-1,-3.68,28-01-2026 15:13:43
2104,164,,8,1,43.5,04-06-2026 14:05:23
2105,108,02762068-8817-485f-8ca8-bc2c2a7db92d,7,2,37.31,2026-04-24T14:19:44.472330
2106,250,,2,1,73.54,14-04-2026 03:12:10
2107,156,,6,2,65.82,2026-07-31T09:20:24.134392
2108,80,0fa430cf-cb62-4bbf-8369-6a9536f91b1d,10,2,54.31,15-04-2026 19:32:54
2109,12,,9,-1,46.53,2026-07-18T14:22:01.909107
2110,193,5f043d19-aae3-4096-8f29-5df75af35f97,7,-1,94.63,2026-01-08T12:12:46.538728
2111,50,,4,1,99.17,04-06-2026 16:29:11
2112,92,fd1a1849-1fb2-45a1-8515-a9caa3d36deb,7,-1,37.89,2026-04-21T05:12:38.971593
2113,215,,6,2,61.18,10-01-2026 05:53:00
2114,258,,4,2,46.96,05-06-2026 05:35:08
2115,147,,3,1,37.01,2026-03-07T00:11:13.348064
2116,273,,8,-1,13.09,2026-02-12T10:12:53.295979
2117,197,,7,2,14.83,2026-05-20T21:22:15.671804
2118,115,349a78db-7214-492d-b338-5a15a273a81b,10,-1,47.85,2026-04-09T09:34:16.963069
2119,293,,1,2,59.03,2026-03-13T22:55:02.288138
2120,292,,2,2,-2.61,01-02-2026 11:55:00
2121,283,f908f8d9-b183-4d1a-8041-9ea8f443e806,3,2,33.75,2026-02-20T07:18:11.705787
2122,90,,4,2,8.93,2026-03-05T01:05:15.540320
2123,16,8fb47b1f-f100-4d6d-90c0-39220959e0bd,10,2,43.22,29-07-2026 05:22:05
2124,124,e7d3da01-f984-47da-bbed-ebac803c9f3e,8,-1,62.34,19-07-2026 16:23:27
2125,82,37bfcf3e-bc67-4fdb-a512-7b9340d51953,8,-1,96.06,2026-07-04T08:21:52.948624
2126,17,,9,2,85.53,2026-05-15T12:24:00.280359
2127,214,,9,1,70.16,2026-02-24T14:37:07.256887
2128,225,,1,2,80.22,2026-08-19T03:03:29.688429
2129,187,,9,-1,63.21,12-05-2026 00:45:45
2130,64,49f54a5a-c8bf-400a-b502-ab9f51e25672,3,2,74.58,2026-02-28T10:13:40.189459
2131,87,,7,-1,30.68,2026-07-06T10:01:49.986134
2132,248,b21b0803-0cb9-4ae2-823b-ca02d831d0b9,5,1,29.65,2026-03-16T12:57:06.255091
2133,235,,4,2,30.96,06-04-2026 12:02:24
2134,170,,5,-1,23.91,2026-01-12T18:17:35.151439
2135,72,a85deacc-83e5-41e9-9755-faedc8d212a3,9,2,-2.28,30-01-2026 07:42:29
2136,289,,5,2,94.2,2026-01-03T08:54:12.158961
2137,291,,8,-1,41.19,08-04-2026 15:32:00
2138,80,1600b865-77ff-4ae3-994e-3aa5b26f6b63,3,-1,25.69,10-01-2026 23:43:02
2139,132,6d28d606-c915-41ee-9c6a-ba5b6ad4468a,1,1,56.24,2026-07-29T17:41:32.740331
2140,300,c78080dd-37f0-4785-a2e3-f382e39b64ab,5,2,70.72,01-06-2026 07:23:21
2141,245,c23eca56-17ae-45dd-9581-6a0acc027f84,6,-1,11.37,30-06-2026 12:06:55
2142,268,,7,2,63.08,22-02-2026 13:46:42
2143,90,,7,1,65.22,2026-05-21T21:56:49.834972
2144,176,ec256250-64ce-4e24-b645-23a5d3e2100c,5,1,18.55,18-01-2026 16:31:50
2145,62,1f245823-311e-4310-b0b1-c1929c9593a0,6,2,43.23,2026-03-06T07:23:06.646963
2146,269,af0b451c-0054-470a-8b78-a92cb80f6f40,4,2,64.75,12-01-2026 02:22:56
2147,51,,9,1,23.5,2026-04-15T15:31:39.669244
2148,29,,10,-1,21.04,30-06-2026 11:34:25
2149,94,52796b53-4605-40a5-b5dd-fea156e9bfcf,4,-1,70.32,2026-06-07T02:05:52.931020
2150,21,,9,2,4.59,2026-04-18T09:51:04.699969
2151,33,09e9e27d-0bb5-431d-8382-897ce7f7ff9f,9,2,1.39,2026-07-10T16:36:30.531980
2152,125,,8,1,51.38,2026-07-13T01:23:32.809099
2153,164,a31525fd-5062-4bfb-bfa0-bb675ea1aa48,4,2,7.22,2026-08-16T12:41:12.983258
2154,244,0fce9eec-c12f-4cd7-aa1f-a9aae0c8c838,2,-1,56.88,31-07-2026 09:42:03
2155,154,4425f238-bd0b-4a9f-8082-1754d411e529,10,2,85.42,2026-05-09T07:08:58.852231
2156,227,31467b4d-82c9-4975-8640-e5268b4505bf,10,-1,59.51,16-03-2026 19:43:26
2157,1,,7,-1,23.43,2026-02-23T10:05:09.695121
2158,169,,9,2,94.9,31-01-2026 11:02:15
2159,136,737a0658-39de-4383-9587-4e7f93054fd9,6,2,66.17,23-05-2026 02:18:45
2160,226,1825ee47-17e9-4802-a6bb-f993f9e8bb39,3,2,-4.32,13-05-2026 13:41:05
2161,254,ce8ec4a2-0101-4700-a347-cbb80dceee93,3,1,74.85,11-04-2026 13:18:49
2162,49,,6,-1,67.13,2026-05-03T03:27:58.524402
2163,100,78308e4f-9192-49ab-8f6c-fc60e8285a31,4,1,27.26,04-03-2026 05:38:17
2164,164,,2,-1,26.51,2026-06-27T07:30:09.071114
2165,293,91f520fb-f180-45f2-8de6-0d3f3f6321e8,6,1,15.15,03-05-2026 15:07:25
2166,88,baf1a5bb-4ce0-40c2-b89d-3080435baf2c,10,-1,11.5,30-05-2026 02:26:42
2167,214,,4,2,44.56,10-07-2026 02:15:46
2168,190,6a6ac614-c4ba-4fe9-b04f-40ea42154e38,5,2,71.3,04-02-2026 05:09:12
2169,231,,7,-1,36.32,18-06-2026 23:59:00
2170,3,,1,2,32.13,2026-07-19T04:03:01.509435
2171,234,,1,-1,16.23,14-05-2026 11:49:30
2172,151,,1,2,39.89,14-02-2026 04:54:56
2173,167,87b2e8d0-8d3a-4153-8dde-1bfca69858b9,4,-1,47.81,09-04-2026 10:05:55
2174,55,4aef899d-2e3e-4d5a-876a-a0a6a94306c5,4,1,29.18,09-02-2026 10:13:15
2175,241,62cf30ab-0209-4322-9a86-a061e7dbac15,7,-1,95.77,15-01-2026 19:34:51
2176,128,,10,-1,34.38,2026-07-29T23:25:26.991252
2177,29,,5,-1,33.79,02-04-2026 08:18:10
2178,57,,3,-1,2.77,03-06-2026 16:41:15
2179,78,ff50f225-a6f5-4d0e-a806-88a318dd8bf9,10,2,55.28,2026-04-27T00:47:42.515867
2180,225,46371d5f-2ee5-405b-87fb-a698649750b9,6,-1,52.39,21-05-2026 06:34:02
2181,286,,1,1,76.07,2026-03-06T12:05:29.569521
2182,161,,8,-1,87.88,2026-01-18T20:15:33.879680
2183,165,,4,2,33.03,2026-01-29T10:29:14.436892
2184,133,,10,-1,92.93,2026-07-14T20:47:36.828845
2185,62,,7,2,79.64,2026-06-22T21:12:51.133563
2186,271,c4eb34af-7ab7-4050-af98-1c50d8a6c789,9,2,-3.3,24-01-2026 00:11:22
2187,17,,9,2,24.68,18-03-2026 17:59:08
2188,35,a54c10df-c9aa-4b2c-803d-2ef8f12a6319,10,1,97.29,2026-06-30T06:54:24.815731
2189,273,321e1503-23a2-4fda-a275-8d8e9a8ab2a7,9,1,55.26,04-07-2026 13:03:05
2190,98,01322782-37c7-4c15-9955-1f12c1a5ddf7,7,2,43.9,2026-05-04T14:06:07.172385
2191,170,47af6896-4179-4be3-b92c-99956c2db228,3,-1,55.4,08-03-2026 14:37:33
2192,271,,1,2,55.35,2026-06-01T05:51:44.253768
2193,200,ec87b7a3-3d7d-477f-92d8-388f4ed3e41a,1,1,28.85,2026-07-11T07:55:05.570298
2194,133,38b58f07-320f-44a1-ae5c-b99629cde9bb,10,-1,75.62,02-02-2026 16:29:37
2195,103,,10,1,14.83,2026-08-12T19:20:37.465810
2196,106,,3,1,-2.25,2026-04-26T23:27:12.627327
2197,66,,2,2,86.41,2026-07-26T23:44:42.257130
2198,107,c83116d8-3eba-4804-b235-1c81fb5f394d,5,1,39.55,15-01-2026 03:27:14
2199,120,a95eaefb-aa85-4b5f-9449-5f4fa76bf6a5,6,1,9.42,22-03-2026 21:25:44
2200,64,,1,2,86.09,2026-06-19T21:26:08.114343
2201,195,5daec05a-4fdd-4688-8e3f-de209ee90a6f,8,2,36.91,2026-02-06T00:20:09.120978
2202,195,398e0d43-288f-4fdd-961f-52483f2f485e,2,1,48.2,2026-08-05T15:40:35.083849
2203,84,b7db7468-a6ab-463e-aa60-44d0b1326532,2,2,72.77,17-03-2026 12:37:57
2204,163,,4,1,98.44,22-01-2026 11:03:46
2205,245,,9,1,94.21,2026-01-15T23:05:55.059144
2206,4,,7,2,95.96,2026-03-29T21:06:50.472433
2207,182,,5,1,40.59,09-02-2026 02:07:22
2208,118,750df084-c981-4514-adde-82e251f801bb,7,2,-3.34,24-01-2026 22:00:27
2209,166,5d4ce2d5-9978-4076-9133-5d7d0f302f30,3,1,13.62,2026-02-08T06:16:43.664476
2210,66,1cfb87a5-b0c6-4904-8ff3-ea4307cef682,3,-1,44.33,2026-05-08T23:02:25.507978
2211,32,c55cfcdc-22f8-4363-8829-a920da5cd12f,5,2,59.84,2026-02-15T18:44:32.682902
2212,215,51b97969-cf67-43f1-b7b0-938405d8eec6,3,-1,96.36,2026-05-26T05:37:04.901736
2213,187,3175d231-0a93-4e81-ba87-a097c8fb8f0f,3,1,47.24,07-07-2026 05:44:23
2214,207,,5,-1,28.71,2026-04-19T16:50:52.711384
2215,170,571a9969-b8e9-46b6-9b11-e00b139644c9,8,1,72.17,2026-01-12T19:56:51.963085
2216,209,d00ef005-6539-4922-b6d7-c5125f8cc222,9,2,75.06,2026-07-16T11:00:31.232971
2217,81,45093c66-3d7c-4451-8eb6-7a84f487d5b2,1,2,89.2,2026-01-29T17:19:41.622264
2218,215,2242d02f-6389-4169-abdc-7b56e634eaa4,2,2,43.77,10-03-2026 14:52:24
2219,275,,3,-1,79.99,2026-02-10T11:34:37.395601
2220,160,,8,2,8.46,03-05-2026 13:53:08
2221,50,,8,-1,82.26,2026-01-10T14:44:49.059478
2222,65,ba45bafa-b52b-43e5-88b4-0188fa4ddeac,9,1,79.57,2026-05-10T05:08:16.265159
2223,116,b5de3b98-6613-4b21-9212-14102f69fa28,2,-1,37.4,2026-05-29T23:57:50.658618
2224,128,8c76c1e3-9551-4e3e-a870-902dd7bc3fa6,5,1,71.65,21-02-2026 23:41:48
2225,169,,10,-1,49.27,10-02-2026 04:51:38
2226,68,,7,2,64.43,2026-05-09T05:27:25.942424
2227,198,049c51b0-61aa-4a49-9dab-64b0d13b47be,4,1,-3.5,2026-05-01T13:56:48.002844
2228,122,4bff7b8f-e2f2-4a89-9d15-f343c8fc3b0f,7,2,-3.77,22-01-2026 23:01:27
2229,248,,4,-1,86.3,10-04-2026 15:41:53
2230,232,d8236d00-d7cb-4446-801b-61a8e42b4f51,8,-1,22.59,25-07-2026 08:16:59
2231,61,,9,2,30.41,2026-07-11T15:30:08.000837
2232,131,,8,-1,42.91,2026-01-02T23:03:02.769604
2233,176,,2,2,39.78,2026-06-15T17:32:50.368484
2234,279,c8231665-9ae6-4fad-9526-fd914e5f11c0,2,1,97.38,2026-03-17T22:04:10.992088
2235,62,,3,2,27.24,12-01-2026 22:54:34
2236,284,51dd1fd5-dfbb-4fca-be34-0a07ef431238,9,1,36.74,2026-05-08T07:41:39.374867
2237,73,858505d1-30e6-4e29-9240-7128820a4453,1,1,72.01,29-03-2026 03:05:22
2238,270,56955b97-407e-4766-a181-88539c7adfc5,10,-1,50.13,21-06-2026 17:28:05
2239,277,b7c6d4e9-497c-4750-9752-cead60a7ab3a,9,1,34.32,2026-01-22T04:05:09.583342
2240,85,01f7aa58-4ac4-4152-a95f-5e13a26ba640,3,-1,93.93,20-03-2026 01:14:31
2241,104,,1,2,26.13,30-03-2026 13:38:44
2242,244,,6,1,70.76,04-05-2026 22:56:10
2243,1,25ce377c-7bab-4763-bcd7-d2d61540d5ca,5,-1,53.35,06-01-2026 10:55:21
2244,107,1ee26674-2e26-4d41-b86b-10bba87af9af,1,2,9.73,30-03-2026 12:36:24
2245,83,31d526c8-4fed-4c9a-a2af-c98a90b5e206,7,1,62.84,08-06-2026 04:19:20
2246,100,7d0ba0c8-3212-4f72-8672-0f091aa66d28,6,1,18.76,25-04-2026 18:02:24
2247,72,,2,-1,72.66,2026-04-14T02:54:17.476345
2248,106,,3,-1,23.92,14-06-2026 03:18:43
2249,6,305bec49-382c-4691-bc29-8ffe4e7b152e,9,2,50.05,12-07-2026 15:29:04
2250,119,,5,1,51.83,11-03-2026 12:00:21
2251,79,e5ce6326-a516-490c-9750-6c7a14a6d98a,6,2,94.7,2026-01-05T14:05:39.064529
2252,196,,2,-1,43.99,2026-01-28T09:35:34.565840
2253,250,,4,-1,5.82,11-04-2026 01:44:13
2254,124,,7,2,0.95,2026-08-14T13:04:32.279207
2255,144,,5,-1,48.32,14-02-2026 02:58:02
2256,129,,2,1,5.62,22-05-2026 22:32:59
2257,125,,4,-1,40.55,03-08-2026 00:22:24
2258,54,,9,-1,82.93,17-04-2026 20:26:50
2259,266,,1,-1,6.32,2026-03-31T05:24:21.883619
2260,295,7cea23b9-431f-4d8d-a88f-9e3133a07f58,2,1,32.87,06-08-2026 22:48:32
2261,202,e3585f41-b403-477e-870a-c10f42a4e6b2,6,-1,77.75,08-02-2026 10:03:19
2262,294,68a3ec39-63b5-4a1b-91ca-622daea9ede4,7,-1,73.16,27-06-2026 06:20:43
2263,14,fb271d25-0af4-48f3-95f2-ad4c92bfb91f,10,1,-2.46,10-05-2026 23:36:06
2264,51,,7,1,71.55,04-07-2026 05:15:10
2265,184,,6,1,24.05,2026-05-22T05:04:53.348331
2266,167,,5,1,16.99,21-07-2026 02:13:51
2267,206,,3,2,84.95,03-05-2026 08:43:10
2268,181,547a3614-9130-4f29-b7c7-8734e8ebc3f9,6,2,5.64,2026-06-16T01:58:42.124168
2269,208,,10,2,62.14,05-05-2026 05:56:08
2270,104,,8,2,30.39,31-05-2026 18:29:53
2271,186,c644deff-9c3a-4f95-9d0c-c0a363e43447,3,2,-3.33,2026-05-12T14:03:49.068556
2272,298,,9,-1,62.44,01-01-2026 05:23:15
2273,287,defd9c00-eb81-4745-abca-2d55dcdfba54,7,-1,68.04,2026-03-01T21:00:34.333672
2274,48,04db9c18-0925-4351-a394-5b9edeaf5a2b,10,-1,37.49,07-02-2026 20:39:06
2275,75,,9,2,36.66,24-01-2026 19:41:34
2276,54,,10,-1,96.93,09-08-2026 19:04:23
2277,116,,1,1,52.54,12-05-2026 02:26:22
2278,14,,4,-1,98.24,2026-05-12T02:50:55.573084
2279,116,,4,1,-3.7,2026-02-01T11:28:56.810431
2280,11,,8,2,53.41,2026-04-07T15:38:49.043823
2281,212,8afc772f-e8c7-4ef2-9478-a03d7a3e91d5,9,-1,36.96,16-02-2026 16:18:36
2282,134,,5,2,33.87,2026-05-12T12:38:40.741112
2283,164,,2,-1,9.12,2026-07-24T16:26:42.403212
2284,276,d54b4f11-dd05-4c84-9b6b-a294c0b459e5,2,-1,69.38,16-04-2026 13:17:20
2285,54,581c0a05-11d3-4d30-90f2-2cb86dc1dc8f,6,-1,68.73,2026-02-19T00:59:02.189266
2286,239,,10,1,43.33,05-06-2026 07:17:38
2287,255,,2,1,-2.68,05-02-2026 19:29:52
2288,287,df119d37-5f4f-4be7-8e6d-c58c6d7b5de4,6,2,86.1,2026-03-29T15:48:14.516360
2289,33,,2,-1,23.99,30-03-2026 18:17:05
2290,15,,7,-1,75.26,2026-02-09T02:52:40.605026
2291,203,3788829b-06ec-47b2-9468-f885286df6e6,8,2,51.53,03-05-2026 09:23:19
2292,170,1d94945d-c116-4187-8f5d-b9b1903f0ae5,10,-1,94.36,2026-08-17T02:33:52.350544
2293,277,,1,-1,0.56,19-08-2026 02:35:59
2294,62,fe3e2433-6274-47c9-899f-636a0377ceee,10,1,50.63,2026-06-09T09:08:57.567355
2295,100,4335d6dc-d43f-4a69-acdc-3db218a28c9b,10,1,82.75,2026-01-09T21:21:00.176386
2296,254,2e202f9c-9f18-4ddd-a8bd-73f59ae584ec,6,1,4.89,23-01-2026 23:36:57
2297,294,,7,2,68.12,2026-06-29T22:52:11.070534
2298,176,adc3eb48-2f64-4a49-9301-f599986869d2,2,2,32.29,22-06-2026 13:17:02
2299,130,,2,1,22.35,2026-06-05T06:43:43.323096
2300,117,,2,2,42.43,2026-01-12T14:23:39.944594
2301,269,,1,-1,1.39,2026-02-23T14:41:16.933692
2302,192,dafc09a1-1582-4f69-a936-bd0e0a86366e,3,1,96.18,2026-07-09T19:17:36.553267
2303,3,,7,2,-2.1,29-07-2026 22:07:13
2304,36,e92484a4-1935-4713-a94b-961dd8c6ec15,4,-1,60.19,2026-03-15T18:04:07.193276
2305,275,380ba717-9577-4eff-a269-2e676ffa5dbc,6,1,86.57,2026-01-10T02:15:39.142375
2306,192,e43c55fa-c9d7-49e3-be89-68a6a54729a4,8,-1,83.83,2026-06-12T19:40:17.833734
2307,260,f6d4d1ce-6e3d-48c9-8e95-cd1c4c04a121,8,1,60.32,2026-04-06T07:27:46.416243
2308,160,,2,2,66.72,2026-07-10T21:31:00.136484
2309,52,,4,-1,11.3,16-02-2026 16:32:49
2310,233,,8,1,65.21,2026-06-01T20:47:05.391410
2311,174,bebb9e69-12aa-46aa-9f72-53034430d90b,6,1,20.14,29-06-2026 04:21:23
2312,97,,1,2,1.16,07-07-2026 03:14:57
2313,51,291d3302-237d-4a0e-9be2-419b6b1183d9,6,-1,54.11,25-06-2026 03:52:52
2314,280,2c9bc7ad-5523-4e0f-b1ea-ee4ae2b61a2c,5,2,9.22,2026-01-19T17:18:33.278296
2315,150,,7,2,34.59,30-06-2026 15:09:25
2316,13,,2,2,53.93,01-05-2026 03:35:51
2317,157,,5,-1,68.38,2026-06-12T16:56:37.895947
2318,97,7ca2921d-54c1-4b81-92eb-8031ff0730b3,5,-1,73.52,2026-06-23T14:34:04.149080
2319,161,730d4bf9-420a-4f4f-9fd1-ba7808869060,9,1,-0.04,12-05-2026 00:12:56
2320,198,824fa135-579d-4bd0-9fc6-bcf859c519c0,6,-1,0.51,16-03-2026 11:22:56
2321,261,0275d3ec-f57d-4546-90da-8ae7b3eb8082,9,2,66.52,2026-04-12T15:54:39.171252
2322,110,f9c1208b-64aa-43e4-944c-4d11fb7202d9,8,1,88.7,07-05-2026 02:05:18
2323,38,50d26fca-244d-49e3-9f16-7e2506f7a484,8,1,54.97,2026-04-15T16:33:34.494075
2324,24,,4,-1,7.21,27-03-2026 10:16:09
2325,3,77107335-719d-4d86-aa11-4b673cf8f2c1,6,1,98.64,2026-08-02T18:54:12.674799
2326,191,,1,1,9.88,2026-07-24T06:04:51.117670
2327,133,,10,-1,85.69,10-01-2026 23:26:21
2328,105,,7,-1,-3.93,16-07-2026 17:11:12
2329,194,,4,2,21.61,2026-04-29T03:25:37.722706
2330,203,f2ea2878-1b55-432a-aad0-128b6181b719,8,1,64.61,2026-07-03T17:47:54.695557
2331,37,9b70e021-3249-45f9-9b11-97a50458ce02,2,1,89.73,15-07-2026 04:58:04
2332,35,0f24415f-8566-4b47-8911-8d11e3aa49e0,9,2,12.57,28-03-2026 23:35:11
2333,204,,9,2,24.89,29-01-2026 06:13:20
2334,56,f94ad8ef-1507-4836-bd92-888248046638,7,1,94.77,21-01-2026 12:52:20
2335,103,63ad6458-b37d-47eb-b64e-d93400cc2c63,9,1,44.24,2026-05-22T07:18:47.556257
2336,58,4b898544-d23c-4a56-9145-c4ff366889e1,1,2,14.37,2026-04-08T04:23:52.221613
2337,124,,10,2,41.0,2026-03-02T23:55:36.557079
2338,227,5ff4f41c-20db-45b2-9d28-f8fe28a8669d,9,1,75.7,29-01-2026 09:04:11
2339,23,ffe892e9-33ce-4b01-9b47-83b48aa134eb,3,2,85.25,26-05-2026 16:58:20
2340,90,,8,1,89.66,2026-04-09T19:22:25.362315
2341,201,,3,2,48.09,2026-01-23T19:46:24.919798
2342,95,99f9a4b6-eca8-4f05-b348-5c38dfb6019b,6,-1,70.72,2026-02-16T00:27:53.676397
2343,226,2c773e4a-63ef-44ba-a601-8d5bedfa53a0,4,-1,50.5,2026-05-22T21:19:51.325449
2344,74,,1,1,66.9,16-04-2026 04:14:23
2345,266,618f76c1-12d2-4692-89a1-fefaa6c79649,10,-1,12.84,16-05-2026 11:59:34
2346,190,ce7c4b53-60d6-4741-94ba-2ba38c0de35f,3,1,66.85,2026-04-18T09:40:09.662517
2347,196,ac43a1d1-d0b9-47d0-b578-0da61b05ee89,10,1,80.44,2026-04-21T23:26:38.189253
2348,115,693e482c-87c8-4bce-a372-2fb173f441b6,10,-1,2.76,14-01-2026 23:49:15
2349,293,,5,-1,59.69,01-01-2026 03:39:41
2350,122,,10,2,31.24,28-05-2026 21:55:50
2351,246,83c2eaee-d458-4f15-a1b1-58435e9346f6,8,-1,87.34,2026-03-10T18:17:02.263849
2352,74,,3,2,99.91,2026-04-08T09:50:19.406779
2353,189,bce060de-b78e-41c5-ada2-a5f1ac051682,7,2,10.12,18-04-2026 09:51:26
2354,211,dbe3ae81-a115-4f6c-a66a-1f53ba87eda8,7,1,83.21,31-03-2026 12:24:04
2355,107,,7,2,43.36,01-03-2026 04:36:46
2356,228,,8,2,30.47,06-03-2026 16:22:11
2357,69,8d8b80f2-1d0e-4167-8af2-ed7a626579ae,4,1,69.82,2026-02-22T07:23:27.140470
2358,187,,9,2,34.36,11-07-2026 14:25:51
2359,110,,3,2,6.41,14-04-2026 06:36:23
2360,154,,1,1,17.8,2026-02-10T02:11:47.504748
2361,197,,3,2,-2.5,2026-01-18T07:46:39.437201
2362,198,aa004ac7-061d-416a-b76e-fe76922a6f18,5,-1,66.47,2026-02-10T17:12:02.769214
2363,206,3e3f628e-0248-424d-a1a5-1a7e4144c630,3,2,28.23,2026-02-14T03:57:16.680513
2364,67,,6,-1,92.97,2026-03-23T02:51:16.669448
2365,50,38e4ac5b-643f-42a8-ba9b-6f042c8b7e60,2,1,-4.09,2026-05-18T07:07:58.295383
2366,170,813616ea-ed2f-4921-b65c-035e99a777ab,6,2,16.32,2026-04-01T05:42:50.145373
2367,110,,2,2,60.44,18-04-2026 19:51:37
2368,299,,8,2,68.88,19-01-2026 01:26:01
2369,156,5e919de1-a96d-40ec-afa9-08df53cb018f,9,1,89.59,2026-06-16T20:31:39.546925
2370,84,,2,-1,90.57,14-02-2026 01:09:10
2371,82,,5,-1,84.04,2026-06-17T22:51:46.258669
2372,59,683179a8-6f97-4865-bdf6-1aacfbba150f,8,1,74.35,2026-04-24T15:04:41.606654
2373,196,,7,2,12.9,2026-06-30T09:43:22.179711
2374,186,,10,-1,14.09,2026-07-03T15:52:00.579581
2375,252,,6,1,88.08,2026-06-02T19:11:31.496625
2376,91,682a0a52-a8e0-446c-90bb-65169a040490,10,2,66.12,2026-05-22T21:47:26.617838
2377,57,ce845fb0-61df-4787-8ac8-1b9bfc35f12d,6,2,69.7,2026-08-13T15:42:39.461578
2378,182,,1,-1,88.56,12-05-2026 08:15:56
2379,87,,5,1,48.91,2026-04-26T11:09:21.171389
2380,251,,3,1,63.19,24-04-2026 13:14:12
2381,135,,7,2,-0.75,11-02-2026 21:28:20
2382,42,,9,1,8.72,2026-06-04T21:09:37.207927
2383,294,3425b3fd-0ba6-4529-ad82-67e26f8f4f5b,5,2,15.96,27-05-2026 07:39:48
2384,195,,1,-1,65.55,07-06-2026 23:06:56
2385,172,,9,2,37.76,20-07-2026 13:27:19
2386,68,,5,-1,15.25,25-06-2026 00:26:46
2387,137,acdefe57-0db0-4b0c-b045-8c5f260968cb,8,-1,3.9,25-01-2026 01:54:56
2388,261,3065de45-3f1d-4514-a725-9d84323f23b3,1,1,79.65,2026-02-05T20:56:37.737556
2389,125,60456f4d-a142-420c-93cf-403870ca5cff,3,2,1.82,2026-02-25T00:56:24.969621
2390,45,a7eec229-2963-4392-89b3-2af93c713148,1,-1,-3.59,10-08-2026 22:37:15
2391,37,577f7817-e643-45ea-b0ec-7c5d94cda4d7,10,-1,96.39,08-07-2026 04:00:50
2392,170,eaa9f3a3-58dd-4307-aeb1-1a5a4dcc65e3,10,1,0.9,2026-05-23T23:13:32.430609
2393,103,1f80398c-1435-4829-8ca0-b00fe6a49f10,3,1,70.42,2026-02-26T00:29:24.971043
2394,2,,4,1,0.25,2026-04-15T20:04:00.579510
2395,199,,9,1,44.98,2026-06-22T12:04:46.632657
2396,254,baf82f89-2a17-41fe-8aca-aaa57a31960b,8,2,71.81,2026-05-04T16:59:41.325350
2397,227,40d396b2-6569-4693-b511-8557bd9c451d,9,1,3.35,2026-02-18T18:23:09.979183
2398,135,6d5726b1-e44a-4cf6-80f4-7ab2d851580c,9,-1,97.14,2026-05-07T22:05:28.882801
2399,39,f8810a80-93cb-4fa9-a9e3-3cf7ff773e54,3,2,74.41,2026-07-02T06:42:27.734576
2400,84,,10,2,58.16,11-01-2026 11:26:59
2401,112,,5,2,72.22,2026-06-02T22:36:29.841006
2402,129,,3,1,1.47,01-01-2026 09:53:00
2403,177,a474115d-fae6-429a-afaf-968780cf7d4b,10,2,3.39,30-05-2026 07:35:52
2404,7,5e9f12e7-3b52-403c-ad4d-ac7d562d72ec,6,-1,76.0,24-01-2026 00:08:22
2405,34,,6,2,32.6,10-06-2026 10:29:57
2406,190,,5,2,27.91,2026-04-25T19:30:09.936301
2407,117,eac1ef54-852b-4216-af39-3d0118cc2c44,1,-1,32.05,19-02-2026 22:55:38
2408,237,,7,2,86.21,20-07-2026 18:38:50
2409,232,e16a303f-28cf-424e-b20c-baeb1f0435f5,3,-1,73.81,17-05-2026 20:37:53
2410,13,6a66c4fa-8140-471e-bb05-05ed8e5a6224,6,2,98.93,2026-04-20T21:37:02.064705
2411,205,,1,2,78.09,2026-06-22T01:52:11.746278
2412,78,f0a4a23c-1cac-4821-9002-15d80981eb43,4,1,-3.28,31-07-2026 04:07:39
2413,77,,6,1,-2.72,21-06-2026 05:08:59
2414,82,,9,2,18.91,13-05-2026 03:35:46
2415,256,,7,1,46.17,2026-06-02T19:34:37.958082
2416,181,09cc1a94-e108-46f7-8fe7-1d352d32211d,2,2,69.13,14-08-2026 14:16:40
2417,73,28dacc62-271e-4376-979f-5dca62053e94,9,2,79.38,28-01-2026 06:00:58
2418,252,ba6e3dba-30e1-4b6e-87dd-61008c08f91f,5,-1,11.65,05-07-2026 13:08:06
2419,220,46aaa426-917d-4785-b72e-6bda7e642ce7,10,1,50.61,08-06-2026 17:01:34
2420,192,2db9a56e-1fe2-4df4-8930-64552daaf124,6,-1,96.9,2026-06-05T10:08:46.681080
2421,10,,6,2,20.84,09-01-2026 23:54:41
2422,120,,8,2,53.27,23-07-2026 02:16:20
2423,100,ae3ea1c1-bad4-49ca-879e-61c3fe1c9a7b,6,-1,55.09,2026-03-27T05:05:48.062695
2424,122,fb9ca41f-3cc6-4cc7-baea-1811e19bf4a3,8,-1,44.32,2026-05-04T15:43:00.437106
2425,161,d57eb919-9130-4ccc-a9c4-cb65048c3ab5,7,1,60.48,2026-06-20T13:36:35.465323
2426,271,,8,-1,89.55,22-03-2026 11:07:41
2427,35,,7,1,78.08,26-03-2026 00:24:29
2428,74,,1,2,20.89,2026-07-04T01:53:15.978235
2429,168,,10,2,54.0,23-07-2026 16:06:25
2430,164,,6,-1,87.74,2026-08-11T23:38:07.525232
2431,97,c262190f-3e1d-4992-bbdf-6db984363303,5,-1,1.36,2026-03-27T16:47:39.847057
2432,269,,4,2,39.41,2026-04-04T22:19:21.519565
2433,153,,4,1,26.09,2026-01-26T12:39:50.389328
2434,216,094bef86-1209-4fa1-88f0-ac736c9eae66,6,2,76.46,2026-07-15T17:04:50.687455
2435,229,,9,1,57.35,26-07-2026 14:17:56
2436,56,,8,2,15.77,23-05-2026 00:20:54
2437,146,cc39f6ab-5dd1-476e-98a4-6d2bd6dc0ea1,10,1,28.89,2026-05-18T20:00:44.571630
2438,64,9d18064d-6cb6-46bb-b701-b098fa079848,6,-1,45.1,2026-03-26T06:56:08.008103
2439,162,,9,1,61.03,12-04-2026 22:23:31
2440,203,d3434bcb-af22-4f32-b66c-4272c15d5fa2,6,-1,82.79,2026-01-18T13:46:58.547615
2441,145,,10,-1,-0.86,2026-02-05T16:48:08.734614
2442,68,,2,1,9.69,2026-03-12T08:17:03.180969
2443,268,e01ba5e4-5106-48dd-b8cc-4497b8302275,4,1,74.24,25-01-2026 01:19:00
2444,174,807c9cbf-2dd5-4736-9b5f-9486b34001bd,7,2,73.84,08-05-2026 19:50:51
2445,206,445e0d96-a276-41e2-9907-43e4d0529a43,9,2,62.39,23-06-2026 18:07:34
2446,80,45cccea3-cc1b-4082-b3b5-7614ab75acc0,4,2,11.7,26-06-2026 08:13:14
2447,117,e5b6c557-3f2c-4808-853b-4f2beacede92,1,-1,66.77,2026-04-02T11:28:28.383199
2448,27,8f7908d7-e2b4-4140-87b1-2bea2706f266,8,1,-0.57,2026-06-13T10:01:58.112217
2449,79,f0bf72af-299f-4a60-8ac1-4bc009523aa8,9,2,28.91,27-05-2026 10:09:40
2450,10,,8,1,65.31,24-02-2026 04:40:43
2451,282,8ed584a0-9c36-452d-a1bb-4314cbd694ae,1,1,56.92,2026-04-17T01:39:35.538010
2452,118,,1,2,68.69,09-01-2026 13:55:13
2453,261,9a3b299b-45ee-417c-97ec-667803713c22,7,1,10.99,2026-06-30T01:37:26.991437
2454,145,,9,2,48.64,2026-05-14T11:18:28.142618
2455,104,,6,1,29.34,29-03-2026 09:14:53
2456,202,46f83a2f-5d52-4e8d-a875-537cdd26b1fb,5,2,-1.97,06-05-2026 07:13:47
2457,105,30923e56-fee6-4bd1-88b4-6960306feb10,2,1,35.68,2026-03-22T13:25:01.902029
2458,106,dc92da10-92f4-43bc-9b59-df3eb7c42dc7,10,-1,73.46,2026-03-22T19:16:10.561446
2459,156,,8,1,63.02,2026-03-27T18:05:50.974871
2460,291,,4,-1,-2.5,2026-07-14T10:16:06.947921
2461,111,e8e99f19-b699-4f98-8f05-ebad6db39588,6,1,47.46,21-06-2026 03:53:07
2462,168,,7,-1,74.16,01-08-2026 07:39:52
2463,246,,4,1,59.72,2026-08-19T13:27:17.549405
2464,16,a102dee1-7c62-4296-a290-ae229cdf267f,1,2,92.67,25-05-2026 07:22:17
2465,228,,10,1,5.21,13-03-2026 10:27:06
2466,111,b275f04e-4735-44b6-906b-3bbe83655e08,7,-1,87.03,2026-06-12T01:38:33.367435
2467,144,,1,2,75.9,2026-04-10T16:52:17.988690
2468,155,21b5c444-0bbc-40ba-add6-4d930c27f724,5,2,92.66,2026-01-01T11:41:15.393897
2469,62,d6db9610-7072-4e62-88ac-024f2c35b13e,8,1,-3.49,2026-02-10T04:53:52.794393
2470,121,,10,-1,53.53,04-08-2026 17:54:33
2471,12,,2,-1,67.64,2026-08-03T02:38:27.384564
2472,34,,7,1,-1.1,25-02-2026 16:43:53
2473,239,,3,1,55.56,2026-03-30T21:49:23.942399
2474,33,,5,-1,45.31,15-05-2026 09:42:11
2475,13,,4,1,67.42,2026-03-05T11:23:55.795312
2476,23,,9,-1,46.3,2026-01-28T16:58:17.457746
2477,25,,6,1,57.8,06-06-2026 03:05:45
2478,242,51206b3e-8b10-46e8-98b3-f7b4123c3a97,6,-1,89.69,2026-07-24T12:59:54.709163
2479,165,,7,1,55.92,24-06-2026 07:02:26
2480,240,,5,1,80.49,28-07-2026 22:30:11
2481,278,,6,2,4.08,17-06-2026 05:14:23
2482,71,,6,-1,43.99,2026-04-19T08:02:25.490667
2483,22,,9,-1,10.23,17-03-2026 14:40:31
2484,277,0084aafa-087c-4de0-aafa-b15f6d760b6c,10,1,97.61,2026-05-17T19:43:03.835653
2485,203,88585dd2-33e5-49ab-b3de-ee7ea9b7b487,7,1,99.0,2026-05-11T06:55:38.767806
2486,267,ed9db845-0f49-4b62-8196-308a66399969,10,1,21.75,2026-06-21T00:31:30.573205
2487,117,,8,1,29.18,24-02-2026 06:29:58
2488,281,,9,-1,81.03,2026-08-19T09:08:50.474227
2489,296,,7,-1,73.91,2026-05-21T04:43:26.209837
2490,116,,3,-1,89.0,2026-01-24T17:34:11.298552
2491,1,5739aadc-a40d-4b1a-b3e3-f38dfb0a8c65,8,1,91.16,31-07-2026 00:36:24
2492,124,,5,1,51.91,2026-04-05T17:37:57.642234
2493,98,fd424841-c85e-4c3c-8d57-876bfe6f1240,1,1,26.06,2026-04-12T09:19:17.858261
2494,96,359f624a-de6f-4015-8819-159fcc8697f7,2,2,42.52,2026-01-27T10:30:36.445395
2495,217,,7,1,68.27,03-02-2026 02:49:24
2496,176,,6,1,26.9,28-03-2026 17:15:11
2497,22,,1,2,28.56,2026-05-10T09:39:23.588255
2498,131,,7,-1,75.83,04-08-2026 22:17:25
2499,180,,1,2,-0.94,22-03-2026 15:48:07
2500,45,,5,-1,4.67,2026-01-21T23:54:57.447924
2501,49,,7,-1,30.43,29-06-2026 03:57:26
2502,18,,5,-1,76.6,24-07-2026 02:51:35
2503,111,,2,1,66.8,2026-04-29T02:32:12.862042
2504,260,,2,-1,14.03,26-06-2026 01:14:59
2505,290,,9,-1,71.05,14-04-2026 21:54:01
2506,300,44778872-18a0-4196-a9d9-320e10ee1ee2,9,2,13.26,25-02-2026 14:39:36
2507,151,649b6c24-3dfd-43df-9d95-ca16491d249b,1,2,58.12,13-05-2026 01:18:24
2508,57,629e2b34-1b6d-4de5-b680-58aff6d6c320,2,1,45.63,2026-03-04T20:36:45.625742
2509,3,,3,2,-0.39,2026-04-06T21:27:46.821082
2510,115,,10,2,19.02,11-08-2026 07:05:56
2511,60,1ac2d055-4e4d-49b9-8996-4476938cfb21,3,1,8.86,2026-07-11T12:28:36.041146
2512,225,,6,-1,40.15,31-01-2026 23:47:37
2513,279,e2d20f63-4978-4b85-a7bc-c737f088013b,7,2,-1.48,01-05-2026 15:28:49
2514,286,,2,1,4.16,16-08-2026 22:52:00
2515,244,,9,1,90.19,2026-01-26T00:51:03.617011
2516,62,cce1b396-f19d-4fd0-bcb7-932a0e484a19,3,1,54.89,2026-03-24T13:58:08.755117
2517,229,,9,2,45.18,2026-08-14T01:43:00.864684
2518,299,,2,-1,-0.83,2026-04-30T22:39:44.721884
2519,76,,3,-1,68.65,2026-03-15T09:28:32.559779
2520,191,d17f702d-26fc-4962-a873-e521520aeb20,9,1,6.84,22-01-2026 09:09:40
2521,300,cb34fc49-54a6-4b23-86d6-0568b40409eb,5,1,28.55,2026-03-02T13:12:41.777198
2522,246,0e98a8c2-922c-457d-924f-47c40911d047,4,-1,44.85,03-05-2026 07:31:29
2523,110,3ba6866e-95c2-4e18-8705-946adcdd9f55,3,2,53.07,2026-03-16T00:10:38.065385
2524,75,0a7d0ad2-dccd-457a-84bf-d97220d18b37,9,1,85.42,2026-01-17T11:51:14.174606
2525,245,f8129b1f-20d8-44db-8ae7-f968ee0b0013,10,1,20.94,14-04-2026 07:49:15
2526,186,6a22fb2c-d710-4dea-afac-0df157ae9955,5,2,1.27,12-06-2026 23:46:07
2527,22,,7,1,15.22,13-04-2026 15:25:32
2528,201,,10,1,73.6,2026-07-23T11:08:17.682642
2529,246,,3,1,57.89,17-07-2026 09:54:28
2530,255,dec357bc-36dd-417e-b209-fbcaa150aa9d,7,-1,-1.75,2026-01-05T18:32:08.314467
2531,288,c98b7405-eb6f-449f-9f4a-b4b3c21dca8d,3,-1,-0.81,17-04-2026 04:15:54
2532,202,,8,-1,79.72,31-01-2026 08:15:56
2533,156,,5,2,48.7,27-01-2026 01:21:37
2534,287,153492f0-e0ac-4cb1-a57b-698b877c9e15,8,2,4.55,06-05-2026 00:27:49
2535,176,c3f40e0a-f4c7-458d-a4dc-c9a6c23d26df,5,-1,23.16,22-05-2026 18:01:11
2536,148,d74c1e97-9641-4efe-a636-26565d3aa311,6,2,90.26,2026-07-26T19:03:32.676192
2537,179,,4,2,49.36,13-05-2026 05:14:20
2538,143,,10,2,65.32,2026-07-30T05:53:57.424791
2539,72,,4,-1,67.03,10-02-2026 04:42:08
2540,105,,10,-1,13.21,14-06-2026 22:23:37
2541,127,ed1ce017-4bf2-44a7-8637-da6c9c149506,10,-1,82.19,2026-03-26T23:33:38.486580
2542,255,,4,2,45.86,25-01-2026 04:53:35
2543,291,,9,2,10.37,2026-05-02T02:27:15.752120
2544,130,cf73c9a2-5f3f-48bb-9b14-661370c5d7ae,7,-1,98.31,2026-03-04T09:46:31.107258
2545,35,3c407695-31c2-4c3f-a810-42e2b4b752f0,5,2,42.75,17-03-2026 18:47:33
2546,262,,4,2,0.35,28-06-2026 17:50:14
2547,251,036a3378-6219-41e1-84b8-326c47efde73,8,2,35.62,2026-02-08T06:21:38.464003
2548,72,444166c4-a624-4459-991f-ca37acd59084,2,2,74.81,2026-06-30T18:48:41.467038
2549,22,b2daa180-5372-4934-8934-d94974ddc47f,5,1,52.59,11-07-2026 03:53:57
2550,66,09306d67-9b1d-4aa8-ad5a-6416dbc6944a,7,1,-0.81,2026-02-03T13:19:33.584539
2551,6,07021a36-7e25-4532-9c64-96b39a587e67,6,-1,70.56,17-02-2026 01:03:46
2552,221,5abd33c7-fcbe-473e-858d-382df1adf929,4,1,59.92,27-07-2026 18:46:58
2553,283,,4,1,-2.59,04-06-2026 22:37:22
2554,113,2ecfefc7-c5b3-4e88-bab5-a6f2fd7691c2,7,1,51.88,2026-06-21T09:40:11.664689
2555,83,e79e003f-ebed-4e5c-a6d6-36c71b701eb8,10,-1,59.48,25-06-2026 18:04:35
2556,249,fde6c717-b54c-4072-a74a-d1aa0bcd8f57,2,1,83.77,2026-02-22T19:54:37.541405
2557,124,,10,1,88.65,2026-07-08T03:51:07.811747
2558,144,8e914d48-d020-4565-a43e-a30d12b7f37c,1,1,65.47,09-07-2026 08:13:53
2559,297,,8,1,19.38,2026-04-15T02:41:56.539312
2560,210,,8,1,72.61,30-07-2026 17:34:36
2561,195,54d743f4-ffbb-4ddc-8080-bfbd318230ff,9,2,16.54,01-01-2026 16:21:00
2562,224,,6,1,47.4,10-04-2026 13:39:41
2563,227,abdf3c15-a894-4be8-8e97-2fb3386b4e73,6,1,68.86,28-05-2026 07:44:52
2564,87,,4,1,27.99,12-06-2026 13:19:01
2565,141,9bb73cf1-3edc-4dc3-b72c-d6857d1fe3a2,5,1,34.84,02-03-2026 03:13:32
2566,13,72ef24d4-927a-45d4-bb4e-1a0cadf806b1,2,2,69.87,2026-06-23T18:30:38.054141
2567,200,,6,2,-2.85,30-03-2026 06:15:22
2568,229,,2,2,21.77,2026-08-13T06:30:50.094345
2569,138,,5,2,11.6,2026-04-30T13:19:52.616024
2570,300,ff454799-a629-48e7-a42f-4757c2053398,1,2,33.28,2026-01-19T10:54:57.842505
2571,47,afc28bd3-0839-4f97-9993-df89f6f8802f,2,-1,68.01,2026-05-04T10:30:58.500566
2572,129,d3a2676e-a905-42dc-938f-b921954ab258,9,2,42.58,02-08-2026 12:38:04
2573,73,,5,1,19.05,03-07-2026 15:13:20
2574,86,76dd6f32-4910-4187-b312-556f30576c2c,4,1,60.2,2026-07-26T16:50:01.807473
2575,148,,7,1,19.81,2026-02-13T13:06:08.199338
2576,40,a170f85a-ac29-4939-a08a-74b7bd6bd41f,2,2,80.82,2026-02-10T14:59:31.909113
2577,274,fbd47473-52b2-4354-b302-7f17b97a8780,8,-1,74.89,2026-08-18T07:44:11.398379
2578,79,a32566bc-441e-43cc-9251-f6d7d92ca25a,4,1,29.18,2026-02-06T02:07:31.476072
2579,140,b5d4868d-c7df-415f-b670-2f8f09e9303a,9,-1,88.96,10-05-2026 07:08:24
2580,70,bd6da182-d550-4f22-9040-2c60055ea18b,1,2,11.37,2026-06-03T02:57:30.898497
2581,124,,10,2,43.55,07-05-2026 14:13:24
2582,90,997a294e-235f-4d10-ae52-35c83998484c,4,1,62.21,2026-06-26T00:11:52.716857
2583,35,,3,1,25.16,19-07-2026 18:15:29
2584,203,,9,2,96.02,24-03-2026 21:24:27
2585,296,,5,-1,93.37,2026-07-10T06:34:30.000316
2586,258,,3,1,16.72,28-07-2026 02:22:43
2587,153,d921bb3a-47a9-454b-9f64-0f90a5442190,10,2,35.17,01-03-2026 02:32:35
2588,192,28137265-5bcf-4ab6-88ea-a4992127fcaf,6,2,15.86,2026-05-27T14:55:24.804031
2589,111,,3,2,85.85,2026-06-08T11:05:02.398772
2590,155,,4,1,-3.28,2026-04-05T04:01:33.348074
2591,225,,8,2,43.97,07-06-2026 18:55:54
2592,191,ba733eb3-f539-4f84-b5a1-629da55a97cd,8,1,38.66,2026-01-17T00:39:43.373012
2593,126,e820ddd5-222e-4433-8a18-888b8b7f6c53,2,2,34.27,22-01-2026 06:10:11
2594,239,,7,1,57.81,11-07-2026 22:55:12
2595,263,,1,2,2.11,07-03-2026 20:05:54
2596,100,,9,1,-3.84,2026-05-12T09:05:02.250503
2597,75,,1,1,48.5,29-01-2026 15:25:59
2598,13,,7,2,78.84,15-03-2026 00:43:51
2599,178,,5,2,0.35,2026-06-18T10:38:19.314806
2600,225,,7,-1,-1.2,2026-04-16T20:54:56.835556
2601,79,,6,-1,70.0,28-06-2026 02:13:20
2602,74,56dee862-71b9-425f-b9ed-b8eed7ae06e8,4,1,59.77,20-04-2026 13:49:25
2603,202,7fadd9ea-7951-4eaf-92b6-8cccb783d527,1,1,26.81,2026-02-28T00:05:07.165803
2604,100,,10,1,38.85,2026-03-19T05:41:47.864866
2605,219,,4,1,99.06,2026-08-05T18:34:53.976103
2606,20,,8,1,18.0,2026-06-07T16:05:11.329161
2607,253,0eeca7d6-5cb4-48dd-95c7-91bff0cdcd9d,2,-1,43.26,05-02-2026 18:13:44
2608,191,,5,-1,53.65,11-06-2026 18:01:00
2609,168,56ca14ee-0a4b-409d-b1a7-bdad15cd1543,10,-1,66.67,2026-02-28T21:37:15.187928
2610,116,1c31bd64-4343-43d5-b572-ae08bdd99209,7,2,23.58,16-04-2026 17:34:12
2611,256,,1,-1,26.54,06-06-2026 22:27:12
2612,55,34d02153-a6ed-47ac-9113-45587b417f21,9,1,83.67,2026-06-22T19:12:22.140760
2613,128,,3,1,68.23,20-07-2026 02:19:17
2614,212,,7,-1,29.78,2026-03-31T09:22:25.163848
2615,125,cd7ae37f-d2fa-4c6a-8b4c-07dd0f66ba72,10,2,94.59,2026-04-13T17:25:10.551851
2616,161,e7aea1b7-551b-4bc9-83ac-82365ec7e3b8,7,2,80.58,2026-06-02T04:50:06.015359
2617,213,,1,2,93.45,2026-08-05T05:11:50.512081
2618,158,81c6ab58-469d-4a59-88a4-1340d6fe6284,8,2,92.42,17-03-2026 12:48:54
2619,110,,7,1,25.08,2026-06-11T04:45:25.173746
2620,173,17aa2c67-d726-4269-9bc7-cd9ba2d1c5fe,10,2,57.31,2026-07-27T15:55:34.428205
2621,52,46d229f5-691f-4dd1-95b6-3bd87bff2870,2,-1,-4.11,30-05-2026 23:39:46
2622,253,85eb6d88-c16f-43b4-a013-570cd7ee0e5c,3,1,-4.78,2026-03-19T05:57:43.346846
2623,17,62049dbb-fa6c-4356-97de-15bc87f495b1,5,2,66.27,10-05-2026 03:01:33
2624,293,ff2a669e-71c3-4404-9abc-5ba1cade3fce,1,1,88.75,22-02-2026 19:06:28
2625,52,7258f04f-1a70-4faf-9b20-5d143e67433a,10,1,98.76,2026-06-04T11:40:35.625244
2626,99,654e388f-5454-4b9d-a6f1-ad1ea220edff,7,2,6.29,09-07-2026 11:04:09
2627,270,dc4b40a3-481f-420a-a6be-3f728ee5e45a,10,2,9.55,02-05-2026 11:20:40
2628,134,32295ac1-9e48-4aed-a060-ce756dbba9d3,9,1,47.12,2026-06-22T22:38:47.914501
2629,146,3f3fb73c-7d3d-4eab-86da-15ac2dfea1e8,7,2,64.83,14-01-2026 11:32:24
2630,232,,9,2,25.83,20-04-2026 06:14:48
2631,215,4fe82b13-f3ce-4db7-b99c-46681d7f8795,5,-1,29.29,2026-02-16T18:16:29.128269
2632,237,4c0330fb-e608-4d9f-963d-1d91c7efc4e2,3,1,3.34,2026-07-13T14:12:56.875986
2633,76,d7da4f71-284c-439a-aa53-856d537d6218,8,1,10.68,2026-05-07T09:20:00.571485
2634,145,,6,-1,20.12,26-05-2026 08:32:39
2635,223,,2,-1,65.17,25-01-2026 14:44:33
2636,108,,1,2,11.44,2026-03-30T14:52:30.587578
2637,177,55c45028-8e6a-4197-a571-0cc10a84b205,1,1,83.32,25-03-2026 18:24:55
2638,200,f9664c25-6ca5-4b85-acb0-435c137054a0,8,2,64.12,07-04-2026 11:19:09
2639,166,,3,2,73.25,09-02-2026 22:35:23
2640,162,5310e599-49dd-49db-9443-fe02fad992d5,1,1,95.2,19-03-2026 00:08:12
2641,48,,6,1,-0.59,2026-03-28T14:42:29.481045
2642,123,,5,1,70.68,24-07-2026 00:51:52
2643,20,e4544654-9151-43a2-a223-feeee8d82bd1,6,-1,31.01,24-03-2026 13:44:38
2644,173,0d1edcaa-dc59-4eb1-a8ee-b7673b58dce5,2,2,76.01,2026-01-01T04:25:29.719837
2645,109,294d4c03-8621-4414-9d49-085f777022b8,6,-1,64.16,12-01-2026 22:32:11
2646,272,,9,-1,59.31,2026-02-11T19:19:54.970420
2647,223,c37f3848-8902-4810-be88-1f1871efd9cb,8,-1,57.05,15-07-2026 14:17:22
2648,276,,1,2,29.92,06-05-2026 09:40:59
2649,33,,7,2,90.98,2026-04-13T11:59:10.189444
2650,162,fdaa83da-9dfe-4d7f-9d52-4f2b25248512,8,2,26.53,2026-01-30T06:45:28.987316
2651,118,,7,2,-4.55,2026-04-29T09:45:04.947599
2652,21,86833b7d-ffa6-403c-83c4-060f2be01072,8,1,36.68,06-08-2026 01:42:07
2653,25,67ca3e80-fcca-41dc-bdbc-e03bcdf735ee,5,-1,80.51,07-03-2026 21:29:18
2654,9,,10,-1,0.38,2026-03-30T19:35:10.669674
2655,274,,2,1,92.19,25-05-2026 12:36:11
2656,288,,3,-1,63.89,2026-08-19T01:53:46.571404
2657,220,92eb1162-6001-48c3-ad17-22724448bb9a,6,-1,20.79,31-07-2026 22:28:13
2658,11,b603af79-77e0-463a-ab0b-2c96e72865da,3,-1,71.76,2026-01-22T05:53:19.082577
2659,150,,7,1,90.13,2026-03-10T18:21:43.929118
2660,84,,2,2,27.5,2026-03-06T15:26:57.584197
2661,40,09d1497f-7f76-4e35-9667-d08379d133dc,2,1,95.13,2026-04-03T16:51:46.811908
2662,139,6041fd96-bfaa-47a8-b489-4168033f0754,2,2,30.44,08-08-2026 12:31:25
2663,262,5c277652-ef47-40c0-b181-c76a54dc044a,8,-1,59.51,2026-06-01T11:03:35.227742
2664,183,8e692750-c502-40ad-b93f-54e6c7a5dbd6,6,1,35.73,2026-02-06T17:33:55.954694
2665,280,,1,-1,79.46,2026-04-06T16:07:46.099638
2666,33,c698a15d-c2b4-4551-8f30-83858235cb52,3,2,11.84,2026-07-26T19:48:40.491799
2667,246,,1,2,84.62,29-05-2026 05:06:48
2668,54,,4,1,14.97,26-01-2026 12:57:51
2669,35,bb08c753-3354-4526-b420-4117a705a680,8,-1,75.94,10-01-2026 20:18:38
2670,165,,4,1,-1.18,2026-06-15T17:14:18.669068
2671,2,,1,-1,93.06,12-08-2026 19:48:28
2672,213,bf8141d6-19e1-4274-8022-944b5b588d86,6,2,3.95,2026-05-03T13:56:18.020870
2673,267,b7370622-8ea9-4af7-a02d-d61cf39677f7,10,1,44.71,01-06-2026 04:07:49
2674,62,04f7a4ec-168d-46ac-b313-858f0dd98e9f,6,1,27.77,17-06-2026 00:50:09
2675,151,224160d9-639a-4961-a657-bd0457300fdc,2,1,93.6,2026-06-20T23:00:04.712409
2676,133,,3,2,30.69,14-07-2026 22:22:00
2677,39,,2,2,27.38,11-07-2026 22:31:02
2678,209,51e7e785-7cdf-4565-96fc-0dc35107134e,1,2,29.41,2026-02-03T03:58:01.028189
2679,71,a957092a-9d4d-4ae9-9c63-664688fb1e0b,6,1,4.99,09-03-2026 21:43:32
2680,171,,2,1,55.52,2026-06-26T02:54:28.578790
2681,119,9fc72807-b03e-4282-b9b9-b2f1d1b2974a,5,2,83.35,2026-07-16T05:14:40.244325
2682,282,,9,-1,26.24,12-02-2026 02:24:20
2683,21,,7,1,64.08,20-04-2026 17:26:10
2684,27,3be881b0-1b15-482b-9d80-f2ac7b8e1af8,2,1,94.64,2026-07-13T20:45:04.855506
2685,55,,1,2,80.0,01-06-2026 17:12:27
2686,278,efaad293-0f06-4422-95cd-0e67d23c7379,5,1,57.04,2026-07-18T15:34:40.778986
2687,42,,3,1,63.09,2026-04-08T22:55:29.004524
2688,9,,4,-1,69.36,2026-01-22T08:21:09.820942
2689,261,1f57c822-9302-4801-9446-b43a67b43ba2,7,1,66.55,20-01-2026 19:16:16
2690,296,df3c5fed-806f-4bcb-83ff-29fe9c1da24c,8,-1,19.98,27-04-2026 09:15:57
2691,109,,4,-1,25.73,2026-08-10T15:23:40.636474
2692,208,,10,2,23.28,2026-08-16T04:03:35.428162
2693,216,,10,2,-4.85,2026-04-23T03:30:16.419507
2694,208,beef9047-de0b-4dd6-9a37-6aa3e5c8c1b4,5,-1,8.46,2026-02-24T12:16:07.482811
2695,298,0042b920-1ecf-4caa-83c5-f83de1423a3d,4,1,69.66,2026-04-06T07:26:35.210044
2696,128,86b96ca2-34d2-4458-ba71-1ea2f3d1b9e6,2,-1,36.45,2026-01-15T19:06:27.884090
2697,142,d2bf681c-4206-41a8-b402-d724ae7b6bcd,10,1,63.44,2026-08-05T01:30:44.386873
2698,8,,2,2,16.67,2026-01-09T16:56:31.348411
2699,76,3bdb5ac8-efc3-4f2d-a950-23bdc3f61aac,6,2,97.61,22-04-2026 11:24:50
2700,266,,8,-1,16.16,2026-01-16T06:49:44.155234
2701,106,,6,1,86.34,2026-05-25T16:16:32.235816
2702,251,,5,2,0.14,2026-07-27T16:47:59.156348
2703,222,,3,1,77.05,2026-03-19T04:39:49.974107
2704,235,,4,2,6.59,25-07-2026 23:45:47
2705,73,,5,1,39.75,2026-07-10T08:16:44.164913
2706,243,b805e049-1c7d-44ba-8d15-f8f126bf6307,10,2,31.52,2026-05-16T22:45:35.574834
2707,231,079df054-d614-427e-a155-b018b0b3100f,5,2,96.17,26-06-2026 07:28:33
2708,83,,4,2,90.0,2026-07-11T02:23:07.156985
2709,121,,7,1,98.58,2026-07-28T05:36:16.130315
2710,57,,6,-1,21.76,2026-05-09T13:11:59.797206
2711,140,,7,1,1.61,2026-01-27T01:49:36.149399
2712,124,,5,1,74.56,2026-05-12T16:37:01.316702
2713,255,b8d11ecb-da18-4854-a6ca-5fcd9cac5f5a,3,1,29.37,29-05-2026 21:31:49
2714,291,,1,2,15.31,2026-06-17T07:47:52.876930
2715,157,,5,-1,79.48,2026-06-22T02:01:57.782972
2716,206,,2,2,44.54,2026-07-30T19:46:21.888412
2717,126,,1,2,32.47,2026-06-10T08:00:07.080742
2718,273,,8,1,40.24,2026-03-22T04:37:29.531825
2719,40,8d70228a-81c8-42ee-b8c6-6e0fc1e30020,10,1,19.29,2026-06-24T02:04:52.092703
2720,105,,7,-1,99.58,2026-02-07T04:03:16.528031
2721,53,,3,1,72.49,2026-04-09T17:46:32.951439
2722,190,5c95b78c-9c68-4550-a91a-d237c07d1b80,1,2,-3.77,03-02-2026 04:34:19
2723,62,,10,2,88.78,2026-07-05T09:27:17.675363
2724,175,50063a66-a600-4740-9cd6-72b95b6bdafb,10,1,4.82,01-02-2026 23:54:52
2725,275,f43e363e-d1b1-4380-8b3e-41c0d90ebc1a,1,2,67.34,2026-07-27T06:02:58.321396
2726,4,,4,2,88.18,2026-05-23T06:30:34.755314
2727,46,560143fe-baa9-4425-a402-365f909b13c3,10,2,-4.99,05-05-2026 13:06:30
2728,183,,9,-1,12.25,2026-01-11T12:54:54.408733
2729,293,7a9c4224-8aaa-4e45-a283-d4044bf1b593,5,1,13.07,2026-04-28T07:53:19.505994
2730,120,93a3bafb-2928-4a65-a386-8022e2d51138,3,1,81.86,2026-06-23T17:43:44.846255
2731,68,,8,1,64.47,2026-03-18T05:59:39.180885
2732,69,26677094-7f38-4471-8b23-f12de85d4fd8,2,-1,90.79,2026-05-22T01:27:25.568556
2733,188,,7,1,67.23,2026-04-11T12:37:41.355189
2734,243,,1,1,34.33,2026-05-06T12:26:21.768205
2735,216,e2646a87-9033-47f5-aac5-2a578bdb218e,2,1,17.24,2026-05-19T11:29:44.221854
2736,213,28765aef-abbe-4c52-b7be-2e06bdc9b31c,7,1,68.47,2026-02-17T06:11:35.438399
2737,137,,8,1,82.02,2026-07-06T07:49:18.994708
2738,230,,3,-1,82.85,28-06-2026 09:32:39
2739,143,,5,-1,17.49,2026-03-11T01:27:16.782176
2740,101,,5,2,76.12,13-01-2026 13:51:11
2741,47,7ce9cea5-31c7-466b-b30c-54f0d82bbb75,3,1,19.12,2026-07-22T22:22:05.746075
2742,287,,7,-1,55.97,2026-07-06T13:19:20.002252
2743,28,eb6e97ea-18e0-4ed3-9900-3481f2d21a5f,9,1,78.89,2026-07-24T12:49:18.477881
2744,26,2248afeb-2e92-4f35-a541-1d88e77b9a84,4,-1,52.99,25-07-2026 23:28:25
2745,269,7d8eb8fc-6453-4442-acf1-476457672d29,5,2,29.87,2026-05-18T23:54:12.657145
2746,92,1e747098-86e0-41fe-a161-1fad6f285de8,7,2,84.28,2026-04-15T10:07:53.517568
2747,72,73616dcd-917e-4b7c-9485-56f00e4bca80,2,-1,10.52,05-08-2026 14:16:05
2748,37,,9,1,72.46,08-07-2026 17:01:24
2749,236,fc34cacb-75d2-4371-a8b7-73b26a0bea85,5,2,-1.85,2026-06-04T02:21:26.995038
2750,14,966e6b48-ddae-4c89-86a1-17c0ad0c6041,1,1,28.86,2026-07-25T13:56:23.755843
2751,43,36c34fae-a42b-4a79-918a-f92cdb93dff0,8,1,41.09,05-06-2026 11:52:30
2752,30,2729277e-560f-4aee-a450-80bb6c631a92,3,2,27.85,2026-02-17T18:45:20.122690
2753,259,,5,2,11.72,2026-05-29T07:39:44.123527
2754,296,,5,2,49.83,2026-01-14T07:50:26.714414
2755,78,00b2a1c2-4521-4894-bcb4-5aab430e24c0,5,-1,60.27,2026-02-17T12:16:08.199814
2756,161,,8,1,48.25,22-06-2026 03:40:26
2757,14,aa7a72d9-3a9d-4061-afa5-dd6c6ad9880f,10,1,-4.71,24-02-2026 19:27:11
2758,126,,6,-1,30.86,10-08-2026 22:57:38
2759,265,,9,1,37.54,2026-06-12T22:41:30.397090
2760,121,,3,2,48.73,14-06-2026 11:52:23
2761,190,c39ee848-1b59-45b4-87ef-6c14eed5a9cb,6,2,81.27,31-03-2026 01:53:31
2762,22,c5bb01f3-0887-4ad1-bfda-d64e55ef96a9,8,1,37.71,2026-07-10T22:43:19.851578
2763,211,,10,2,77.58,2026-06-05T23:10:49.950112
2764,270,d4a1806e-640f-4cbd-9044-2022df567a5a,3,1,1.37,2026-05-15T18:42:07.470440
2765,63,,5,-1,8.05,2026-01-24T07:45:36.979895
2766,134,,3,-1,94.59,18-03-2026 18:05:43
2767,128,57d427f6-91a1-4a0b-b368-f1e6ce199ea0,7,-1,75.2,2026-03-28T00:38:26.711891
2768,205,,4,1,65.66,2026-01-06T02:04:39.864576
2769,205,,3,-1,55.0,03-07-2026 18:24:18
2770,209,,3,1,20.49,30-06-2026 22:18:14
2771,67,,9,2,17.46,13-08-2026 01:19:29
2772,129,6c9753e0-e64e-4142-a6b7-f5aa428602a9,8,1,81.31,04-01-2026 19:53:34
2773,200,6ad3faf1-1597-4ab7-b60a-444ed8cc0b97,6,2,74.55,2026-07-06T12:57:43.727551
2774,96,,4,-1,65.95,17-01-2026 13:22:32
2775,279,b90f6ed6-707a-4f20-b44d-6d89152bdb18,5,1,95.72,2026-01-10T19:56:37.955279
2776,44,,7,2,38.18,16-05-2026 01:59:30
2777,149,538ea5be-a480-48b7-97af-a90ffc466af5,4,-1,6.44,2026-02-04T22:27:21.748063
2778,285,7de6c2d8-60f6-48c9-adcb-6e61995ba64d,5,2,71.18,2026-08-05T06:25:34.391739
2779,239,ca9ab98c-9c9a-423f-bb26-5967d601a999,6,1,25.42,2026-02-01T02:08:18.701842
2780,150,cc2e901e-ea9f-4a91-99f3-5430b2ad09ab,4,1,16.94,05-08-2026 20:30:56
2781,100,,10,2,87.77,2026-06-16T00:01:05.320136
2782,203,c12fb5f6-217d-499c-8245-859e07d56a5f,3,1,4.46,23-05-2026 04:36:57
2783,270,,2,-1,0.07,2026-03-02T00:37:40.577277
2784,124,975dbf5d-e27d-4827-a154-25345bad47b6,4,2,17.76,20-06-2026 00:45:28
2785,166,a51d523f-865f-4f7d-bda1-2e81337107e7,1,2,84.76,2026-03-03T23:40:01.704559
2786,43,,6,2,5.01,08-03-2026 15:21:45
2787,283,59632e9c-31eb-4bfa-ae52-6fd4581e309d,1,1,16.91,2026-05-04T22:28:24.648431
2788,16,cfd195e1-3a6b-42e7-a2b7-2162054df6c9,6,2,6.76,2026-05-17T07:35:34.567749
2789,269,7c057a80-cb70-4ecf-9b15-a4003f0c1a77,4,-1,34.62,27-07-2026 08:37:42
2790,255,,5,-1,7.57,15-06-2026 00:02:52
2791,2,57c0e2ad-594b-4d23-be8c-46c0bb9e186f,7,2,59.02,04-01-2026 23:36:36
2792,69,d22e9c0a-3961-4f6f-b5f7-f647e63eff53,2,2,58.39,2026-02-11T22:07:46.326611
2793,270,,2,-1,25.69,2026-01-26T19:37:52.026519
2794,204,,6,1,56.59,11-02-2026 22:40:03
2795,100,557efd59-d62e-4f7c-b5d7-45c6f1d5afe6,3,1,58.69,2026-02-24T16:42:04.625613
2796,38,cad31bfa-0311-47f9-8c25-f76ac923d769,8,2,30.2,26-01-2026 18:19:25
2797,40,3e4f6d11-6c0e-43a7-ae93-798420661419,5,1,68.02,29-01-2026 13:00:36
2798,67,,1,2,61.2,07-08-2026 15:02:32
2799,122,,7,2,40.71,2026-06-30T19:48:39.321152
2800,266,a3da4d33-8b90-4340-837a-01d04da7cdcb,2,-1,8.52,2026-04-18T11:24:43.741040
2801,22,a9b69ffb-31a2-49e1-ba45-e5d199b7d336,1,-1,87.92,18-03-2026 21:30:42
2802,200,,10,1,80.91,2026-07-03T16:48:30.758743
2803,198,a0dd55c8-b0a5-406f-b703-8f89c40ac734,8,1,28.64,2026-01-18T22:02:17.343295
2804,52,e5286ce3-1df3-401a-ab22-c0b7efd436bd,4,2,89.24,19-05-2026 19:34:52
2805,27,,9,-1,14.26,2026-04-29T21:55:08.277320
2806,249,,7,-1,62.64,2026-06-25T15:11:25.395278
2807,108,,5,-1,96.13,2026-03-26T02:07:07.837031
2808,124,,9,1,78.35,18-04-2026 08:04:44
2809,100,,5,1,45.07,2026-04-15T18:50:24.869152
2810,209,c9161db7-f691-4b0c-b251-12027d7064f2,4,1,62.74,2026-05-28T07:50:16.506968
2811,28,bb1548d9-5bd8-4448-83b9-8f296887e63e,6,2,67.57,2026-06-13T05:13:44.146214
2812,25,,10,-1,69.29,13-07-2026 15:50:23
2813,147,307fb362-a9a5-4f24-8501-2e2028ac609c,1,-1,99.51,18-01-2026 23:47:39
2814,299,3837269d-675b-496a-8490-1fb452b3ba7e,7,-1,69.15,14-08-2026 21:31:37
2815,294,,5,-1,62.38,01-07-2026 14:37:15
2816,46,,3,-1,77.27,06-04-2026 15:48:33
2817,292,17aa8589-c3f0-4092-bb4c-c7fe7d0165fa,3,2,54.36,15-03-2026 17:08:57
2818,11,,10,-1,78.19,2026-06-06T06:36:33.504356
2819,90,902c0e0e-ba21-49d6-bc0d-bb45816bb3e3,2,1,83.11,2026-06-24T11:22:26.066196
2820,151,a39661bf-78df-4db6-9fac-275dba763a64,7,2,54.21,2026-05-16T15:31:33.256848
2821,209,ca93f4fe-53d9-4964-acd9-fd20688266fd,9,2,11.28,2026-01-08T09:49:42.216512
2822,235,,1,-1,41.41,2026-07-11T16:53:10.703234
2823,159,26c02e2f-03b3-4007-a569-dc95d340100f,9,-1,18.14,07-02-2026 19:12:07
2824,125,839c20bd-201e-4fd0-a213-4cb488bec893,9,1,82.78,16-01-2026 08:29:31
2825,2,,7,-1,7.37,2026-01-12T17:20:41.011926
2826,290,,6,1,52.67,2026-04-17T13:03:13.109861
2827,208,,9,-1,10.39,29-06-2026 15:53:35
2828,48,,10,2,31.2,2026-02-12T09:20:11.912593
2829,111,5d7c238e-9d17-4a5c-be2f-b6717eb7ef42,9,2,79.92,2026-06-03T18:59:56.387300
2830,75,c8c6e7fb-54c7-4db2-87c0-554cff830a7c,9,2,55.01,2026-06-26T03:44:37.637155
2831,129,46e7afe7-1337-448b-95bc-29f05349422a,5,2,51.85,2026-07-09T20:12:19.935616
2832,160,,1,1,82.42,2026-05-24T19:58:25.077008
2833,245,3b758cd6-97b6-4b8f-9d4b-eb884dab0dae,1,1,65.11,29-07-2026 02:41:20
2834,201,,2,1,7.26,27-07-2026 00:12:58
2835,258,d7271aa4-5b06-42b5-92a9-57bd1d4f5c64,2,1,65.17,13-03-2026 21:52:59
2836,14,1666044c-e4d9-47b1-9c0f-b8e47101d5a6,2,2,50.42,18-03-2026 13:16:29
2837,42,,10,1,85.07,25-02-2026 07:45:10
2838,28,,7,1,85.6,2026-06-15T15:10:48.641183
2839,299,,7,-1,10.08,16-07-2026 05:17:08
2840,113,,5,1,89.05,02-01-2026 18:26:05
2841,227,,7,1,1.11,27-01-2026 12:18:48
2842,72,,7,-1,8.65,2026-05-04T08:47:21.079120
2843,177,4a73325b-ead6-436f-ae33-735191985369,9,1,73.32,09-05-2026 20:41:20
2844,243,,1,1,54.37,2026-05-03T07:28:32.086774
2845,135,f70e094c-2ba1-45e1-b18e-3ee27d8a97a2,7,-1,65.84,01-03-2026 10:47:32
2846,35,39c76b3b-c9b9-4571-96b5-35896146bf1b,4,1,42.66,2026-07-03T04:30:36.619994
2847,68,,6,-1,92.71,2026-01-29T09:57:58.813388
2848,177,,2,2,52.19,2026-08-17T10:52:52.687229
2849,238,fe661248-7483-4e33-91b6-82ca1f80ccab,4,1,66.19,2026-01-18T19:26:58.730643
2850,84,63ddf13a-6402-4fa0-9d52-061fa25f95f8,7,1,17.98,31-05-2026 08:29:56
2851,122,,3,2,47.05,22-01-2026 10:13:29
2852,193,0a786faf-d01c-4a88-a960-1fb081b6e5c1,4,1,41.99,18-04-2026 12:49:38
2853,158,,10,1,71.23,2026-07-16T15:18:45.954415
2854,297,,1,1,85.73,22-07-2026 03:08:28
2855,262,d8038689-f399-4e96-83e1-70a53a14e2cd,2,2,23.92,2026-07-14T11:50:37.474359
2856,122,,4,-1,21.26,2026-08-17T08:21:10.949557
2857,204,,9,1,92.41,26-05-2026 15:46:23
2858,256,6e945b0d-47a2-4b9c-b701-52ec77c4304e,3,1,-3.53,2026-02-19T05:08:31.409853
2859,48,,10,-1,81.87,2026-07-19T20:59:36.589912
2860,100,,9,2,13.02,29-06-2026 23:43:53
2861,252,,4,2,85.99,2026-08-18T04:28:26.667301
2862,277,d30a5b02-f9b7-4b1a-80cc-96c588f3855d,2,-1,13.61,17-04-2026 22:49:30
2863,210,db48803f-552b-4056-83f3-7592f02bc293,6,1,55.1,24-02-2026 19:21:20
2864,12,,10,-1,70.51,01-08-2026 14:34:34
2865,207,061d96da-a817-4681-b496-9b2c14622c04,8,2,68.51,03-01-2026 08:51:40
2866,255,ddf1894b-480e-4296-9a73-219d0815b034,7,-1,76.89,2026-01-23T06:16:36.569394
2867,8,,1,2,51.77,2026-04-21T23:30:58.899140
2868,88,f49548f5-91a0-4360-be37-af4dd5ce71b8,4,-1,31.68,2026-08-07T05:20:01.345329
2869,45,,6,1,76.62,16-08-2026 18:54:48
2870,54,,7,-1,10.79,2026-03-09T17:45:40.187556
2871,268,4000bd98-53f3-418d-948f-873c906a5926,2,-1,9.57,23-05-2026 00:53:40
2872,234,1596f4fd-0af6-4dd2-a7d6-edff75172336,9,-1,51.1,28-07-2026 21:49:12
2873,121,,10,-1,51.9,2026-01-03T11:04:51.164179
2874,82,5071ca38-9f75-4df2-89e8-3b861566f7b5,1,2,78.83,2026-01-23T02:45:37.805286
2875,278,,10,-1,67.6,02-01-2026 03:06:08
2876,67,,10,2,83.84,2026-06-17T05:54:48.114556
2877,44,,6,2,60.74,08-06-2026 00:59:26
2878,19,,2,2,91.98,2026-07-01T12:58:30.735369
2879,279,,8,2,45.15,2026-08-05T04:19:47.439316
2880,14,,5,2,76.93,2026-06-16T14:54:37.161741
2881,237,,10,-1,46.71,2026-08-19T05:33:13.506273
2882,295,,9,2,70.45,2026-02-02T17:27:58.559655
2883,67,,9,-1,15.6,2026-07-28T03:24:46.890275
2884,273,,9,1,36.85,2026-05-16T04:49:30.810150
2885,122,,1,-1,23.28,2026-01-07T18:31:56.823506
2886,185,,7,-1,60.05,14-03-2026 04:31:23
2887,292,28c7d30b-fdbf-46eb-b31b-7d3ede790ceb,1,-1,8.11,20-07-2026 12:28:27
2888,278,12699700-80f4-4cd5-8884-ecb186eaead7,6,2,23.17,2026-04-02T09:48:50.284749
2889,269,,8,-1,36.38,2026-05-22T13:43:26.818652
2890,181,,3,-1,20.9,2026-05-06T20:26:43.567670
2891,273,,7,1,85.96,2026-01-18T23:28:31.967053
2892,280,b8671a60-7429-46f5-80fb-5c264e7c3d64,6,2,12.26,2026-06-26T23:45:19.980485
2893,168,ecdef755-4ed4-4667-918d-e02e016d9091,9,2,70.85,24-02-2026 08:31:48
2894,92,,7,1,96.71,2026-06-03T08:20:29.421581
2895,207,56f10cf6-5e25-41ff-a80d-18124f829bbd,4,2,50.62,23-03-2026 08:12:08
2896,53,d84bc45a-6f2b-49c3-87f1-5e2d1599dcea,9,1,53.79,28-04-2026 17:13:52
2897,190,,1,-1,46.41,11-07-2026 09:31:10
2898,198,,1,-1,28.65,17-04-2026 18:02:44
2899,148,,4,1,15.39,2026-07-14T01:10:41.204588
2900,263,98dc7174-d21d-4c6e-8f40-79e99a229856,2,2,57.9,2026-02-10T20:08:26.129286
2901,25,98c823b6-660e-4ba5-b7a5-13c068000cbf,9,-1,30.03,2026-01-04T16:06:57.229340
2902,138,86069ed3-eb44-4e66-aafd-b3d19d25dffc,2,2,17.07,11-01-2026 10:47:01
2903,46,,5,2,6.29,23-03-2026 23:54:45
2904,104,5b72ef0d-4128-4fdc-899d-23fa75534df5,4,-1,13.22,2026-03-26T22:48:44.690365
2905,215,,9,1,20.01,19-08-2026 10:33:17
2906,230,,1,1,95.78,22-05-2026 08:30:04
2907,77,11d312b9-325e-4c68-acb2-fecb7736623c,5,1,-1.3,10-05-2026 07:16:28
2908,91,,7,-1,50.57,2026-03-04T02:26:44.352005
2909,269,,9,1,58.53,2026-01-02T19:56:44.691053
2910,245,1a3a6d33-80bd-4e5b-8b39-145370fb34bf,5,2,8.63,25-06-2026 16:25:02
2911,206,f87932db-06bb-4ce2-932f-df58bf690941,3,2,53.53,14-03-2026 03:06:27
2912,214,65e989a5-b488-48d8-b3c7-c706824ac38f,6,-1,48.18,15-06-2026 01:22:19
2913,276,,5,2,85.57,2026-06-13T22:50:40.830548
2914,253,,9,2,98.23,09-05-2026 23:44:51
2915,278,,10,2,96.28,22-04-2026 06:04:25
2916,148,2fb8096d-976b-4d8c-ba0d-f0b88d6926b3,9,1,26.98,2026-03-14T18:42:59.523965
2917,43,,6,1,9.29,2026-02-17T15:32:55.361366
2918,21,d966aa57-928c-4122-bcbb-5c24a0837d14,3,2,34.11,2026-05-23T23:10:33.542370
2919,119,68c6b25b-641e-4f3a-8d71-b8cf7f123704,4,1,62.48,2026-01-01T01:06:07.111577
2920,167,,2,1,-4.42,08-06-2026 18:04:48
2921,247,72fe94c8-1e42-424f-b401-dae675e85f1e,9,1,61.51,04-05-2026 04:15:18
2922,285,292c655e-78e2-4574-a4d2-ea2c792677fb,2,2,26.84,24-02-2026 06:30:12
2923,198,,3,2,96.13,2026-07-31T07:55:25.156760
2924,217,,8,-1,94.69,03-06-2026 11:06:51
2925,77,337cb797-e1e2-4a3c-bbd7-5626c37810bc,3,2,83.83,2026-07-12T08:25:30.851700
2926,189,,4,1,50.21,2026-05-14T00:58:56.244981
2927,279,1476a609-d8d8-4208-8a50-93d832d90882,3,1,82.82,2026-02-22T01:01:34.548379
2928,103,8a23388b-9eb4-41a9-80f3-0551e1a21444,1,-1,27.01,2026-01-24T08:12:51.022117
2929,31,,1,1,49.56,08-08-2026 00:48:24
2930,135,,3,1,70.34,20-05-2026 00:24:17
2931,177,088f12e0-f110-4dd3-b308-c0e3a3b882a3,9,1,75.53,31-03-2026 23:44:07
2932,266,e392ca9a-9872-42fe-a671-c52b0a3fa1e8,8,1,77.63,28-06-2026 10:23:17
2933,246,,6,2,73.42,11-05-2026 16:15:57
2934,288,,8,1,34.79,2026-04-14T10:25:12.920607
2935,167,c1fe6b46-4564-4139-b9f1-49844d856763,10,1,48.65,29-03-2026 07:05:49
2936,196,3037fbde-58db-4505-9987-39ab42788ceb,2,2,0.58,2026-06-23T18:05:03.067598
2937,226,0cebadb1-377e-47d5-8faa-8324563d9b1b,8,1,1.65,2026-01-21T07:57:38.882660
2938,102,,4,-1,63.82,2026-01-10T19:02:08.197647
2939,15,,3,1,11.3,2026-02-03T18:35:07.615930
2940,211,079fd9fa-df78-4be4-ab83-e2b2d81d1d7f,2,-1,39.85,29-06-2026 02:14:30
2941,300,8f1fd900-1534-4416-b007-0527b6dfb55d,5,1,53.08,2026-05-05T20:45:54.689884
2942,122,8428a0e2-090a-4b2e-bbe1-f33b69d7eaef,6,-1,33.19,2026-05-12T19:58:46.939470
2943,296,35f71c7d-b91d-4043-89ad-34de2ee50541,6,-1,93.67,29-05-2026 00:04:09
2944,214,e2be1a5b-2439-4c4d-8eca-f464a5fb1368,8,-1,62.68,10-06-2026 05:29:01
2945,113,3aaa6416-a3e4-45ce-8be7-3d6a225926f7,7,2,20.95,2026-06-04T05:56:26.168718
2946,293,,5,2,55.65,20-07-2026 23:58:41
2947,60,6b2e6b58-cdf5-4315-b9ad-4eca4a0cb118,8,-1,81.61,04-01-2026 04:39:25
2948,2,0d6553bf-8bff-4802-8077-74184952b2b3,10,1,41.21,2026-03-12T19:43:09.324107
2949,29,,4,-1,89.61,10-01-2026 17:19:32
2950,270,,2,1,46.48,24-02-2026 11:06:58
2951,71,3e703f8b-5fa1-462c-954b-17dddf9b148b,3,1,-2.05,2026-07-05T04:37:25.657229
2952,69,,7,-1,78.01,2026-05-27T07:16:24.491001
2953,281,950f738d-aec8-421b-ad3f-84ee82acd5c2,3,1,87.75,03-07-2026 21:30:40
2954,284,,10,-1,87.91,30-01-2026 14:42:13
2955,179,d82847e1-2816-43fe-9ea6-39309dd3d19d,6,-1,49.01,2026-02-20T18:45:23.681949
2956,122,,1,1,16.21,14-02-2026 02:58:16
2957,155,6f2e7f44-2d15-4e50-92f1-53377c157ee7,7,-1,3.61,14-06-2026 15:30:10
2958,57,,2,2,82.69,2026-05-11T02:56:25.966388
2959,108,3e36a1a9-cbe8-49f4-937c-c29b7c706717,1,1,62.51,2026-06-21T07:20:15.729289
2960,179,3384b48b-1d1d-4a12-a6b3-009980676d53,2,2,15.88,28-06-2026 12:55:19
2961,262,778b01bc-be7f-4efa-8545-79b636292406,1,-1,81.44,2026-01-05T00:25:32.663730
2962,296,,8,1,17.09,30-03-2026 16:15:35
2963,48,b0540750-ad03-41a0-aab4-dcefd3c677e1,3,2,0.08,2026-06-25T08:52:27.383291
2964,78,051e3b65-0b0e-41c1-817a-b9c7d7f08d66,4,1,7.4,09-03-2026 09:37:27
2965,210,,3,1,7.09,2026-03-28T10:13:54.180733
2966,60,b7e0dd99-655f-4586-9c9e-159577fe9a29,7,2,5.97,2026-02-02T03:39:24.018503
2967,22,e3d96b09-7be9-43a1-9318-a5fcdf010f52,10,-1,-1.65,2026-02-26T09:20:04.908989
2968,176,,4,1,92.18,2026-04-18T09:55:50.985729
2969,19,,10,1,40.3,16-02-2026 14:30:12
2970,107,aae0f6c8-d500-4c29-ac24-dc4743624257,3,2,63.32,06-05-2026 11:49:39
2971,267,0af661b2-a25b-4ca6-bad7-bb015edcbe6e,3,2,13.49,2026-02-19T14:23:58.844411
2972,146,531f2ec6-51d0-4e51-9a13-6130e15358de,9,-1,36.45,2026-07-19T21:37:38.226571
2973,173,415823f7-4b92-4989-8ffb-2ba1362e6f6b,10,-1,29.3,2026-04-08T22:15:53.383041
2974,77,,7,1,-3.2,2026-08-12T14:16:12.925470
2975,188,,7,1,80.1,2026-05-31T09:48:01.444442
2976,110,,3,-1,56.26,2026-06-05T00:00:56.590031
2977,50,180d2e16-1162-4cf6-8be3-4d1a7e5d4390,8,1,9.9,2026-02-28T04:19:30.490116
2978,218,,9,2,51.66,11-02-2026 06:41:55
2979,158,81a6d9cb-5b3c-42dd-848c-5e15d2f3c2ea,4,1,22.23,2026-06-09T01:44:16.498315
2980,80,8b5cea39-ad24-49ad-ac80-9f6a329dd0c9,3,2,92.67,13-08-2026 05:25:08
2981,64,,10,1,45.33,08-07-2026 05:20:33
2982,143,cda7cad9-23c0-4d98-8e26-c6e5e02d84da,3,-1,60.04,01-03-2026 13:12:03
2983,44,,7,-1,-2.65,2026-05-26T22:22:33.104906
2984,67,02fad751-8c42-4960-8d96-f8b9ac86a494,5,-1,63.26,2026-03-29T16:18:08.910262
2985,176,,5,1,81.92,2026-03-05T05:09:10.069431
2986,114,,1,1,1.16,2026-04-15T08:40:12.944941
2987,186,,8,-1,90.99,09-03-2026 16:11:02
2988,189,,5,-1,1.81,27-04-2026 15:42:04
2989,179,,5,2,83.57,2026-04-17T03:36:46.227355
2990,129,,2,1,82.86,08-03-2026 15:29:00
2991,237,,1,1,-0.37,2026-07-17T13:27:46.793805
2992,61,ff3c565b-f499-4b25-b4b6-8ea57a2bcd6b,1,1,-2.2,01-04-2026 03:48:10
2993,284,52f958e9-3ae7-470a-bb7b-38f5201ff0f7,2,2,36.86,2026-05-29T08:31:09.362739
2994,251,7ba8b10d-c270-41bc-9438-0820b2e0b488,7,-1,-0.52,2026-08-04T04:16:05.094741
2995,265,7159a7e9-b3e0-4ece-a07b-4436018651a2,6,2,6.28,2026-04-15T00:56:16.804890
2996,56,,1,2,3.87,2026-01-20T21:07:27.731967
2997,210,,2,1,0.66,2026-01-17T19:46:40.912596
2998,171,9978fbb9-c924-4f24-b75a-de990dc1e563,1,2,32.92,14-05-2026 12:58:16
2999,252,,4,2,13.37,2026-06-20T09:30:04.955876
3000,13,7092a082-bfe8-4121-804d-0ef722f8c27b,10,2,14.08,05-04-2026 01:09:53
3001,229,,7,-1,21.64,2026-01-05T01:01:51.109414
3002,105,20fb402f-750f-43ec-bdf5-1777793f8232,9,1,30.05,2026-07-17T03:21:26.435575
3003,207,68ddb483-41db-4280-843a-e47b9513afb7,8,2,83.02,19-06-2026 00:55:20
3004,224,7d68b0a7-7746-4ebf-bb4b-e56b6ba132b7,2,2,56.44,2026-03-26T02:37:19.077084
3005,71,,1,1,1.05,16-05-2026 14:17:20
3006,207,,7,1,27.61,22-01-2026 14:17:23
3007,13,7ceab5d5-a55d-4cc5-b8fe-99c544ed75f2,2,1,41.93,29-05-2026 10:02:01
3008,240,627ae233-d5ba-4429-b8b7-78fb40911987,5,1,-2.94,21-02-2026 21:04:46
3009,300,3e940a72-62af-4305-b87f-608537656270,9,-1,2.13,27-02-2026 07:30:45
3010,294,6c023a47-8127-4973-843b-12558653f7fd,6,1,65.11,2026-01-22T15:21:12.782058
3011,163,5185cd4b-c613-4b81-af2c-6a5e4db730a8,1,2,59.11,2026-03-20T03:27:10.576129
3012,153,,7,-1,50.56,15-05-2026 19:08:42
3013,115,339e26ea-f948-4ad4-bd9f-eb295bd1bcba,4,2,56.98,2026-04-28T11:23:41.710019
3014,213,,10,-1,73.74,2026-05-22T16:23:21.957312
3015,211,,2,1,17.71,16-05-2026 13:38:22
3016,26,,8,-1,22.95,2026-01-09T11:42:31.812170
3017,90,,7,1,17.15,19-01-2026 16:58:08
3018,299,5a6d7f93-7c94-4d5e-85a7-138e9c66caac,10,2,79.74,2026-01-15T12:48:51.330321
3019,136,2078de11-9197-4c4c-9dbc-e1b615539a1c,7,-1,9.65,2026-06-06T22:10:08.525205
3020,240,02bfb95d-6295-43dd-a5a8-d2a7c9542e9e,9,2,81.08,2026-05-11T20:45:57.368088
3021,55,c492de66-5c23-4e7a-9828-a572b1a7bd03,7,1,83.31,2026-07-26T23:28:33.586582
3022,133,458e0d13-52a8-4137-9721-348927b74fc2,9,1,19.7,11-04-2026 18:51:36
3023,76,3d5d8a3a-98c6-4127-9d9d-f8dbf89c2f17,2,2,96.06,30-05-2026 11:48:16
3024,261,f17bf517-85e2-416b-b00f-ba6cbb289353,2,-1,92.45,02-02-2026 06:14:14
3025,156,e974c0a2-0376-4cdf-9b1e-16fd841e26fd,3,1,42.39,30-07-2026 11:00:45
3026,268,b00f1a26-1d2f-44c0-8ea8-a3b2bb1a9e83,10,2,97.11,30-04-2026 06:10:31
3027,225,97143c65-4386-44d0-a9c5-1b2eeeb635b8,9,1,1.48,2026-07-27T00:27:18.396391
3028,133,6abda8bb-c472-43da-b589-7bef2fad73c4,7,2,28.62,2026-04-16T01:18:52.388551
3029,93,99f1bfdd-930b-4b16-872d-500f7f1029a8,7,-1,3.94,26-06-2026 14:47:26
3030,47,12e1efc2-4aa4-414e-8b29-d6e2374063f2,3,-1,88.55,20-02-2026 08:28:54
3031,85,,9,-1,10.8,16-01-2026 10:29:02
3032,297,,1,2,-0.47,15-07-2026 18:23:53
3033,118,90ae783c-d162-4de1-bbfb-a5d607029dd8,5,1,77.96,03-04-2026 03:54:59
3034,58,,7,1,46.91,2026-03-02T00:13:04.118038
3035,91,,5,-1,88.85,2026-07-15T07:55:02.880420
3036,171,,6,1,76.8,20-05-2026 20:58:17
3037,298,,3,2,62.2,25-01-2026 17:10:19
3038,145,,7,-1,21.11,28-04-2026 22:03:48
3039,220,fedb374e-a746-48f8-81b6-e1479edb77f0,5,2,48.73,2026-06-22T08:57:50.989070
3040,34,,1,1,53.89,2026-01-19T08:38:09.935719
3041,198,1ae1caff-ce76-424a-82a4-bdbd0e110950,3,2,55.9,2026-05-29T23:30:58.606291
3042,209,,9,-1,8.13,2026-01-24T10:42:16.194527
3043,137,,9,-1,47.69,2026-03-29T13:12:26.337866
3044,224,7a2d30e7-e8f8-410d-ae68-756c25257c25,5,2,45.35,09-07-2026 08:59:20
3045,295,67f652f1-c097-4fb2-be9d-95a0955eedec,7,1,60.44,2026-03-24T01:31:04.110838
3046,46,,2,1,99.86,2026-03-14T08:03:52.871213
3047,128,,10,-1,80.56,2026-06-02T21:32:43.648352
3048,209,6e62b8d2-2d47-4d00-86da-223905332bd9,4,1,44.89,12-02-2026 04:48:10
3049,1,,3,1,-0.4,25-03-2026 14:21:33
3050,165,8cdb0a4f-c8bf-4ba9-b49c-598c0f11b840,7,2,76.87,2026-02-17T03:29:10.086735
3051,85,,5,2,47.04,26-07-2026 03:14:40
3052,64,15c3304c-f020-4e46-be47-935873bf18d6,7,2,63.28,2026-03-23T19:29:37.762088
3053,149,,1,-1,38.72,2026-07-22T18:32:00.216102
3054,241,,2,-1,8.31,10-05-2026 09:19:22
3055,276,2885ac5b-3950-4513-b094-3f3295559088,9,-1,95.42,2026-03-20T13:59:59.046668
3056,206,,9,1,5.17,2026-03-28T14:42:09.778245
3057,227,,7,-1,84.02,2026-08-01T21:44:32.224027
3058,116,,10,1,91.51,07-06-2026 09:23:31
3059,136,,10,-1,51.53,2026-03-19T19:05:38.550066
3060,298,,10,-1,41.24,21-07-2026 16:39:20
3061,291,,2,2,30.73,08-07-2026 08:44:49
3062,161,4ae4a632-46f6-4a11-b994-cd4e38c9bb6f,2,1,59.44,2026-02-17T18:57:12.693219
3063,30,,6,1,68.18,05-04-2026 02:48:17
3064,23,,2,1,44.82,24-05-2026 21:25:58
3065,32,7a8952b1-a125-4c42-8ad9-07bae73f0043,10,-1,74.03,04-01-2026 08:55:03
3066,107,,6,1,38.13,2026-04-18T13:22:41.414952
3067,52,,6,2,57.95,14-08-2026 11:28:36
3068,249,3f06b88a-c28c-4703-ace5-cfe0edf48cab,1,1,57.38,17-02-2026 22:12:48
3069,70,,9,-1,21.27,2026-01-27T04:57:54.589350
3070,151,,7,-1,85.84,13-01-2026 08:35:08
3071,221,,7,1,29.32,15-03-2026 19:50:52
3072,135,eb497312-a334-44ae-bcf4-3e8ae8a485dc,1,2,28.05,28-04-2026 05:54:26
3073,251,,6,-1,88.71,30-04-2026 00:00:19
3074,158,,4,1,77.03,2026-01-06T16:48:03.863225
3075,218,8f75b688-9659-45be-9601-12db4d605021,4,2,22.1,06-02-2026 23:17:41
3076,196,b7a592a0-912a-470c-8351-95622193338c,3,2,30.33,18-04-2026 08:05:00
3077,28,820a6716-5d22-4557-b0ee-4f100fce5571,7,-1,30.07,09-02-2026 17:03:34
3078,118,2767ab1f-a94b-48b9-8529-b2a4f02287e0,1,-1,92.85,29-07-2026 04:17:17
3079,83,4558691b-8e2a-484c-90e5-fd33f4ced05b,2,1,10.98,2026-02-01T12:28:03.082530
3080,232,,8,-1,63.95,18-06-2026 03:28:53
3081,206,5b673f3e-1132-42db-b70e-8b580aec5994,6,-1,2.07,2026-05-12T21:36:56.069733
3082,54,4180d096-c665-43ab-bee5-dd15de26ab27,3,2,69.46,2026-06-20T16:08:52.837890
3083,48,,9,2,51.01,17-08-2026 05:15:02
3084,31,4adf8bb4-34cc-47da-b5fb-827e9269ed2a,9,1,6.38,02-06-2026 10:26:05
3085,247,,9,1,15.57,2026-07-18T01:22:38.261301
3086,89,,8,1,92.75,26-06-2026 15:41:38
3087,229,1b13ddfc-a73b-46a9-b623-f7ab6703d12b,7,2,84.54,10-07-2026 13:36:14
3088,39,093fb40c-c1cd-426b-b6bd-61ad054ec3bf,2,1,0.61,25-01-2026 01:33:02
3089,118,,6,1,40.16,11-03-2026 13:48:15
3090,273,299260f9-f1a2-47bd-91e6-f65a67729dd1,8,-1,31.79,2026-02-20T02:48:20.819443
3091,189,,9,1,27.53,2026-06-16T12:26:39.856482
3092,286,dbb07e8d-22f4-4ba2-b9ba-43dc6e24e34c,9,2,87.26,07-02-2026 20:55:45
3093,138,a37c556a-a89c-4220-8d48-c3582e8b10ba,1,-1,94.18,07-05-2026 13:44:39
3094,157,,5,-1,44.06,2026-04-18T01:45:33.665535
3095,101,3d23e336-9ebd-485d-8162-1723f88b9126,2,1,94.17,2026-02-01T15:22:32.841454
3096,230,,9,-1,75.36,28-05-2026 14:09:03
3097,44,,8,2,75.24,2026-08-14T16:27:56.407458
3098,151,e16ea712-c346-4069-8820-b09873e691d8,8,1,-1.78,22-05-2026 16:29:48
3099,87,659d848a-63a7-43f5-a8ed-733931039a59,8,2,69.99,2026-04-19T06:26:25.305422
3100,35,,4,1,21.77,2026-08-04T02:07:40.928705
3101,17,,10,1,29.12,2026-06-10T18:48:29.455348
3102,137,73f09858-3351-4c16-9c2d-fb98fa65332f,6,1,87.52,2026-08-07T16:11:07.859705
3103,19,9be7e0a9-360d-4f1f-86b6-28a97fc48880,9,1,70.09,01-01-2026 01:07:27
3104,226,,9,2,48.99,2026-06-23T05:26:07.848239
3105,218,,3,2,21.68,04-04-2026 20:09:04
3106,134,,7,1,81.71,2026-07-28T18:15:20.254791
3107,274,,2,2,58.29,2026-01-25T13:50:32.333584
3108,231,b90d4467-b445-47f4-8fbe-835eae9aba4c,1,-1,67.06,20-06-2026 04:32:37
3109,124,2e2488cf-cddd-4582-a743-07f20f2ef6cf,3,-1,42.93,07-04-2026 16:27:00
3110,276,,10,-1,55.82,2026-05-08T13:35:04.440610
3111,32,,6,2,55.77,2026-05-18T08:10:42.226334
3112,246,fb6965db-109d-49df-8ca6-d2439715120a,5,2,66.51,04-02-2026 16:36:51
3113,193,015c9117-4ea9-4d01-ae54-2153b6dcf0f7,1,1,85.49,19-07-2026 05:14:58
3114,130,1f6b9112-757f-4b7e-a2b7-b8080aaaafa8,5,1,89.98,2026-05-24T02:56:57.200744
3115,231,dd3d4e79-0e29-4def-8b7e-b87915f041c5,9,1,20.02,2026-03-17T09:53:21.864627
3116,78,101d32ca-eeef-4ba5-bc2e-9f8bc095f880,9,2,-1.84,2026-05-25T02:05:24.694105
3117,291,b09ff4ba-5b2c-406d-a7ba-bea525fe0359,3,-1,86.03,2026-02-11T10:21:41.271309
3118,296,1a828f67-5cc1-47bc-8bfe-0a0d0029f56d,3,1,7.72,2026-01-27T02:17:42.540432
3119,8,d981e59f-360c-4c05-b977-bac381c3b564,4,1,88.34,2026-04-15T06:22:23.343710
3120,33,,8,2,34.84,2026-04-03T16:34:18.538951
3121,16,,7,1,-3.82,2026-07-28T16:47:56.855774
3122,152,093dcf94-a02b-4228-a5e2-ac1a419cb431,6,2,78.67,11-05-2026 04:03:12
3123,32,10914b22-3157-4496-9034-59f5b1237345,9,2,92.5,2026-06-03T15:21:58.602767
3124,44,f985aed7-3f0e-4414-a942-0d06417b5aa3,8,2,39.22,2026-05-05T05:37:22.382172
3125,100,,5,2,85.97,03-05-2026 03:54:28
3126,51,a821198c-4a94-4dc4-8e15-cc569d21ed6a,1,1,72.0,2026-04-03T19:17:57.545017
3127,235,,3,1,33.86,27-03-2026 01:47:15
3128,169,,8,1,29.8,2026-06-07T22:46:41.969546
3129,224,,7,2,23.21,2026-01-21T04:52:49.125545
3130,7,,6,2,86.09,2026-04-20T20:18:02.375477
3131,116,,1,2,51.87,2026-01-18T13:17:10.541373
3132,205,,10,2,-0.59,2026-04-23T21:58:20.277729
3133,189,93c52a3e-766c-4223-90cd-135fce9c9c67,7,2,52.56,02-06-2026 15:45:09
3134,284,57c41c64-7e26-45dc-bb0f-9abac46d2663,7,-1,71.19,05-05-2026 17:38:19
3135,82,,10,2,77.42,2026-03-16T12:44:10.914980
3136,277,,9,-1,49.6,2026-02-02T20:24:07.256324
3137,242,,10,1,33.23,08-02-2026 01:34:30
3138,220,028b7ad8-23da-4536-9151-c1dff482c909,6,2,83.61,06-03-2026 21:07:40
3139,194,ce4bfe6b-fb0c-47b8-8fe0-bc1179851cad,10,1,8.28,2026-03-10T12:16:42.971212
3140,68,,6,2,84.17,2026-07-13T15:07:10.098701
3141,195,a6361c71-4e29-4d1c-a0b5-f58efa06afc0,5,1,53.1,2026-05-16T17:28:04.566851
3142,293,,3,1,77.32,08-01-2026 13:50:39
3143,172,,2,2,46.1,21-03-2026 04:56:04
3144,47,aed92d94-4f08-465b-939e-3ada3f2bf967,8,2,35.44,2026-05-18T16:35:21.715119
3145,39,ad6a775c-bc10-4b95-9878-bda2f51d1061,9,-1,78.71,2026-08-03T21:47:49.523644
3146,144,debff8b5-e26b-4f01-9894-dce9314cb572,10,-1,57.18,2026-07-25T14:47:23.569150
3147,224,,3,1,9.8,08-04-2026 06:27:47
3148,172,61f4d4aa-55f9-40c7-9d7a-b28e14c99aaa,8,1,80.17,24-04-2026 00:15:25
3149,188,,3,1,81.45,12-05-2026 08:02:47
3150,151,,8,1,28.49,2026-07-19T12:03:32.062270
3151,2,5eb6f56b-b7dc-4d15-b0c2-9707c1aa534c,3,2,47.18,2026-01-10T14:31:27.496492
3152,295,afdd7990-1298-403a-b7e7-98cdfb812df0,1,1,61.37,2026-08-07T05:09:57.144135
3153,176,,5,1,43.23,2026-07-01T21:13:03.446696
3154,70,,8,1,47.83,05-03-2026 20:31:46
3155,144,c70566f4-359f-48a4-b34e-b2de51c5177c,1,1,45.97,2026-04-19T07:47:29.011702
3156,83,,8,1,4.46,09-01-2026 13:34:08
3157,38,,9,2,-4.34,2026-03-01T16:25:28.922372
3158,31,,9,-1,68.29,2026-06-27T13:25:01.609684
3159,47,9d2e89cd-556e-4029-91c2-06d4f4195b79,10,2,97.35,2026-05-03T05:55:05.606313
3160,238,52901e13-0d85-4d9a-8541-4fdf880932e8,2,2,14.52,2026-03-31T13:08:53.122140
3161,23,,4,2,0.59,2026-01-14T22:56:56.166565
3162,103,612f7d51-c0b9-4ae7-ba3a-28c48ef85af7,1,2,2.44,23-04-2026 19:11:55
3163,161,09d5472a-181f-4fd6-b8d5-c0740b2073fc,1,2,21.92,2026-05-09T17:36:15.372659
3164,259,,9,-1,29.36,17-05-2026 20:43:27
3165,117,13fdb26b-204d-4675-a349-74eae470f812,10,-1,44.17,2026-02-16T19:24:23.928268
3166,212,,3,-1,21.99,04-04-2026 15:10:47
3167,60,,2,-1,78.27,2026-04-26T15:48:22.308605
3168,243,90dbd012-53e9-4e4e-8129-3de03a558aee,5,-1,3.68,2026-02-28T11:57:59.506468
3169,19,,6,1,11.14,04-01-2026 14:05:01
3170,114,0f50d018-9ae5-486c-9db0-f15eb6b65e36,2,2,88.7,2026-07-18T13:42:05.253010
3171,185,,5,-1,75.21,2026-03-19T10:23:51.532506
3172,173,e71e0990-21ab-4054-8c05-0c5773ad346e,7,-1,1.35,17-05-2026 23:26:38
3173,280,,1,-1,40.07,2026-07-18T07:32:37.013336
3174,281,17e3c3fb-3486-4961-801f-7691ecfe7d8a,5,2,92.75,2026-05-22T05:45:00.399296
3175,281,,3,2,79.02,18-03-2026 16:05:59
3176,153,,3,-1,-0.02,08-02-2026 03:21:10
3177,28,,8,2,68.99,15-02-2026 19:10:27
3178,185,,10,2,32.01,25-03-2026 11:28:56
3179,204,1eb7e32c-9831-4354-88a1-4f88a44ed359,4,-1,14.19,2026-07-15T15:18:59.644365
3180,18,,6,1,-0.54,23-03-2026 12:10:49
3181,15,b19a11ee-bea3-4de7-8a9d-eac74190c4b3,4,1,94.86,2026-03-17T15:57:09.395549
3182,237,,2,-1,98.56,2026-07-23T18:38:10.551807
3183,73,,5,-1,93.96,01-03-2026 08:24:34
3184,28,17d4433a-0be0-4367-a330-25884cd48f46,3,-1,-2.5,29-01-2026 22:13:46
3185,120,,5,-1,93.75,2026-05-09T20:35:14.570215
3186,1,8b077b2d-16c0-402a-b341-5067f805a2bf,3,1,40.96,16-08-2026 03:41:07
3187,290,,1,1,11.58,26-02-2026 00:32:56
3188,26,0c1e17d5-5d62-4ca1-9e4a-204bc9b70126,6,1,30.41,2026-07-28T07:32:55.880591
3189,178,,8,-1,88.51,28-03-2026 20:14:45
3190,17,,5,1,95.37,28-02-2026 05:35:26
3191,52,,4,1,43.69,2026-04-09T13:12:49.491604
3192,182,,1,1,64.97,2026-03-03T01:41:37.176258
3193,25,73a5abe8-8fea-455b-9dd6-322744cf8d2c,7,2,95.53,2026-08-16T09:37:04.760574
3194,156,9ee0faee-6c44-4a07-916a-25221ea66b94,4,-1,89.21,2026-05-25T00:13:07.566049
3195,2,,6,1,93.46,2026-07-15T01:06:14.384713
3196,220,b1b78f24-27ea-4c51-99c7-d0f48ad5a38e,9,-1,68.37,10-03-2026 20:54:55
3197,33,84539d2d-c2f1-45fa-a9d5-32233e8d3562,9,2,60.82,2026-06-17T15:20:03.107256
3198,114,,10,-1,88.65,19-05-2026 04:27:05
3199,178,bc1a2dcf-b62f-4722-b8a9-a95fe5730a9f,6,-1,54.54,2026-06-15T22:12:32.709043
3200,24,,7,1,-1.51,06-06-2026 12:53:11
3201,250,8b146737-3649-4068-9988-038325d957ce,1,2,54.98,2026-02-13T07:44:14.393394
3202,38,,8,2,22.59,2026-07-17T11:37:56.605551
3203,246,,3,-1,88.43,2026-04-05T01:50:31.056605
3204,100,,5,-1,68.38,10-02-2026 10:09:36
3205,116,79bff55f-2ea9-4638-9d73-d2ba685803df,1,2,46.53,29-03-2026 00:27:15
3206,81,,6,1,17.89,12-03-2026 16:54:25
3207,6,7c756e7d-236f-4ba2-adda-cf32c7a89de9,8,1,98.46,10-06-2026 07:30:52
3208,131,5880b129-d75c-413f-8935-b169fb131bb5,7,1,25.02,22-04-2026 05:07:44
3209,276,,3,-1,1.42,2026-05-20T10:34:57.803585
3210,294,e100bc41-ad30-4829-ad22-466db2013047,4,1,27.31,2026-07-15T22:48:38.427220
3211,36,39f0c6e6-27b5-4ea7-b193-ac3f1a50cc6d,1,-1,-0.82,29-01-2026 02:32:28
3212,24,,4,1,61.91,08-07-2026 16:59:37
3213,262,,4,1,10.9,2026-01-24T23:18:06.836850
3214,46,,7,2,18.09,2026-05-19T17:21:38.897211
3215,4,,6,2,30.08,09-07-2026 03:34:41
3216,166,bcf56048-5139-46d4-b2e5-aa18438334fa,2,1,57.31,28-04-2026 10:55:16
3217,160,70735672-c64c-4ab4-adb0-2768b88a7512,7,1,19.25,2026-06-27T00:48:50.722793
3218,215,ad2592c0-1ee2-479a-bd0c-8e520ee218dc,1,-1,9.85,18-03-2026 10:24:05
3219,182,a0009477-c332-4812-b6fb-2ba01936cff1,2,2,43.5,14-08-2026 08:30:51
3220,13,d8365779-7efb-4748-8c5d-886d8a81aa31,1,2,7.03,19-07-2026 19:21:05
3221,83,054fdf6d-ac4d-4621-983a-fb49af14c0ee,9,1,14.0,17-08-2026 02:53:19
3222,87,ff8e61a3-d291-40cb-bbf6-a69d54ea2720,10,-1,64.33,2026-07-26T00:59:37.066953
3223,181,72db806e-7a2c-4480-90c5-58e5ffcc7199,9,-1,90.54,2026-05-30T00:17:49.255451
3224,188,2f71ec5c-6c90-4215-9f1e-10f7af6c07b6,7,1,76.14,26-05-2026 19:09:45
3225,109,,6,-1,52.81,10-03-2026 03:08:02
3226,292,,8,1,68.92,2026-03-11T12:59:58.185205
3227,196,ce6c9f8b-3c1d-49f1-b95d-46c154518fe0,1,2,91.3,27-04-2026 20:58:24
3228,274,52e014c4-baad-4f43-ace8-f381bd3d4a72,2,-1,97.8,2026-03-24T22:13:28.090424
3229,261,,3,-1,23.99,04-01-2026 07:40:58
3230,28,a55965cb-fd59-4ccd-a16e-713b1f6be0e6,9,1,12.65,02-04-2026 23:26:43
3231,84,2b747f51-aa7f-407e-9b76-47abe0c9f6d5,1,1,52.88,17-04-2026 18:28:38
3232,275,1054238c-2516-40d8-b896-f453890f755c,4,1,64.56,2026-03-26T10:34:12.278992
3233,31,,2,2,24.27,07-07-2026 17:39:56
3234,109,58e9bb08-4bd2-4ad8-a825-d9752b044311,9,-1,6.52,11-06-2026 23:23:12
3235,185,78734c5f-19b7-44a1-8301-72e5b2513c7d,1,-1,8.29,2026-02-03T00:31:24.201798
3236,66,a3eb5029-c2bd-4160-acf1-a2acf19d5020,4,1,24.08,2026-06-25T11:28:08.922990
3237,113,657f7507-41a7-4466-86a1-42325cce8478,3,-1,41.09,17-03-2026 19:18:10
3238,66,347b5c7f-4374-4b96-ad41-6e01296a7534,4,2,70.37,2026-08-14T17:59:09.095237
3239,67,5f5d7d5e-85c3-49c7-8081-b3b235426958,7,2,88.07,17-02-2026 00:25:50
3240,130,,4,1,66.63,2026-07-30T11:27:32.010356
3241,177,3bd307bc-f6c9-4748-9d62-2fd53b274673,8,2,43.26,01-01-2026 10:51:29
3242,300,a25be914-b756-45db-9528-d0ead81d77db,10,-1,18.55,2026-06-04T13:42:40.894650
3243,12,8ce7276a-c1f1-422a-8fe6-553f739a8fcc,10,1,38.65,2026-02-07T17:49:02.097896
3244,241,,7,-1,-0.71,2026-02-24T05:19:47.442191
3245,299,b168c744-50da-4f97-8574-e82d83a83998,2,1,22.69,04-05-2026 23:10:52
3246,35,,7,1,10.84,2026-03-28T02:43:29.366047
3247,104,692a5561-34f5-4a6d-b608-0bb6f625c5b2,7,2,-3.53,2026-06-04T01:14:47.733650
3248,188,,9,2,96.73,05-06-2026 17:42:12
3249,202,,1,2,19.56,06-07-2026 22:50:03
3250,79,f0090fb5-e6fe-4445-91a1-65d7b57c1d7f,10,-1,79.44,05-06-2026 00:27:26
3251,186,e27d36de-9c82-40a6-9b78-ac3a2a6f5338,5,-1,25.13,22-02-2026 16:00:38
3252,154,eaad885f-8b41-492b-96a5-e2628aeb41c7,8,2,36.11,2026-04-25T18:33:48.594547
3253,157,460997be-0f15-4ea4-a8f4-c197a7060128,4,-1,38.77,2026-05-27T21:16:56.624528
3254,155,,3,2,14.93,2026-03-27T19:01:13.484427
3255,198,c7d9d876-9e2b-4db8-9c17-4550d9ce3091,7,1,4.29,2026-05-13T00:26:02.640727
3256,131,76ae9772-2f93-4f3c-aa23-48bb6ec7c425,7,-1,9.43,25-07-2026 00:42:17
3257,285,,5,-1,10.89,2026-06-30T11:16:34.461388
3258,274,,10,-1,59.86,11-03-2026 23:50:31
3259,76,f8067dc1-b58a-4922-8c10-7be12a7e949c,5,-1,3.89,08-04-2026 13:15:21
3260,135,020c2987-7387-4a9c-895b-6b10b1a34ddd,4,-1,30.58,2026-06-17T19:28:37.253285
3261,69,,8,1,88.34,2026-03-27T05:36:54.674328
3262,187,d9d91d3e-eeed-4674-927a-f34e6a13d014,4,1,22.38,2026-01-22T13:01:36.045919
3263,18,e54d2643-3e17-443a-961e-6509d2b7b63a,2,1,69.17,11-08-2026 18:27:42
3264,271,,7,1,34.26,18-05-2026 21:07:58
3265,190,,7,-1,54.19,30-06-2026 11:17:47
3266,256,,8,2,56.62,03-06-2026 02:17:56
3267,172,3ffaacf2-8e34-41db-b7c8-01bcdb9bd20c,6,1,40.84,22-06-2026 22:31:09
3268,139,,7,-1,57.44,12-06-2026 20:04:43
3269,33,,4,2,8.28,2026-06-08T05:15:05.460589
3270,176,,6,1,51.23,2026-07-16T23:38:00.269685
3271,294,,10,2,48.34,22-07-2026 00:00:10
3272,95,,10,1,28.93,07-06-2026 05:49:29
3273,295,,7,2,83.65,2026-04-25T15:09:07.362997
3274,58,d780fd9f-c7c3-4390-8f01-911b41839664,1,2,86.36,19-03-2026 22:37:28
3275,70,b92cdc30-103d-4181-980d-ad1cc4613ef6,6,-1,56.79,2026-04-13T01:42:19.118773
3276,137,624ff5ae-d690-45ee-9909-6bd308823039,7,1,92.98,06-03-2026 18:01:04
3277,27,,9,-1,15.52,2026-05-07T14:53:27.240482
3278,213,d8580e72-a00f-4133-97ee-d43ef1c9cd2c,5,2,88.04,2026-08-16T17:56:39.506376
3279,29,,10,2,18.1,13-05-2026 05:51:42
3280,116,a7e8aa16-4784-4e31-9eb0-42f4b3a0e19b,1,1,51.09,2026-01-08T14:43:24.205537
3281,254,,3,1,92.85,2026-07-10T01:53:42.956072
3282,189,,2,-1,24.49,2026-07-16T04:36:22.282179
3283,108,,5,-1,89.11,01-07-2026 07:32:51
3284,259,,5,2,83.63,13-06-2026 02:21:13
3285,25,dc9c2745-6d94-43dd-8864-b356ff466ddf,8,1,62.5,2026-03-09T16:50:10.777175
3286,13,,6,-1,81.14,2026-02-19T20:01:08.338348
3287,228,,8,1,55.62,03-06-2026 16:13:03
3288,166,,4,1,44.14,2026-03-24T15:36:36.954557
3289,143,1fc1298d-e36c-4c92-805d-e51df645f34f,1,-1,68.53,2026-07-02T15:10:02.009097
3290,225,bdd54675-10e2-461a-b26e-8f584152043a,1,2,29.18,2026-03-10T11:42:38.920815
3291,19,4be5949f-8797-46bf-8c12-32c5ed2b0715,3,2,84.92,2026-03-24T16:28:51.094780
3292,66,e5543470-26bc-4876-9894-9bbe400ce838,5,1,28.58,2026-04-05T13:40:59.436470
3293,62,,1,-1,26.62,2026-03-16T04:45:20.845700
3294,112,,9,-1,67.88,06-06-2026 23:04:55
3295,85,a6a55d5b-ab44-437d-8639-b0b1968492dd,4,1,15.8,28-06-2026 22:08:22
3296,180,d2a041e3-4152-4898-96d3-430fe751a0ff,9,2,13.48,2026-07-08T16:59:04.064795
3297,96,,4,2,8.42,07-02-2026 05:57:10
3298,181,51355821-2613-43ec-83ee-6114c461ed3d,4,1,12.74,08-07-2026 06:26:02
3299,117,40fa36f4-6321-42be-b09d-81a525728408,9,-1,58.83,2026-08-05T02:03:39.291557
3300,148,,8,-1,67.82,2026-02-25T04:54:49.408329
3301,182,9ddf2dc9-156d-4ec9-9600-9b9f97b6dbbe,3,1,39.44,2026-05-13T05:30:37.183648
3302,260,,1,2,36.7,2026-05-28T02:54:31.443941
3303,283,,1,-1,14.68,04-04-2026 05:38:41
3304,62,aa501b18-043a-4644-960c-8bbd9d6c79e8,4,2,-0.95,2026-06-24T22:17:23.041109
3305,252,d16da94e-8872-4b3e-a027-ea53abec03b3,3,2,5.48,2026-08-08T14:39:39.873363
3306,286,853e8963-7cbe-4cea-abc0-17739be136bd,2,2,64.95,26-05-2026 07:25:03
3307,135,,7,2,16.03,09-03-2026 16:45:44
3308,135,d3852ad1-5a5c-4d35-b7e6-c7013c8de92f,3,1,97.87,2026-01-19T11:48:08.107610
3309,79,cd50dbe9-50a0-4d1a-9657-54d9d1866cca,3,-1,48.38,2026-06-04T17:00:30.511300
3310,150,,3,2,53.82,2026-02-28T17:10:00.026156
3311,95,8f2e50a6-2839-41e1-a599-ecbe10646aeb,6,2,1.0,2026-07-10T15:51:17.423505
3312,173,422df063-3573-49b7-a85a-87ddad2c46d7,6,-1,0.18,20-03-2026 23:07:01
3313,125,,4,1,84.78,2026-01-20T19:23:47.159480
3314,273,0c635482-adb9-45c2-8461-96748b87f368,5,2,66.79,26-06-2026 08:39:16
3315,142,6dde3162-a436-4dea-b29a-07f8d634e19d,4,1,45.98,29-05-2026 21:09:00
3316,118,,2,-1,53.98,2026-01-02T17:08:28.688937
3317,7,51d15410-9b84-4ae5-ab93-af901234dce7,4,2,13.32,2026-06-06T10:14:05.863919
3318,261,,7,1,54.95,24-07-2026 19:17:32
3319,188,,2,2,71.7,14-07-2026 03:53:50
3320,24,,6,2,54.71,2026-03-16T07:38:12.758034
3321,35,,2,2,97.62,04-03-2026 07:37:45
3322,37,2d22a02b-9e54-4ba6-bf71-a932bffdefce,10,-1,30.93,20-05-2026 01:18:37
3323,140,727566e1-2aca-4936-a1f2-29d57b294af4,10,-1,4.59,10-01-2026 14:10:38
3324,109,,8,-1,47.15,2026-02-03T10:02:29.261444
3325,31,,1,1,-3.09,2026-07-18T04:09:54.320619
3326,223,7dc7e875-70f0-4c35-94a5-1a12719e6724,1,1,60.39,02-03-2026 06:13:07
3327,50,4532a50f-29cb-47f2-9ca2-4d715671749f,2,1,27.29,2026-04-14T00:52:49.392724
3328,293,f2983ade-6cec-4949-b0cb-04a73463df2c,7,-1,37.37,23-06-2026 11:01:13
3329,208,62cc8a8e-d146-4938-8976-3cb1a9ea1df6,10,-1,44.83,2026-04-07T08:44:12.284916
3330,85,,8,2,19.29,2026-03-30T14:58:30.665032
3331,68,,7,-1,75.29,07-05-2026 14:56:58
3332,174,,9,2,32.0,2026-07-01T19:27:12.497001
3333,293,,4,1,58.27,02-05-2026 14:49:40
3334,169,,4,1,95.15,27-02-2026 18:03:08
3335,94,3c1add1e-aa80-4645-8f16-07e8ff13f9eb,2,1,-0.2,2026-07-29T15:30:14.072322
3336,36,,1,2,46.06,07-08-2026 04:51:30
3337,140,,10,-1,42.89,14-08-2026 23:50:13
3338,246,95ea7961-4f96-413c-98ee-1c50493eedb5,1,1,9.73,08-03-2026 16:45:28
3339,203,,5,-1,64.87,11-07-2026 07:55:21
3340,255,,5,-1,42.02,19-02-2026 08:58:01
3341,159,21f3df41-103c-4d8f-8be4-8ad5500ca160,7,1,35.49,02-01-2026 22:49:58
3342,219,1d2d15c0-3536-4894-b85a-dc46e995a4bb,5,2,-1.53,06-01-2026 01:18:51
3343,126,,6,-1,18.16,2026-05-26T18:37:54.368482
3344,20,,5,-1,39.8,2026-02-05T18:45:24.901646
3345,238,,2,1,87.69,28-05-2026 18:12:19
3346,71,,4,2,16.62,16-05-2026 09:50:00
3347,239,3b825976-c6d4-4a55-b2ba-273590749667,3,2,31.73,2026-06-24T10:14:50.142855
3348,271,cb96490e-a6ae-488a-8a66-04f738381e15,8,2,65.81,26-03-2026 05:37:13
3349,154,cf77d829-4ff4-4e71-a854-a034c0f92e8b,2,2,59.48,20-03-2026 22:41:43
3350,202,,5,2,64.03,2026-06-07T06:26:01.078818
3351,153,,5,2,73.26,15-01-2026 03:28:57
3352,132,ae987e81-18b1-45f7-8775-b370c3a01fea,5,-1,7.74,2026-04-28T09:44:28.751685
3353,125,,5,-1,42.34,2026-05-08T06:57:42.420062
3354,295,,7,2,-3.2,2026-06-08T16:52:43.264116
3355,75,4055190e-a475-4726-b0ee-b1c50c14d94a,1,-1,29.46,09-03-2026 14:05:44
3356,66,,4,-1,65.25,30-04-2026 13:55:38
3357,52,c70fd72f-07b6-452c-8558-dc6aef2af972,3,1,96.57,08-07-2026 21:01:13
3358,67,d4801fcb-0eb0-468d-8e4f-b0c5f239f928,3,1,85.34,2026-01-26T15:32:16.147167
3359,246,,5,-1,31.51,27-05-2026 02:03:39
3360,212,,6,2,79.04,2026-03-17T03:49:12.242456
3361,65,2c0d3adf-6482-449d-8299-3302dc141c62,4,1,-0.49,14-01-2026 05:18:35
3362,291,,5,2,92.53,2026-06-24T04:05:34.690377
3363,115,391fad2b-c648-4ec7-a5c4-77e159ac5650,1,1,89.21,25-05-2026 03:48:40
3364,55,eb8b9b2c-f280-4c33-b402-5d0d610361d8,2,1,72.05,24-02-2026 22:09:26
3365,171,,6,-1,69.23,12-03-2026 08:23:42
3366,98,,10,2,60.94,02-07-2026 01:03:53
3367,2,,2,-1,59.0,2026-01-02T19:08:48.251620
3368,134,,9,2,14.86,29-01-2026 19:11:40
3369,204,,4,1,2.61,14-04-2026 23:50:49
3370,25,5739389b-cfe7-4120-b148-6b96beb27c6a,5,1,15.0,13-04-2026 20:09:26
3371,81,c69b537f-5c27-4dd0-a703-ec7f265f92bf,1,1,15.46,18-01-2026 07:23:56
3372,150,4d06d19a-a36f-4687-ac49-6a1e3e24522c,5,2,16.83,2026-04-11T20:26:38.905109
3373,10,,4,-1,42.33,17-06-2026 08:58:55
3374,259,,9,1,-1.57,07-04-2026 16:16:51
3375,73,,7,-1,95.72,2026-01-09T00:12:21.997483
3376,46,,8,2,1.76,14-07-2026 13:45:32
3377,97,44860d6c-e878-4499-8f00-58ca4cc9e20c,5,1,83.35,2026-06-30T05:59:03.172433
3378,80,4932d0d0-86f6-4da5-a2a0-f3a47b287ab9,9,2,94.46,2026-03-29T06:44:09.093546
3379,83,,7,2,30.53,26-03-2026 14:18:17
3380,173,d67bfa8e-79b6-4ae7-812e-969eec58edb7,4,1,9.02,2026-02-20T04:48:59.009725
3381,120,386740d7-b4e0-4515-aa6b-09a5a6e2ddb4,3,1,9.12,19-07-2026 09:31:18
3382,294,31fc5096-d287-4073-a5c6-7b956b0ffbd7,4,1,87.17,2026-08-16T10:39:11.533792
3383,12,a1cfb4a7-bd79-492b-9753-fbd44bfb56e7,4,2,37.87,12-07-2026 11:52:25
3384,35,f9583f96-e2ee-49f4-9337-2c3cca108c9a,7,2,33.35,2026-01-15T05:35:42.166257
3385,225,,3,2,59.02,15-07-2026 10:40:18
3386,162,6864d660-df01-4081-ac60-392242f371be,1,1,24.19,10-08-2026 01:53:55
3387,108,1e553ae9-169d-4d26-8858-e9e995242568,2,1,90.57,03-01-2026 07:17:31
3388,250,fa44aedb-9236-4640-99ae-ceca09f789fc,4,1,17.76,2026-02-27T03:11:43.848192
3389,24,bc285a4b-5ccd-49cb-b314-2c5ae01c1a0b,9,2,43.14,2026-04-10T02:52:27.955373
3390,47,,3,1,64.5,2026-07-09T12:52:35.106017
3391,150,02a34ae7-46ff-4b79-bb6f-85f109904e39,6,1,41.13,06-08-2026 08:22:05
3392,133,,2,2,62.43,07-02-2026 21:11:59
3393,165,,7,1,60.34,2026-01-26T10:26:46.335011
3394,136,75ed2a48-1abb-4f20-a013-122745e5ab0f,7,2,62.18,2026-05-07T16:27:24.754046
3395,275,,3,-1,44.26,2026-04-22T03:53:28.305843
3396,174,142e3c7a-87e1-4a2a-97d7-bf818dd41723,3,1,28.25,2026-03-18T15:04:24.045063
3397,300,,7,2,74.62,22-01-2026 19:58:07
3398,131,e6088803-e8b7-43e4-8b31-15916363165b,4,2,21.16,2026-06-04T11:03:01.577438
3399,232,f2c76d12-87dc-4d9f-837e-d1603bcdbf5b,3,1,8.65,2026-07-16T05:47:52.345258
3400,25,6e226f72-3a9f-4fe4-b8d8-c7b01543841b,9,2,96.43,2026-08-15T00:48:31.162640
3401,121,,9,2,79.77,2026-02-03T23:11:24.587372
3402,38,,1,2,25.59,2026-04-06T13:56:40.400135
3403,116,d1ef4d53-7556-4fb6-a1df-0b306fa4c676,6,1,56.71,27-01-2026 05:50:42
3404,182,31001845-373d-4ae5-9de3-93ea959bd58b,10,2,72.2,2026-08-15T09:50:43.350171
3405,253,799eb72b-8d11-47b5-8205-e43d75b97105,3,1,9.92,23-01-2026 10:03:04
3406,199,,4,1,53.54,2026-01-07T22:16:17.600650
3407,84,9e96ac89-541a-4d2e-a7b1-e5b32b7f72e0,6,2,10.71,2026-06-23T07:52:18.466711
3408,193,c84a262e-f248-4970-ab27-b47deb680907,7,-1,28.65,01-02-2026 20:42:27
3409,196,36a86340-aaf7-450c-b06c-6efadd7f47fc,4,-1,72.27,2026-02-26T11:48:51.943603
3410,104,,5,2,41.5,2026-01-10T19:33:46.711078
3411,157,,9,-1,55.91,04-01-2026 00:36:57
3412,7,,8,1,79.47,2026-05-08T20:04:00.851297
3413,192,,9,-1,31.68,27-04-2026 06:02:36
3414,98,,8,2,60.51,2026-04-03T20:36:15.819138
3415,204,,4,1,94.5,10-08-2026 01:35:11
3416,213,6735fc90-b9fa-4102-a9d9-4d2e7fefba2e,5,1,42.5,29-01-2026 12:27:48
3417,243,,3,1,90.77,2026-07-01T22:11:33.442457
3418,9,,2,2,31.68,2026-04-12T01:53:01.575027
3419,73,267d8856-0232-4c27-9c3d-e80c350bc12e,1,-1,33.73,2026-02-24T06:35:25.388015
3420,78,,2,1,28.87,05-03-2026 04:43:20
3421,112,f42e9a3e-e6df-49c2-b743-0895c9be8915,3,-1,28.36,24-01-2026 09:17:35
3422,120,,4,2,65.18,2026-05-25T22:49:54.303478
3423,210,1e3f4fcb-0926-447a-aacc-7588f36d2692,10,-1,26.15,2026-02-01T03:11:48.037374
3424,22,,7,1,30.2,20-02-2026 02:55:24
3425,264,1e3bbdc4-0ce3-4088-8d44-9e4c04a8f6e8,9,2,5.2,2026-05-22T22:37:50.649697
3426,55,b359f2ec-19d7-49a9-8c57-527cde4ea2c2,9,1,-0.42,2026-04-23T06:36:09.658085
3427,81,3a1a9237-5c81-403b-b567-618b5c45ec9f,2,1,84.3,2026-06-23T11:18:25.483620
3428,89,528b16af-592e-49b3-af7c-402d686ba8c9,6,-1,26.09,2026-02-05T15:10:58.537525
3429,191,ecb1ec89-b614-4523-a1db-17d5c668b11a,7,-1,38.8,14-06-2026 20:34:38
3430,206,,1,1,75.18,2026-05-26T08:07:13.038198
3431,272,,5,-1,51.41,30-05-2026 05:07:21
3432,159,,3,-1,-4.9,24-06-2026 17:54:20
3433,91,,8,-1,50.06,2026-05-20T22:28:31.236960
3434,161,,7,-1,37.18,15-02-2026 16:35:10
3435,160,ce768dd6-0404-4c3c-8337-26f1469701d9,10,2,71.04,2026-05-04T17:48:48.302745
3436,152,0da0c3e6-aefd-4ab2-80bd-af35fc5f244d,2,-1,9.8,14-08-2026 01:21:45
3437,75,226f3cc1-8c52-4e09-861e-5e3c17edd983,2,1,14.22,17-02-2026 13:18:11
3438,33,977c22a0-fb25-413f-9450-77ea2edbb530,5,1,59.23,2026-06-16T06:40:21.234050
3439,58,,8,-1,91.29,2026-02-24T11:13:48.825808
3440,47,,10,2,11.11,02-05-2026 00:29:59
3441,143,b63b2e46-e518-4b29-9c7b-12c68c8e820b,3,-1,68.32,2026-08-04T10:16:06.018187
3442,282,3d3e98f8-6f6b-48de-a7f0-03cd02b3262d,1,1,86.89,30-05-2026 22:02:40
3443,210,6339b821-7587-4ba2-b46b-6afba843863f,3,-1,-4.78,2026-05-21T22:27:13.515135
3444,179,b97312cb-8fbe-4acb-8963-ad1c4f912e40,3,-1,30.35,28-02-2026 03:09:54
3445,97,92a7a79d-bcec-48bb-bf20-189008f5118b,1,2,61.34,19-08-2026 00:24:00
3446,92,,4,-1,89.41,2026-04-14T01:09:54.100900
3447,182,22d2a76d-cf0e-4b29-ac46-ffd3c0967086,7,-1,12.95,2026-07-20T14:46:35.705756
3448,31,,7,-1,68.24,2026-05-03T13:41:27.187532
3449,235,,4,1,13.62,2026-02-20T03:52:34.696805
3450,257,,4,1,80.53,13-06-2026 18:12:34
3451,43,,2,-1,96.16,04-05-2026 20:13:01
3452,91,,8,1,21.02,27-07-2026 09:18:14
3453,56,04945feb-b78d-4165-b335-cf6440689c54,2,1,11.28,2026-04-12T14:52:57.511135
3454,103,eef6b6a0-3702-4a8d-8ca5-f467b663f814,10,1,5.41,2026-07-22T01:32:53.034778
3455,179,e829e4da-67dd-4ec1-84eb-48093e6e0962,8,-1,58.01,2026-08-11T09:29:14.029299
3456,271,,6,-1,93.48,2026-08-16T19:23:14.202451
3457,208,,8,2,4.97,2026-02-26T23:02:40.663512
3458,217,,10,1,-4.34,2026-01-10T07:34:14.650041
3459,137,963892c7-db69-4551-8de1-dcd9236bbf2a,2,-1,8.38,15-04-2026 01:51:20
3460,210,a9675988-d75e-4884-ad8c-9f2888247971,8,-1,67.95,16-02-2026 15:43:59
3461,215,065df4d6-02a8-431d-936e-ca167b4047b2,9,-1,26.39,04-08-2026 14:39:20
3462,92,fb5a8d9a-4727-4ddf-afb4-534e0c0e0f23,3,-1,36.03,24-05-2026 21:13:33
3463,205,,3,-1,86.34,2026-07-18T10:39:28.649810
3464,71,,8,1,27.35,2026-02-20T13:58:34.019112
3465,176,,4,-1,23.65,18-04-2026 15:07:19
3466,5,,5,1,55.83,2026-03-20T17:15:59.684598
3467,228,,8,1,75.31,23-06-2026 16:58:58
3468,217,,2,2,55.28,23-04-2026 03:50:46
3469,249,6dd067a0-9451-4871-8d35-86d7193763b0,9,1,53.09,06-05-2026 00:42:08
3470,158,,5,-1,31.95,31-01-2026 22:53:15
3471,208,,2,-1,15.32,25-06-2026 13:02:41
3472,58,,8,1,25.34,01-06-2026 11:14:42
3473,266,,4,2,71.97,2026-07-10T07:50:52.685958
3474,195,,10,-1,-2.06,19-08-2026 08:24:01
3475,162,f1aea9b5-c57f-460b-8ef6-93e8b47a347c,10,1,64.6,28-04-2026 21:31:38
3476,6,,3,1,82.75,2026-04-06T23:10:17.274411
3477,84,,3,2,-0.9,02-06-2026 17:23:45
3478,149,c7f9f371-409a-47fd-819a-98e22fae6c56,1,-1,13.81,04-03-2026 23:35:24
3479,184,80a3cca9-80c6-4519-9c3c-cb1faa8fcf17,4,1,53.41,2026-06-22T23:44:01.362781
3480,22,,8,2,65.01,2026-07-22T17:44:22.636808
3481,243,,2,-1,31.5,2026-08-09T01:34:02.000455
3482,8,54933998-6771-4b6a-bcab-42453a580804,8,2,91.1,2026-01-14T02:12:33.043080
3483,1,2b20af49-e8f6-42ef-af2b-176dc8802931,1,-1,31.22,13-05-2026 13:07:39
3484,207,3e38eb41-e305-4c2a-b135-e262ab5d9db4,10,-1,32.37,2026-07-26T19:40:57.023966
3485,9,,7,2,5.19,20-02-2026 06:14:09
3486,290,39ca6ad7-9613-43e1-8885-122a2acc6f36,8,-1,64.82,26-06-2026 13:52:58
3487,222,,10,1,47.78,31-05-2026 16:18:20
3488,10,74d791dd-0f49-4359-b91d-460f9b7956ab,9,2,12.01,2026-07-04T14:24:05.999957
3489,16,1a2b46aa-f92e-41cb-b908-ce629bb89082,4,2,34.1,2026-07-04T17:35:22.508575
3490,25,a1b3f48e-f830-4691-afbd-a9382b3abf54,5,2,26.82,28-07-2026 01:29:09
3491,68,c6038683-542b-46bb-9467-93b4b0b40ee1,7,2,23.8,06-06-2026 21:49:26
3492,217,,6,1,26.59,2026-02-12T10:13:03.535272
3493,194,817a3d1a-a3ac-4a34-9321-f1cbecf1c0a0,3,1,28.98,07-06-2026 04:24:17
3494,224,,3,2,92.91,2026-05-09T04:45:14.603242
3495,95,9947971b-f85a-4422-9449-aca184c2e7e8,2,-1,-4.17,2026-05-23T22:27:52.130669
3496,111,,8,1,22.16,06-08-2026 02:37:55
3497,246,,5,-1,25.3,29-04-2026 13:50:22
3498,191,04121300-7c1a-402d-b9c7-083b9d3d0a3f,10,2,29.26,2026-04-09T06:07:17.258953
3499,119,8cd09459-4110-4965-9494-f0820f366350,6,1,46.36,2026-02-20T02:00:01.897471
3500,71,,6,-1,31.51,2026-04-20T14:45:23.320842
3501,86,f83a8f2f-65b9-4049-8fed-81403ce6342a,1,-1,21.16,2026-01-17T08:34:49.515556
3502,95,230d319b-7374-4a19-9a8f-7cae5548c2ab,2,-1,76.81,2026-02-21T12:24:59.151137
3503,74,,8,1,39.69,21-01-2026 04:11:22
3504,275,6d1ddd77-3708-4b1f-9b2c-dc2c3728d7ac,10,2,53.35,21-02-2026 13:45:19
3505,284,,3,1,56.37,04-05-2026 17:25:46
3506,88,,3,-1,85.22,2026-06-08T05:29:02.736631
3507,208,152bd442-9fa7-4324-9c9c-d8fd9cef1a39,9,2,46.37,2026-02-13T02:52:56.561585
3508,230,5a1dda2c-fb0c-4a59-ba2c-6cbb01cf2a05,1,2,91.2,2026-05-03T15:29:41.391567
3509,186,,10,1,22.12,24-04-2026 18:30:53
3510,158,,8,1,75.29,2026-02-10T23:51:28.204232
3511,183,18c12bbc-7c95-4a46-9e1d-a45100523913,5,2,86.75,03-06-2026 07:57:06
3512,58,,2,2,55.96,17-03-2026 19:45:44
3513,103,,5,-1,16.33,17-04-2026 21:16:17
3514,119,,9,-1,-1.82,2026-06-02T01:46:07.824306
3515,64,9f9f58a4-7ce1-4bdb-81fe-17b34049e930,7,1,86.75,2026-01-16T10:15:25.903779
3516,103,2dcb64b1-52a9-48cf-aac0-d0ee653f09f8,9,-1,97.94,10-07-2026 23:50:36
3517,20,,9,-1,88.41,2026-01-24T15:25:44.883837
3518,181,231242cf-53ce-4488-b07b-97ce77a64602,8,-1,44.9,2026-02-26T21:11:13.033111
3519,147,,3,2,66.85,20-02-2026 16:34:54
3520,93,141a52ac-8252-43fd-93a5-3f96a7fd6879,8,-1,27.1,08-02-2026 06:35:12
3521,109,,4,2,80.28,2026-04-02T06:12:33.940085
3522,52,103853e4-985a-4b78-a3a7-e0b4b24857e4,6,2,66.98,2026-05-15T21:32:57.047063
3523,150,,7,2,4.2,12-03-2026 01:22:56
3524,227,,3,-1,79.95,2026-07-31T18:10:57.125052
3525,159,77e666e5-f4a0-42a2-9490-cfcbb82f18a8,4,2,9.34,02-02-2026 07:56:52
3526,193,,5,2,0.53,2026-06-16T16:49:01.845221
3527,19,4cb20958-8e14-4746-b9c9-f5c641dc4a64,1,-1,57.54,16-01-2026 04:14:25
3528,246,f6f40523-93ce-4033-8906-1f09e46f7afc,10,1,50.79,2026-04-13T18:30:28.094573
3529,175,4f1c37c8-87f4-485d-88b9-f6c150e2f418,2,-1,3.92,15-06-2026 04:45:23
3530,268,,5,1,63.31,08-02-2026 17:20:16
3531,142,,10,-1,59.58,08-01-2026 13:18:53
3532,299,,8,1,53.91,18-07-2026 20:45:28
3533,252,,10,2,74.19,2026-01-02T05:44:02.436300
3534,266,8d68aa25-287e-49b2-ad3b-782ef4f935a2,10,1,13.81,2026-03-19T19:55:55.925447
3535,226,,9,-1,64.33,2026-06-22T18:49:07.254044
3536,71,,9,-1,14.69,27-07-2026 11:07:06
3537,42,,1,2,73.81,26-02-2026 16:53:36
3538,135,,2,2,78.45,2026-03-08T01:29:01.623880
3539,218,,3,-1,99.47,2026-07-29T20:29:50.421785
3540,43,ee4b25f1-cd52-4e57-b9d5-6ecdbce6e298,4,-1,-1.88,06-04-2026 18:52:40
3541,223,751e75c5-20af-41d3-ab45-cd172739cde2,2,-1,20.8,17-04-2026 08:34:30
3542,276,b05fd6d0-79e0-4df2-b365-b2fe5655f336,5,2,55.53,2026-01-18T04:39:07.835883
3543,294,a47fb6f7-a5fa-4e3b-bb06-2372cc623599,2,2,44.14,2026-04-15T04:37:36.924836
3544,190,,3,-1,85.45,31-01-2026 09:11:19
3545,300,6c5e8063-ab53-4f96-9483-fb15c82f9cda,4,2,4.39,01-03-2026 02:59:16
3546,259,b2c54036-ffad-4f08-b9b3-ec67c53b6548,8,-1,-3.75,27-02-2026 17:20:05
3547,100,310f0b8a-3b65-4b19-95b3-9a3d40caedb3,7,1,73.34,2026-07-29T17:47:45.766326
3548,63,ac5ad027-8c63-49e8-874c-7ab9b72f5d75,10,1,-3.9,2026-01-29T06:14:44.999596
3549,294,,5,1,62.86,09-08-2026 18:40:02
3550,179,68baaa75-32a3-43e0-8f94-f4040b945f59,4,-1,39.79,2026-07-19T14:35:40.804121
3551,272,,9,1,84.84,2026-06-03T08:15:29.714863
3552,22,,6,1,87.33,03-06-2026 13:12:17
3553,109,,4,2,2.32,03-04-2026 12:06:44
3554,272,,4,2,74.54,2026-03-28T16:57:16.221626
3555,226,36addf4d-2bb8-45e4-b910-52ec9367b9e8,4,-1,31.61,04-02-2026 20:39:24
3556,291,2f0c15f5-ee2b-41c9-9f64-a46ec28d3a5f,4,2,20.41,2026-03-01T03:42:30.534390
3557,4,,9,2,97.42,30-07-2026 18:10:45
3558,47,,5,2,64.89,2026-01-13T05:01:42.458248
3559,172,,7,1,56.4,2026-06-23T00:25:59.679974
3560,183,,2,1,34.88,2026-06-30T12:20:33.675280
3561,202,af563cac-5e48-4caa-9aaa-d464df728e1d,3,-1,90.66,12-02-2026 06:03:32
3562,249,4e98efe3-69bb-4116-aa8b-350587e7effe,8,1,84.8,19-05-2026 05:10:17
3563,194,,1,2,90.98,08-04-2026 23:57:11
3564,91,644571f9-4133-40db-b1ca-d4d813057574,7,2,21.92,14-02-2026 04:26:19
3565,40,6fea310f-b0e3-4c77-95b6-663556ea64ec,2,-1,99.91,12-06-2026 12:34:44
3566,166,89869ee9-d958-4770-8ab5-3f8d606498ad,6,-1,86.58,16-01-2026 03:45:37
3567,210,,1,2,96.15,2026-08-16T06:49:10.337479
3568,97,a276d947-52f2-4d5b-be28-73f6a3fa1cd2,3,2,97.91,2026-08-10T01:29:20.626983
3569,136,8e36cdc7-841a-414a-acc9-72645321ed6f,8,2,16.9,2026-07-24T01:22:39.941971
3570,261,c5a491e4-58e6-4b5e-9d41-30eaf1ed8fdc,5,-1,22.21,02-04-2026 00:51:23
3571,233,513339ad-e457-4363-b5c3-de96fbf52811,9,-1,19.14,12-05-2026 11:50:34
3572,109,6b028ccd-2540-4da3-a076-77cd09354a71,10,2,55.39,2026-06-14T12:20:06.068725
3573,215,,7,2,67.99,2026-06-21T05:49:51.447279
3574,292,d00e5028-67b9-4abd-bf81-c345025c535b,3,-1,51.34,04-06-2026 17:23:50
3575,261,,5,2,74.21,18-01-2026 11:09:16
3576,58,c1c10c4d-5701-4d9e-8906-e5b50ff0c8df,6,-1,73.6,28-05-2026 11:24:14
3577,70,,2,2,22.92,2026-03-24T05:35:15.255573
3578,11,,9,-1,98.44,2026-07-04T16:17:45.964797
3579,197,,1,1,27.03,2026-06-05T12:47:00.337292
3580,258,fcadfa20-0282-4c6b-a7bb-f0a5b2ed5561,9,2,16.58,04-08-2026 16:51:57
3581,227,,9,1,71.89,2026-05-29T17:35:56.844304
3582,208,,8,2,-3.54,16-04-2026 23:33:28
3583,49,ddca9be0-a6fe-4195-9765-6b4b44baf1a5,1,-1,-3.69,2026-08-09T11:08:57.924381
3584,179,531b7b97-a168-4bec-8956-e36681a7fc54,9,-1,86.7,2026-04-03T17:11:52.689707
3585,96,fa3bb8b6-0970-4bcb-978c-c8b44418c7ef,7,1,31.61,2026-02-19T04:04:30.076180
3586,21,,2,-1,83.98,2026-03-14T19:48:45.361960
3587,44,21a29f6e-f484-4d4d-b987-fbc194c456f8,6,2,43.49,2026-04-02T16:23:16.376237
3588,138,,2,1,0.94,06-03-2026 18:14:22
3589,140,a14a1274-77ee-4411-bdca-355f9f6df41b,10,1,11.75,26-05-2026 18:34:22
3590,123,c23fcfe7-5e42-4360-9f1c-f1cb944bf2c7,1,-1,45.69,02-08-2026 02:34:13
3591,51,cf08ac6f-f239-473e-bf47-17b1589fd5e5,3,2,52.12,28-06-2026 03:11:54
3592,15,,3,-1,35.93,04-01-2026 00:30:23
3593,295,,4,1,13.63,2026-03-04T21:04:31.603059
3594,254,,3,1,25.41,10-03-2026 19:59:41
3595,110,41c9a81e-d9d0-40a1-909c-00213cfe6e03,7,1,6.33,2026-04-09T18:46:29.416872
3596,19,f5993d76-bd5c-41b7-b101-931b87044007,5,2,50.21,2026-01-25T06:11:07.943693
3597,196,6b4ef787-ca9f-441c-bcff-2a4aa9a7d97c,1,2,-3.74,26-06-2026 05:20:37
3598,230,930c15dc-2df9-4361-956b-6a15f80ffc97,1,1,76.8,2026-02-27T07:21:40.264806
3599,172,ad03551c-a312-4627-b666-4e4536685ec9,7,2,70.75,2026-08-17T23:12:33.322677
3600,293,,4,2,95.64,2026-01-01T05:29:56.912318
3601,6,,8,2,58.52,2026-06-29T04:21:34.884141
3602,31,953edf47-854a-4147-80fe-f295ce31b83b,8,1,9.34,2026-02-22T05:28:17.383189
3603,14,,4,-1,43.46,2026-06-05T01:10:35.588143
3604,18,,3,1,4.82,2026-08-12T09:14:39.218986
3605,277,,10,1,73.04,10-06-2026 05:46:50
3606,39,,8,1,14.49,2026-08-19T17:05:19.508209
3607,130,,5,-1,37.79,2026-07-03T18:32:55.423137
3608,254,7b91a25c-4feb-4509-8a28-4348ab6a58c5,10,1,52.45,2026-01-02T12:55:42.858666
3609,243,378efd72-bbb0-4cd1-9476-99dd76e98351,8,2,27.17,16-01-2026 14:15:27
3610,28,8cafc6a4-aa70-4d9d-a834-a4ea165c06b6,4,2,25.78,2026-04-12T02:05:29.104941
3611,95,,3,1,63.03,2026-04-25T07:42:32.729215
3612,74,,3,1,90.69,29-04-2026 02:20:18
3613,43,4f7ae669-3cd3-4506-85cb-aa02f0fcc220,1,-1,23.52,13-08-2026 20:22:38
3614,243,1d5b22c7-279c-4f38-904b-016040b80c05,7,-1,-2.63,2026-01-11T23:13:05.814189
3615,216,,6,1,18.59,2026-08-10T10:49:20.686910
3616,241,,2,-1,43.89,02-03-2026 15:56:34
3617,286,b3194756-1d17-4b18-a97e-d58e64322edc,3,2,94.54,24-01-2026 07:17:20
3618,300,,2,2,-1.11,2026-05-26T03:29:10.886144
3619,55,475aad11-60a5-484e-97bd-57d99e0b89b7,6,-1,56.05,2026-02-18T04:20:52.129903
3620,88,,9,2,99.3,11-08-2026 11:27:46
3621,275,,5,2,53.38,29-03-2026 21:09:15
3622,65,5a9f2c1d-af3a-4b58-9f26-9cf3a59a0f31,8,2,99.91,2026-05-06T19:13:52.734267
3623,257,,5,2,22.18,2026-02-15T09:30:36.416101
3624,225,4c5d15a2-91b9-4719-934a-e59f41a582fb,10,1,55.05,24-01-2026 13:25:02
3625,150,ed812430-01a8-4449-952f-460956dda084,2,2,26.58,2026-06-04T05:15:30.696769
3626,207,4ca9043e-87d0-4da2-a45a-a5c265ba71f7,7,-1,96.0,2026-07-19T16:41:11.471332
3627,102,,4,2,51.73,06-03-2026 17:42:25
3628,139,,1,-1,11.56,2026-03-28T01:31:22.469352
3629,294,,6,2,40.33,2026-07-30T06:29:06.113720
3630,5,f11be4ca-4af6-43d8-9780-3e95c3e31ec2,2,1,15.93,16-04-2026 14:24:38
3631,76,092728ca-64e0-47d5-8ea8-6e5b66963a8e,6,2,-4.84,2026-04-14T22:57:52.946849
3632,112,a4a5e84f-d4c0-4a88-924e-2fe78cb8bb03,1,1,-3.09,10-05-2026 05:21:41
3633,128,,7,2,20.12,2026-03-29T01:05:18.760049
3634,3,c4a550cc-c338-4749-8107-97448cd747bf,9,-1,55.03,2026-04-01T23:49:16.845500
3635,63,,2,2,78.82,2026-04-09T19:20:02.963845
3636,297,7e54ca69-ec5e-4dce-8163-612e14e4149f,7,-1,74.06,2026-03-01T05:59:50.321783
3637,121,0755891f-13a9-494e-b90f-a3274dc5a56b,8,1,93.05,12-04-2026 20:38:03
3638,23,,1,-1,78.49,11-06-2026 22:28:27
3639,154,5de33d8c-326a-4282-b297-fbc672c3f846,9,2,45.4,28-02-2026 01:58:30
3640,199,74dda64e-4635-425e-b206-bd494c19c27f,1,1,-2.58,16-05-2026 07:41:58
3641,113,4702f4dc-ef7a-47bb-9b79-bed9b5f9a9be,7,1,88.48,2026-07-20T17:33:46.308593
3642,229,fa68b06a-8b3b-4b96-9b27-b655e5acaae8,2,-1,87.65,23-02-2026 15:23:31
3643,48,,5,2,47.63,23-01-2026 22:26:16
3644,77,422e53ab-eaec-443b-a51d-33d68899e0e5,4,-1,22.28,2026-06-18T10:44:29.521050
3645,36,,4,2,75.08,21-05-2026 08:54:25
3646,212,,1,2,28.77,31-03-2026 13:27:08
3647,146,,7,2,41.37,2026-03-09T17:04:36.599607
3648,49,fd765994-f75f-4546-8c7f-f8ece3d2e09c,9,1,23.03,2026-03-21T11:06:31.028831
3649,72,6f734831-c0c6-4b35-801d-3b4dd7a6b0b6,9,1,91.67,2026-04-15T13:54:45.587652
3650,263,,10,2,96.66,2026-04-09T13:45:41.847260
3651,201,dd215615-f089-4d5e-9fc0-d0ba2df4f7b1,1,-1,31.4,2026-06-21T04:42:15.018955
3652,255,,6,1,44.09,29-04-2026 17:06:45
3653,99,,5,1,94.86,2026-01-27T22:26:08.357856
3654,177,,1,1,25.94,2026-07-25T14:09:33.152848
3655,49,0b007017-75f7-4f35-aed9-a652bb9abc91,9,-1,29.86,2026-01-23T22:53:47.093884
3656,215,b94aee48-c211-4c15-84ae-40ac536cb216,3,-1,97.33,02-06-2026 08:14:16
3657,290,50462e2d-1764-4594-9982-b88b732c8360,5,-1,85.96,22-03-2026 08:20:45
3658,59,49315d19-8ca4-4294-818a-9e7940571a42,1,2,58.17,2026-05-21T00:01:50.106047
3659,29,,7,2,-2.53,2026-04-03T09:12:46.231918
3660,66,134615b7-654d-408e-a238-e8fda30c5aea,9,1,43.12,2026-06-17T08:21:39.745784
3661,46,20859982-6ff5-40be-9dfd-2e8962914742,4,1,54.62,25-05-2026 18:10:06
3662,36,,2,1,-1.92,17-05-2026 08:01:46
3663,273,,1,2,72.22,12-03-2026 23:27:43
3664,167,b1c76d6c-7586-4cb5-a622-24c58e3faadd,5,2,35.09,2026-03-12T01:08:37.132344
3665,157,755bdf54-dca9-435c-b0d9-ba6b306b67b9,3,2,38.99,2026-05-10T18:11:18.707993
3666,154,,1,1,60.31,11-02-2026 00:50:20
3667,122,bcf788bf-3777-4678-9533-250d7c2b36de,6,2,70.51,2026-04-28T12:29:41.344023
3668,159,,3,2,19.66,09-03-2026 14:25:12
3669,43,,7,-1,12.75,15-01-2026 18:04:02
3670,52,ba03db59-ef91-4fb8-ba3c-ed0a80706ae7,8,-1,95.03,18-07-2026 22:21:07
3671,232,393d73d6-86f9-421e-b8f3-b45ded751e7e,9,2,83.97,09-06-2026 22:42:34
3672,180,,3,1,23.99,2026-02-25T13:10:28.381292
3673,227,,9,2,48.62,19-01-2026 16:59:04
3674,151,,8,1,64.55,2026-02-16T08:27:15.098485
3675,107,,1,1,38.34,2026-02-28T15:03:40.703906
3676,262,,9,-1,45.75,24-07-2026 03:48:20
3677,75,27f47639-0524-4753-a787-4e5e9cd972c6,4,2,85.73,2026-04-26T02:14:21.251388
3678,158,005e81a1-cce0-4546-a034-84d2fa602911,5,-1,39.02,30-03-2026 13:27:16
3679,281,0c669152-336f-4407-8b4c-0e2d734a7b0b,2,1,4.12,31-03-2026 20:54:27
3680,130,,3,2,21.96,2026-03-14T22:54:43.429855
3681,9,,5,2,62.5,2026-06-21T17:36:14.957620
3682,64,03efa8ca-7a8f-42d6-b465-c42c1416ff6d,10,2,76.28,2026-07-05T09:52:33.185475
3683,272,502b3de7-1f08-455e-ad61-82354a4b2bd4,8,1,-4.74,12-05-2026 06:32:34
3684,120,,4,2,66.1,10-04-2026 15:58:55
3685,257,cc2ef41f-b3f6-4f8f-9d78-b69a9a424dda,2,-1,49.27,22-02-2026 06:48:56
3686,275,c69c53d6-da6e-44ce-8286-a02db8735dce,7,2,22.27,2026-02-07T04:05:12.328676
3687,178,eda6f6b8-88d4-4df6-b39c-7551c503e24b,2,1,14.08,2026-07-09T23:50:35.242602
3688,190,,4,-1,73.72,2026-01-10T18:53:47.886111
3689,96,b900b712-2aac-4e9b-afe8-5ef4455611d4,1,1,69.36,2026-02-14T15:35:21.507736
3690,160,,1,1,47.15,2026-07-29T08:56:28.196085
3691,259,,1,1,16.28,2026-02-14T13:56:20.072989
3692,104,2f354d92-a313-4379-9920-892813b062f4,10,2,52.83,2026-02-04T09:59:36.808711
3693,42,4db4da01-b16f-4f2b-bd77-8a86ec9f0d0d,5,1,93.53,2026-06-08T05:08:32.043267
3694,153,,2,1,6.23,13-01-2026 05:05:31
3695,51,,9,2,-0.21,2026-04-09T17:15:46.995504
3696,199,6ec5e6fd-928e-4a58-abfb-1d56c02beadf,6,-1,70.11,2026-03-18T22:05:27.662503
3697,260,,2,-1,63.04,09-01-2026 06:21:03
3698,269,,6,1,61.01,2026-05-08T00:13:17.247854
3699,106,,6,1,30.46,2026-02-01T00:23:37.154943
3700,62,cf478e9e-2129-4ff0-9eab-000384e06443,8,1,53.6,22-05-2026 04:27:06
3701,268,71f8e04d-a54a-4982-a885-a8959508a53f,8,1,76.84,2026-07-27T10:19:53.311366
3702,117,,2,2,6.11,2026-01-09T01:24:51.660932
3703,283,054133e4-0219-4501-a275-c3abf1870f5e,10,2,97.47,2026-05-22T13:00:38.261202
3704,67,df1e1b1a-c850-4e1e-9d98-e7d0d60fe840,10,-1,61.54,13-05-2026 22:13:04
3705,129,,8,1,51.22,17-07-2026 04:16:11
3706,174,b1c23dc8-ba73-47f8-9773-63e317de8b8c,1,2,87.22,2026-07-17T06:02:41.731345
3707,4,f85e8e18-3f82-4c13-9423-60352ddd51ac,5,-1,-3.43,05-04-2026 02:36:15
3708,181,,9,1,-3.45,24-03-2026 22:58:32
3709,151,a3881855-d520-44fb-bf2e-83aec24c83f1,3,1,87.02,2026-05-07T00:22:59.416863
3710,84,3f625718-05a6-4222-af24-280396e634fc,7,-1,-1.0,01-03-2026 02:56:30
3711,196,,8,2,36.83,14-06-2026 18:03:55
3712,11,,8,-1,66.68,2026-01-19T12:50:49.283094
3713,224,d92a19ae-3963-41f4-afcc-a57555bc0ff7,4,-1,84.22,08-06-2026 03:28:01
3714,73,b1848071-86fd-4ea8-b7c3-e28e4634a39f,6,1,72.26,16-04-2026 07:19:05
3715,153,13107871-9e1d-4ebc-bfe6-6a000921dbd5,7,1,-4.54,2026-05-05T08:39:42.254046
3716,112,14f050a6-484a-4a7d-9063-9bac953c1285,6,1,97.82,09-07-2026 21:42:17
3717,81,,4,-1,73.55,2026-04-04T20:51:19.172357
3718,276,1f4c0cc0-8ca5-4f47-9168-4ac84925bb79,10,1,25.3,17-02-2026 00:20:28
3719,258,ede1ecde-0617-4f4c-a669-8de896170eda,4,1,-3.93,2026-02-28T09:57:03.225951
3720,218,fa4ba7a3-93d0-40ac-b1ed-c10ddd3fbeb1,1,2,85.11,2026-01-20T11:05:52.353768
3721,76,0e3d77c1-3e03-43fa-bf2c-464b9f8ae64c,6,1,34.59,03-05-2026 07:49:51
3722,282,,5,2,69.86,2026-06-20T10:45:08.136931
3723,119,,4,2,52.74,2026-07-14T22:56:59.896642
3724,2,,1,1,87.45,14-03-2026 07:52:25
3725,256,,5,1,46.51,02-07-2026 20:38:40
3726,63,,8,1,52.94,15-02-2026 22:01:01
3727,57,427df79e-337a-4b5c-8f68-62f669a576a8,9,1,90.11,02-08-2026 20:40:25
3728,169,fb406ed7-467e-4e9c-9691-e67aab54b48d,3,1,57.19,24-03-2026 13:08:58
3729,260,fa235da4-5c83-4df2-9fc4-ceb5d724a5e4,6,2,22.26,02-01-2026 18:47:36
3730,24,,3,1,72.11,2026-04-13T17:24:20.934476
3731,79,,5,2,74.63,21-04-2026 14:21:34
3732,144,,8,2,9.84,23-06-2026 22:44:29
3733,34,,2,1,43.37,2026-05-17T07:41:47.896997
3734,257,,2,2,35.35,29-04-2026 21:29:16
3735,247,fbd957be-8058-4dca-b5a5-b51c5ab8c965,8,-1,70.88,2026-05-17T17:18:00.752805
3736,51,,6,2,97.76,2026-08-09T13:27:29.191233
3737,96,,5,1,83.26,13-08-2026 15:26:04
3738,236,75a93cf7-70ed-49a5-b297-832b8246f517,7,1,12.01,2026-04-01T09:56:10.235581
3739,171,,7,-1,50.45,2026-07-04T22:31:12.003537
3740,231,964ddb02-be13-41f5-ad3d-7e1fe22494f8,9,-1,82.56,2026-01-05T18:58:24.181786
3741,230,,7,2,9.29,12-01-2026 22:40:56
3742,194,a3a6f1ef-cffb-43f0-928d-6c81e5d502ae,3,2,94.29,2026-02-28T16:18:26.208859
3743,174,0cc39024-2be0-4baf-9ed6-5005e3805bae,9,2,44.97,2026-05-16T03:55:02.111705
3744,184,41174767-2c58-4dd3-a8c6-cc140972fedf,4,-1,40.28,14-02-2026 11:53:17
3745,27,,1,2,49.29,17-06-2026 19:38:35
3746,120,9623edad-2d3a-49a3-8ea8-9ec6fc6efc17,1,-1,30.13,10-06-2026 19:59:36
3747,121,,1,2,77.76,2026-01-31T13:45:12.231628
3748,243,9ca0f663-8a70-4051-907c-0de2f9ca5772,10,2,72.93,03-04-2026 14:57:22
3749,231,,5,1,28.0,01-05-2026 22:12:03
3750,211,,1,-1,44.74,31-07-2026 12:48:50
3751,256,,6,2,11.67,2026-04-16T08:59:43.995959
3752,15,c99b1203-3d8c-4a02-8841-8e3a139c1fcc,9,2,10.45,2026-05-11T06:54:14.382592
3753,245,a734460e-6493-4433-a7a2-78b85bdefe82,7,-1,82.92,06-08-2026 08:15:32
3754,106,aa4bc4d4-3d6d-46ac-8fc8-cbd19649bb0e,1,-1,13.49,2026-05-26T06:40:03.566944
3755,247,9628072d-6c14-43d2-a621-450c840f036f,2,1,82.77,31-07-2026 07:17:56
3756,251,,10,1,96.71,2026-06-09T13:13:42.745472
3757,217,f325c9bd-973d-42c5-b706-12ff71693c8f,1,2,11.55,12-01-2026 00:16:31
3758,59,,5,-1,37.44,2026-05-12T13:00:21.839418
3759,17,,3,1,82.73,2026-01-28T00:26:42.927129
3760,107,fd3a5855-0320-4296-8357-e1f7654dd6fc,3,1,89.34,27-06-2026 22:05:26
3761,292,806f4f04-19bc-44ea-aada-54a6e02444b5,2,2,14.36,23-05-2026 14:19:50
3762,138,,2,1,39.34,2026-03-10T04:40:23.067526
3763,37,,8,1,91.77,2026-03-31T15:05:44.032330
3764,205,faa9c1ed-7abd-4512-b397-358d4ce741b2,8,1,88.26,2026-01-09T03:41:12.938754
3765,17,,10,1,16.91,17-08-2026 22:57:52
3766,235,8e53ea10-b183-4135-82a1-cd1501923437,5,2,34.56,2026-03-22T16:48:02.930651
3767,58,,3,-1,24.26,09-05-2026 17:23:48
3768,222,2324e75c-b2a9-4716-bf5a-04f98ec3b2d9,9,1,51.69,2026-06-28T15:37:53.239263
3769,204,,5,1,11.41,16-02-2026 01:37:39
3770,282,,2,-1,58.38,2026-03-13T19:48:57.286805
3771,66,,3,2,13.92,2026-07-21T00:34:33.599012
3772,82,1b5eb70d-715c-4ed7-b68f-34411ac7ca74,7,1,31.55,2026-05-01T01:05:08.932008
3773,153,,1,1,82.2,15-08-2026 17:38:01
3774,232,,6,1,42.63,2026-04-16T14:10:44.182197
3775,284,,6,1,56.75,10-08-2026 03:13:02
3776,192,a0f07858-9445-4541-bb7e-687704c0543b,8,-1,-4.94,08-07-2026 16:55:49
3777,155,71700a81-7741-4d62-b675-d5073ba146ff,7,-1,46.99,23-05-2026 23:51:37
3778,212,78c61087-9c04-45da-8364-d939d5a5509b,3,1,52.29,2026-03-04T05:10:54.515244
3779,290,006e4540-eea8-45da-a087-45cff7636426,10,1,12.42,2026-06-07T00:51:45.022079
3780,191,,4,-1,-1.58,16-05-2026 01:53:27
3781,278,8a327891-d9c2-43b6-bffc-aa28f6eb442d,10,1,13.2,2026-04-14T21:24:04.010060
3782,179,22caa3ca-3b45-41f8-835a-74bfe37b3264,4,1,13.2,2026-01-18T22:35:29.389497
3783,126,,2,1,11.17,16-08-2026 21:10:19
3784,170,,1,1,59.91,2026-03-22T04:17:44.795673
3785,173,,6,-1,66.71,2026-06-20T20:39:32.466938
3786,116,,10,-1,80.38,28-02-2026 15:49:20
3787,107,5a5d63f2-22aa-473d-9b76-5aca9b57cb39,4,1,86.89,11-05-2026 10:15:37
3788,127,,3,-1,39.81,2026-04-04T04:00:34.444424
3789,276,5c19d297-497e-4d93-893d-eb4e9a8eeab3,6,-1,73.4,2026-03-17T12:18:07.655656
3790,63,0bc5ebc7-aeb8-410b-aec2-7fbe523b84a5,5,2,4.5,2026-04-28T06:14:18.537083
3791,228,,10,2,27.87,2026-04-29T18:58:34.007043
3792,29,792226c2-1707-4129-9d24-6d37e97533f3,3,1,96.53,30-03-2026 04:02:38
3793,102,02f81937-e37f-4966-86c9-467bdd5eb1e8,8,2,27.44,09-05-2026 03:17:20
3794,143,bc73038b-4b1c-4cdb-bf90-04d077876050,2,1,35.31,27-04-2026 14:32:48
3795,48,a8189ef5-6452-4467-a890-3ca92f280f9b,8,2,60.32,2026-05-13T14:11:47.082075
3796,68,480a79d2-0f2f-4524-b94c-f3ee470360fa,7,2,2.98,2026-05-07T19:44:40.692458
3797,52,,6,1,70.87,2026-06-20T09:20:23.240319
3798,217,,8,2,10.87,13-05-2026 11:01:13
3799,129,,2,1,68.63,07-04-2026 23:23:30
3800,62,,4,1,-4.53,2026-08-16T17:23:45.654767
3801,273,,6,1,23.4,2026-02-23T08:00:42.409706
3802,86,baf179d6-83bb-46a4-bd3e-0e0a79989926,2,2,67.56,23-05-2026 11:28:52
3803,182,32b4e445-5f12-4ca0-abca-bfd5090211fd,6,1,23.45,2026-07-26T05:28:26.826996
3804,52,b916a3c6-195f-4ba5-b33d-4ccb6066b66f,5,1,64.95,2026-04-14T17:55:37.992445
3805,265,,8,-1,43.4,2026-08-09T15:01:55.949026
3806,134,,10,1,34.31,19-02-2026 12:48:46
3807,68,e0a7a7f6-c7f5-4402-aee6-d4602ab19173,2,-1,52.25,15-06-2026 16:36:44
3808,165,cf5acffb-7b9a-4816-812c-2d9954f516cd,10,1,72.28,2026-05-22T12:37:57.592978
3809,155,,8,1,40.3,13-02-2026 07:21:23
3810,295,a2e6bd61-1d7c-4918-9548-b18a589fb603,4,1,74.54,29-03-2026 06:46:39
3811,182,21d02658-4c9e-468a-a1d3-78a7218bfbaa,6,-1,93.99,2026-01-15T14:30:03.331362
3812,175,,9,-1,25.43,11-01-2026 02:03:49
3813,141,30167f64-2292-4d69-b2a1-693ce205d4d1,9,2,61.84,13-03-2026 20:30:59
3814,270,79194c9e-b197-4713-acbd-eae73776c4d1,9,1,97.13,15-05-2026 02:07:36
3815,224,,3,2,77.8,2026-03-16T00:02:06.995126
3816,261,,7,2,8.16,2026-07-17T01:39:00.498978
3817,186,,4,-1,86.86,27-04-2026 01:36:27
3818,42,,3,-1,11.7,2026-08-19T16:26:03.552317
3819,180,35f15ce6-6e3f-4c18-b0de-48d329bdcaf4,2,-1,14.25,21-04-2026 22:47:27
3820,87,,8,1,53.01,2026-07-12T03:50:25.843410
3821,129,8c91732c-db48-4b28-9c78-c23d18f5a29d,1,1,84.36,2026-07-15T12:47:38.484651
3822,84,bdd1ad16-3c27-455b-b481-1e5aa984e61c,5,1,25.18,2026-08-10T08:57:14.131212
3823,6,89de316b-57b5-4f18-89a9-b74714d4bbe0,10,-1,63.79,14-01-2026 00:18:42
3824,88,,1,1,38.04,2026-04-25T09:45:36.219750
3825,135,,1,-1,32.94,2026-05-11T19:24:52.956195
3826,95,9d03a496-4b85-45ec-9011-9503b734332b,8,2,62.94,2026-02-14T19:07:06.616946
3827,119,6163cd2a-a991-4896-a7de-4fcc8158a448,1,-1,74.83,2026-06-23T18:28:49.540253
3828,126,,4,-1,60.01,2026-06-27T21:36:09.637665
3829,83,,8,1,4.12,2026-07-27T22:47:50.401733
3830,196,dd886396-1928-42dd-89b6-fcb1cf9b0a3f,1,2,96.33,2026-05-29T17:53:13.353150
3831,237,,1,2,37.0,10-05-2026 13:02:20
3832,57,,1,2,97.44,2026-02-12T01:04:21.008593
3833,201,,4,-1,50.2,10-01-2026 21:30:29
3834,6,c3a9acb9-ee1f-4ffa-88c8-b3cb72c6fd31,10,2,18.97,2026-07-29T09:20:29.156421
3835,103,,7,1,41.69,28-07-2026 11:22:53
3836,76,4a559849-f6eb-45ee-bb15-8d3f978ab8be,2,1,98.22,2026-06-23T18:42:04.701043
3837,211,5ff14c8b-2a08-4660-8567-e453c91a5a80,1,-1,93.37,27-03-2026 01:06:18
3838,145,f7ffaf89-171e-4519-b8dc-e3ab58ddbb85,7,2,9.41,2026-06-15T01:27:43.030559
3839,51,,6,2,89.49,05-04-2026 18:42:21
3840,60,52af20d6-e7d5-4e9e-a12d-c8304c3fa947,8,1,43.71,22-04-2026 14:27:16
3841,268,,8,2,88.9,2026-05-29T20:09:59.092054
3842,217,751c5db4-a408-49b0-b75a-ca85da23e282,5,-1,25.69,2026-05-15T21:52:18.175456
3843,143,,2,2,29.42,05-07-2026 14:04:20
3844,52,,1,1,82.77,12-07-2026 21:48:16
3845,290,36519a61-bf15-47cc-908d-9abfb72abbe0,3,2,68.22,2026-06-04T12:29:26.873709
3846,87,,9,1,41.76,01-04-2026 16:03:28
3847,137,c05279e9-1f70-4f7f-9cd9-4a42a9e0387b,8,1,18.0,09-01-2026 17:31:50
3848,220,,4,-1,81.51,30-04-2026 15:26:36
3849,230,ad0af943-5e31-47e0-bd46-7e648d6082c1,3,2,86.79,22-05-2026 10:57:44
3850,116,,3,2,53.74,2026-03-01T17:20:10.061903
3851,144,,3,1,49.15,29-07-2026 02:13:08
3852,33,d4a28b46-80f0-46d5-b5f4-c294fcc28039,1,-1,30.58,18-02-2026 08:05:08
3853,161,,5,1,4.59,24-01-2026 22:27:50
3854,121,,10,-1,-3.32,2026-06-30T19:00:40.511625
3855,298,d092f6f4-2275-49e2-994f-fb90535ffa80,8,-1,3.15,18-05-2026 20:49:03
3856,26,,8,-1,61.68,2026-03-20T08:55:33.462586
3857,151,41c86ee0-aea0-4e09-9aba-fd415c12a6f2,8,-1,95.4,18-05-2026 02:25:29
3858,142,99d0d067-3e4f-49ba-920a-f6df091b27e9,8,1,36.6,26-07-2026 23:13:19
3859,43,,6,2,21.92,08-07-2026 14:43:12
3860,240,8fe78d02-b0a4-4877-9595-ea371388e984,7,1,37.43,2026-07-20T10:49:37.372039
3861,189,,2,-1,34.14,2026-03-12T02:50:37.709091
3862,31,529fa755-a59d-4253-8f16-9460df9ac776,8,2,92.07,2026-02-07T08:07:48.756814
3863,296,37dca094-5a2f-4158-8596-3f97f19fddd2,1,-1,27.35,2026-08-06T22:34:26.114537
3864,233,,1,2,97.51,18-04-2026 11:14:31
3865,211,,1,2,89.44,2026-06-09T23:11:39.116815
3866,127,,5,2,57.17,2026-02-02T14:19:36.768294
3867,109,d6de8f75-55a0-4b5f-94da-1f3b7ade4007,7,2,62.68,2026-04-18T15:53:03.267231
3868,12,,8,-1,78.1,2026-07-09T07:23:51.732065
3869,281,5ee8978c-532b-4b54-8aa8-125cd38f2dfa,3,-1,14.26,30-01-2026 07:32:48
3870,244,,2,-1,-3.3,31-03-2026 18:58:18
3871,261,,6,1,47.75,21-03-2026 14:38:45
3872,24,,8,1,55.13,2026-04-06T20:43:39.800221
3873,156,6ef6e56e-c755-419d-baa5-ee404c5c5f61,9,-1,59.88,28-06-2026 03:17:32
3874,205,724bb778-2164-4624-ae65-c72444ab8ba9,6,-1,28.88,2026-04-03T13:53:40.340497
3875,155,7b0eb2e8-0d65-405f-9808-d44d5d18f71d,3,1,67.92,2026-07-01T01:42:27.251240
3876,135,,2,-1,85.75,07-05-2026 19:55:10
3877,16,,7,1,14.62,2026-04-12T04:42:18.793227
3878,36,,3,-1,92.75,2026-04-20T01:00:03.313508
3879,243,aa9f376c-97d4-4103-99a5-d3683bd1bace,10,-1,13.62,2026-07-20T16:48:39.212609
3880,291,1361a4d0-8e08-4f99-bbd5-1f70a3c1b6c1,8,1,53.99,09-01-2026 00:22:45
3881,166,8d4519b2-0fad-47c2-9f3b-8fbfbaad8727,4,2,4.5,2026-07-24T13:52:30.373337
3882,274,,5,-1,22.55,14-05-2026 21:14:58
3883,150,103f9ba4-ae04-4401-9d0b-783d8bb64d49,1,1,70.39,2026-07-08T12:44:18.814621
3884,45,c5e6a91e-56dc-4f08-93fd-35ac47868e17,6,2,67.14,2026-05-04T03:17:39.657290
3885,58,,6,-1,59.1,10-01-2026 18:55:11
3886,231,24b52804-5173-4d65-83f3-d6d15f6d4deb,7,-1,13.86,26-03-2026 15:42:19
3887,276,,4,1,33.63,2026-06-01T02:08:31.793579
3888,140,87538c4b-dbfc-4dfd-ad5b-bef527bd2b6b,9,-1,72.96,25-03-2026 03:48:31
3889,126,ede6c78f-50d6-4ed7-bc42-cab18e6fceaa,3,-1,66.22,2026-04-17T01:10:29.791840
3890,239,7a7e2f59-c6d3-4c61-8af1-ab058be5ce06,7,2,47.71,2026-04-22T07:03:22.202288
3891,198,,5,-1,18.29,2026-03-29T04:53:57.567231
3892,176,de4d064b-e7e3-441d-9588-7268f8c64cd2,2,2,63.3,10-02-2026 17:17:53
3893,298,ce65325d-bb74-41a7-8116-f8770887108c,9,1,29.5,2026-01-22T05:33:23.317733
3894,230,96d7bb87-49f7-4b45-8f48-f3e277e2877d,2,2,0.71,2026-05-09T07:11:10.121815
3895,212,,1,2,87.38,2026-03-01T15:38:07.784446
3896,16,b801e83a-8cb4-49c2-bf67-29a6ac4a6016,9,-1,89.32,2026-01-17T14:01:46.065304
3897,233,59857a44-b189-4e2f-b8e2-c3ebd0e44e2c,7,1,50.51,14-08-2026 04:45:20
3898,282,74b8e21f-2863-48da-9d08-991cd2240746,5,2,83.46,13-08-2026 04:41:16
3899,16,cb36b6fa-d602-4cf6-8ecf-9f6147907723,8,1,49.22,06-01-2026 05:01:01
3900,290,24ec92a4-cbe3-40b4-bc0d-6b466e4a56c1,8,-1,23.94,2026-05-22T13:36:17.915223
3901,215,616dd1b1-ddb8-4b4f-a83d-fdce47b22a78,7,-1,66.97,03-02-2026 18:56:11
3902,57,1f723d62-e8bd-422c-9d69-47cf1453e9cf,8,2,36.15,2026-08-01T02:03:43.406162
3903,286,83a74121-5ecf-4cb0-86e1-2006d9ca0812,9,1,83.27,2026-03-17T04:23:52.273796
3904,62,,1,-1,74.53,2026-05-25T02:25:40.031654
3905,216,140149e6-1266-4ae5-aaab-4a8de8a98c2d,5,2,23.28,29-06-2026 05:14:38
3906,196,2f68618a-d552-4f05-a1dd-5749474f52a4,5,2,99.82,25-03-2026 19:11:37
3907,4,e3befe57-ff5a-4b48-9edd-6a52e8cbdcad,3,1,72.26,18-04-2026 01:47:22
3908,74,,3,-1,87.08,2026-07-15T17:45:33.853962
3909,209,bcac069a-e9c9-4231-bc2e-9518bad58d39,10,1,93.57,2026-03-26T08:44:00.953900
3910,115,,6,1,-4.06,05-04-2026 22:50:52
3911,292,,7,-1,1.17,10-03-2026 16:09:50
3912,230,113ed3ee-16e4-4078-8d9b-5c9034291a44,3,2,20.44,11-03-2026 03:48:01
3913,69,,1,2,32.26,01-04-2026 09:32:18
3914,131,6cbf8d98-f760-4ce4-aa09-405e805c89a1,9,2,77.93,22-06-2026 01:06:34
3915,9,33c725dc-33ba-4bae-9399-836dcf36ce6a,7,-1,23.56,2026-04-25T03:19:48.486966
3916,61,,10,2,99.8,2026-05-26T00:03:20.415452
3917,266,,5,-1,37.01,2026-05-16T12:16:49.065606
3918,102,6ab08433-213e-4718-94bd-cb6ad59518d2,4,2,-0.96,07-05-2026 09:24:47
3919,238,,5,-1,2.74,20-02-2026 05:45:45
3920,298,,10,2,96.62,2026-07-27T03:44:45.999628
3921,70,8b1b4599-2093-4e8e-a6f1-509099f85eec,5,1,58.51,27-04-2026 11:00:29
3922,95,11b14103-f05d-4171-8ca6-039a5010bb81,7,-1,60.09,2026-06-17T02:21:38.036303
3923,197,,7,1,96.48,04-03-2026 19:02:21
3924,91,1a9bad83-0ffe-4fc4-9287-ad421a410c01,6,2,59.08,2026-06-15T18:42:22.694160
3925,281,c097b8a8-d9ea-40a3-bfdf-30046df62fb6,4,2,73.91,20-03-2026 01:10:51
3926,205,,8,2,59.15,28-05-2026 23:31:14
3927,223,ccc937a9-85be-4c90-8090-5182e88b9665,5,1,20.94,2026-07-13T03:57:48.005139
3928,26,,10,1,5.04,2026-06-18T11:35:12.994903
3929,271,bf26e12a-9026-4d4f-908e-ad42ad4cfb80,10,1,11.25,2026-01-06T18:05:15.833527
3930,207,bc5eb11b-0c96-4fb1-9e9c-bcd7c615e667,1,1,89.16,29-01-2026 22:45:02
3931,153,f1bb9406-0859-4475-91ec-135149bf038f,8,2,10.41,2026-06-24T09:20:16.160709
3932,157,345fe8af-19cd-4f9c-8c9d-c1f12e26e536,1,2,71.76,2026-04-26T23:39:56.166196
3933,112,,2,1,16.43,16-06-2026 00:29:33
3934,165,610e0eff-f95d-4feb-8d9a-70e510654b29,9,2,8.9,07-02-2026 10:45:02
3935,168,,5,1,72.94,2026-03-05T15:22:16.440982
3936,152,670b5069-f5d9-4f92-b959-bde4e65634f2,6,-1,96.81,2026-03-15T18:07:15.382234
3937,29,611be501-781c-4b51-acfa-5bd85c46ce7b,4,2,82.32,2026-06-26T17:07:28.679808
3938,292,,7,2,58.91,2026-01-23T17:00:04.587464
3939,134,,3,-1,93.72,2026-05-01T10:39:34.043944
3940,190,,9,1,87.33,2026-06-16T07:58:02.855097
3941,243,,4,-1,93.2,19-07-2026 05:09:10
3942,210,,2,-1,40.21,22-07-2026 06:01:45
3943,246,c388619c-53f0-4ef6-b6f9-54a75505b759,5,1,27.51,21-02-2026 01:07:11
3944,252,,2,-1,12.15,2026-07-10T18:56:36.692643
3945,38,ea7a241a-9fd5-44c2-81dc-0be5f465bf45,8,-1,59.96,09-01-2026 21:57:16
3946,50,e22fed00-bcb2-4ad4-965e-712cea576d53,1,2,46.47,2026-02-13T17:12:10.207042
3947,87,61732ee5-00cb-46c8-9776-b7ee9a431ee5,8,2,1.52,13-02-2026 03:56:30
3948,45,abe85718-818e-4a1d-a10a-6ef0c3d48cee,1,1,67.98,2026-07-28T20:57:00.907106
3949,102,,4,1,43.26,2026-06-17T19:22:41.339268
3950,153,09d7b09d-fed1-4806-9cd5-eabd310d2c13,5,2,23.88,30-03-2026 16:19:08
3951,147,4a45d298-b581-428b-995c-4230a0f013d5,5,2,40.28,10-02-2026 10:53:44
3952,274,,3,1,28.1,2026-04-09T05:04:41.010836
3953,3,,7,2,3.0,2026-07-02T10:01:08.202813
3954,242,1dc82b6c-d6b2-4f70-b4da-2cd27ece9291,9,2,4.43,2026-07-23T12:10:27.842788
3955,86,,2,2,31.93,2026-07-13T10:18:30.081709
3956,131,00e0be74-b038-4482-a360-e8194f08c5e9,10,1,53.63,28-06-2026 02:59:19
3957,261,e193cd9a-1893-4eb3-8f4a-9eb5c97594b1,6,2,52.18,2026-02-08T13:37:53.943585
3958,49,,8,2,23.48,17-02-2026 23:41:58
3959,188,691a6723-83a1-40e4-9945-37d5e22e0dfc,10,-1,7.28,16-08-2026 21:58:42
3960,25,,8,1,0.31,2026-03-18T01:20:24.336179
3961,126,9f3b6610-8945-4cdd-b48d-54eabb0fbd15,5,2,88.74,2026-01-08T01:08:51.209409
3962,277,,1,1,58.44,2026-07-02T09:04:55.801206
3963,92,08c72318-e9d5-42bb-b5a9-7c40c29f8e4d,9,1,66.5,26-04-2026 19:16:26
3964,202,3f76244a-8ece-4b36-9590-f25adb0d5f05,1,1,48.94,09-06-2026 18:05:59
3965,143,79de2904-56be-4e97-baee-b654261f9798,8,-1,51.75,2026-05-13T04:27:22.456485
3966,201,,3,-1,68.27,2026-01-27T03:21:29.577610
3967,196,,7,-1,58.03,2026-01-08T04:13:14.229890
3968,122,,7,1,16.01,2026-06-03T07:21:35.126229
3969,240,,5,1,47.83,2026-05-11T18:00:12.362813
3970,222,,1,-1,70.58,06-06-2026 04:50:08
3971,22,3821cf86-bf50-4a93-989e-22fc5bb09b02,1,-1,70.14,2026-07-11T17:05:55.914071
3972,277,,4,1,4.65,2026-04-04T00:26:02.555350
3973,200,,2,1,30.21,07-06-2026 05:43:04
3974,284,,9,1,31.01,15-04-2026 19:56:33
3975,124,db08776a-268e-4567-845d-f8ee95a771fb,2,1,57.37,27-04-2026 03:58:25
3976,17,,8,-1,65.58,2026-07-20T10:14:40.761365
3977,76,660ef07c-3fb7-4443-8d39-b8fd38b6d6fd,6,1,58.07,18-02-2026 23:13:18
3978,4,,8,2,33.15,10-06-2026 20:59:17
3979,152,,1,-1,66.28,2026-07-27T14:41:19.794529
3980,101,0ffd3904-7e70-42c8-8ac3-7cc585b8f854,8,1,25.37,2026-05-16T06:40:31.005854
3981,294,,4,-1,23.59,11-05-2026 15:56:32
3982,199,,3,2,13.88,06-06-2026 07:08:39
3983,296,,1,2,19.37,2026-05-03T13:07:08.298747
3984,71,,2,-1,51.14,2026-04-17T21:56:21.721255
3985,67,,8,-1,90.26,2026-02-10T09:21:30.204425
3986,111,,9,2,0.08,2026-06-25T14:01:27.651342
3987,202,957d06dd-6552-4d79-b60a-4a77cc649513,1,2,36.56,27-06-2026 08:33:09
3988,5,,1,1,71.75,2026-05-24T17:15:37.451118
3989,220,,1,-1,52.23,2026-02-25T00:54:47.441235
3990,6,f3b2f0e4-9944-43ed-8a6a-876a736d6f0f,10,1,57.2,2026-01-13T08:27:12.060547
3991,31,39a90655-b98e-491e-a386-a3825cb5431b,1,1,33.31,2026-03-26T22:05:24.131330
3992,135,,3,-1,16.0,22-07-2026 11:29:30
3993,190,,10,2,19.28,2026-08-07T03:12:19.232515
3994,295,5b9ff435-3c8f-4761-8cba-f7599d36ea81,7,1,0.2,21-04-2026 10:03:20
3995,23,56b22ad4-dc78-473f-b429-4999a34908c7,8,2,91.31,18-06-2026 05:13:26
3996,152,,5,2,98.06,2026-04-11T01:12:00.076990
3997,23,,5,-1,53.47,18-01-2026 14:00:25
3998,147,,4,-1,4.51,2026-07-11T19:58:41.761380
3999,288,c0979ff1-5d13-405c-8253-177baa0e6530,9,-1,35.88,16-06-2026 07:59:09
4000,272,f600f0a5-6ffc-4666-b33d-1bd25417c661,5,2,75.02,26-07-2026 17:06:57
4001,208,711399a9-3176-4510-a0f1-4f2bf7b8e97f,3,-1,78.39,11-06-2026 17:48:00
4002,77,b5e03008-cd97-4f42-8cd5-7365cc68bad3,8,-1,46.98,31-05-2026 07:40:35
4003,209,,1,1,96.8,11-04-2026 13:14:25
4004,53,,3,2,51.88,2026-03-30T15:51:39.423311
4005,230,e1956a73-1d94-435b-910b-37e4be7619b1,5,2,85.69,2026-04-18T22:13:08.879211
4006,216,,1,1,15.66,2026-06-18T03:34:37.632649
4007,188,,1,1,34.32,2026-04-17T01:03:07.259472
4008,3,372e8e6c-ad75-4d8f-a091-a91bd2cf7d26,8,1,66.34,2026-05-09T14:42:55.136863
4009,217,,2,2,39.44,03-02-2026 09:35:46
4010,270,,10,1,34.21,2026-06-13T06:54:03.805344
4011,131,,2,1,20.76,06-08-2026 16:35:16
4012,158,,10,2,0.94,30-06-2026 13:28:32
4013,136,,4,1,66.4,04-06-2026 08:23:37
4014,240,f26ef2af-1e0a-4a41-9674-7a8e757c502b,6,-1,43.32,2026-01-02T15:42:28.433676
4015,269,,7,-1,93.36,01-07-2026 23:01:19
4016,298,05c2f571-d0a3-41fb-9180-34d29e43ed8b,7,2,35.78,2026-01-27T18:05:49.773393
4017,284,cb36a437-175c-4907-bf7e-a2f1062752a3,4,2,69.92,21-02-2026 03:57:03
4018,136,,7,-1,95.26,12-06-2026 08:56:09
4019,240,3af3f89e-9a90-4243-9caa-6514de93700d,3,1,99.35,31-03-2026 23:25:43
4020,243,85aeab5a-9ff3-4073-bf95-449e2a50d119,9,2,20.66,2026-07-14T09:34:43.444221
4021,52,e701e28e-732c-4da9-9900-d1dae47fff6f,3,1,58.36,23-06-2026 19:15:00
4022,251,556a1508-0179-4aac-b1a7-a19290111295,4,1,84.28,2026-01-06T12:48:42.413760
4023,246,7cd7d8db-986a-4186-96db-c0b4a86520f0,3,1,54.38,17-06-2026 21:20:52
4024,149,,1,1,86.2,2026-05-26T16:21:23.494999
4025,165,b40bd950-74e6-4280-8769-023fc0e49b47,3,2,93.15,01-03-2026 17:42:50
4026,193,b566a1e5-2a4c-43e1-b40e-9751ab18ca79,5,1,41.13,2026-08-01T19:01:48.843734
4027,82,9b52730e-542a-475f-b65d-3dbf217ddc5e,9,2,63.43,2026-05-30T15:06:51.307930
4028,70,43ca9ec0-fb4e-42cf-bfae-a01489247e7c,3,1,55.4,27-05-2026 07:04:15
4029,1,b335e920-1eab-4a00-b158-6c92e4278aa4,7,-1,14.83,2026-02-23T04:38:26.384038
4030,265,,5,1,17.3,22-07-2026 20:09:06
4031,254,ff675195-9ff1-4709-9a58-4fa2b78b7e55,10,-1,50.15,2026-03-07T11:45:03.764241
4032,248,,6,1,29.47,30-07-2026 03:15:33
4033,176,a2e99b3a-a65c-4619-9f49-85c2a8534340,7,1,91.06,15-07-2026 03:39:17
4034,166,,10,-1,58.98,2026-07-03T00:21:30.204214
4035,104,02583c05-3ceb-47b2-abb4-7cceafe61ed0,2,1,-4.6,31-07-2026 22:49:47
4036,146,0ff0d15a-7e74-4390-a363-c7ab6ade2b1e,4,-1,11.25,16-02-2026 16:57:40
4037,78,4254712a-30f1-41b0-b202-cdaad24c5640,8,2,44.08,2026-02-17T03:56:42.923438
4038,105,7557dc82-6ec5-4145-932d-d9f4405fcd0c,7,-1,48.15,2026-06-23T00:26:20.509892
4039,204,,5,-1,45.2,27-01-2026 13:06:22
4040,2,3e6c7314-3639-4346-8885-8e7bba797219,9,2,0.5,17-07-2026 21:47:03
4041,18,,10,2,12.79,04-06-2026 16:37:36
4042,70,,2,-1,81.53,26-04-2026 17:22:16
4043,153,37304ed1-4827-44f5-9377-5a861a2b1d79,3,2,23.38,16-07-2026 14:41:34
4044,243,,9,1,39.94,20-07-2026 12:54:51
4045,71,,10,1,83.4,27-06-2026 22:36:21
4046,82,605809c0-0853-4692-966f-feacb02cd369,1,1,69.19,2026-01-27T13:07:03.066694
4047,261,,7,2,94.32,2026-01-03T04:31:24.314642
4048,145,,5,2,57.48,2026-02-14T15:56:32.857739
4049,54,f9ce92db-854a-440e-8aa4-968e3540eb84,10,-1,75.86,05-08-2026 13:49:50
4050,295,,10,1,22.06,17-01-2026 08:49:50
4051,18,,6,1,86.01,2026-04-19T04:10:59.219451
4052,74,,7,2,17.73,2026-05-21T08:21:19.445170
4053,114,,7,1,8.73,2026-03-29T20:52:12.158846
4054,281,9727e10c-3e89-4e98-af84-1607a9ce8844,2,2,59.67,08-04-2026 11:04:39
4055,117,,1,1,68.48,2026-02-27T08:21:35.942700
4056,231,,3,1,90.51,12-06-2026 13:58:32
4057,255,,3,-1,11.97,29-01-2026 15:06:16
4058,237,,2,-1,76.31,2026-01-19T02:09:53.394481
4059,66,5d3787a1-9a1c-4818-82a4-ab06e3867cc2,8,-1,62.51,07-04-2026 11:06:24
4060,30,,9,2,2.08,2026-08-09T07:19:43.757412
4061,197,2c806c46-dd89-4225-89d0-697e2456edf1,4,-1,70.95,12-01-2026 00:55:41
4062,206,,8,-1,97.85,27-05-2026 05:50:18
4063,201,64e3f096-1891-46b2-ae04-074cb5824482,6,-1,39.98,11-07-2026 20:21:37
4064,138,,4,-1,51.87,2026-06-06T15:44:49.306972
4065,228,3ff4afb9-4531-4b0d-90df-35386ec721b7,4,2,79.42,2026-05-07T20:40:21.752345
4066,279,93772c29-2147-4366-a7f2-f9bc239f44a2,10,1,38.8,20-07-2026 04:17:03
4067,206,7ac45f0e-4c8d-4b87-be3d-16877cfbb3aa,1,1,38.96,09-02-2026 19:56:55
4068,164,,9,2,94.86,02-03-2026 08:12:53
4069,256,,6,2,73.92,02-04-2026 05:02:15
4070,253,,2,1,21.75,19-04-2026 03:18:41
4071,141,9be14e93-e5ee-44d7-93fa-7b45c480a533,1,1,35.57,21-06-2026 01:25:04
4072,173,,9,1,25.57,2026-01-14T01:44:42.046446
4073,183,2cad61e0-5b24-4d9c-a87f-e92e73663700,7,2,32.05,31-05-2026 22:37:07
4074,55,65cc4bcb-f0ba-4c17-9ba9-be7308341728,3,2,85.47,30-05-2026 00:12:12
4075,36,,5,1,10.09,2026-07-30T19:04:02.039110
4076,104,,9,2,-3.22,2026-01-01T23:59:45.866714
4077,163,,1,-1,1.67,2026-08-13T00:15:40.260521
4078,126,,4,1,87.6,09-07-2026 03:10:53
4079,138,8d624414-4b3b-4545-8397-9eb140d70efa,4,-1,62.51,2026-01-28T02:52:56.656626
4080,89,aa010c24-77ab-417e-b6ed-45f5e1baed38,6,-1,0.09,2026-02-08T22:02:14.081975
4081,16,,2,1,23.26,2026-02-07T13:16:21.005238
4082,299,,2,-1,44.94,20-01-2026 00:42:05
4083,295,,3,2,30.35,2026-03-09T20:40:48.336183
4084,285,,2,1,33.07,05-06-2026 02:57:53
4085,270,af56262e-b377-4938-af2c-09cc3e87bf08,5,2,91.01,23-06-2026 18:53:10
4086,105,,7,-1,46.68,2026-08-04T08:22:41.706198
4087,294,,8,-1,62.11,2026-05-01T01:23:14.299753
4088,294,,1,2,56.37,2026-06-26T06:07:15.487751
4089,72,,1,1,70.31,13-06-2026 10:46:53
4090,139,4d90672f-9d22-4756-8c49-f990dfdea316,1,1,96.79,16-03-2026 02:52:07
4091,272,b853bd6e-7e2f-4fd7-b325-4368634a3ad2,6,-1,24.44,2026-06-19T13:02:41.819706
4092,240,9dcc61c8-ff04-4e32-82af-5596c3ef08ca,5,1,-0.71,2026-02-02T13:51:39.863495
4093,289,,8,2,25.0,21-01-2026 07:58:32
4094,236,,10,2,95.35,2026-01-23T19:49:37.754740
4095,159,84601e2d-38ac-4373-a102-bf3c98ac51f4,9,2,72.47,2026-07-15T18:25:46.369753
4096,104,d24bd3b6-d48e-41ce-b522-5fe6b55953bf,9,-1,74.23,2026-05-06T18:44:32.896326
4097,164,,9,2,6.13,28-07-2026 05:49:30
4098,82,22f46a86-0de8-4bd0-a39a-70e516f4c1aa,4,1,96.96,19-08-2026 01:59:32
4099,16,,9,2,70.23,23-06-2026 03:36:06
4100,85,,7,2,25.72,2026-02-22T00:17:40.407501
4101,51,,4,-1,-4.74,22-03-2026 14:35:33
4102,94,6b7524a1-ddc9-4bf9-8a36-a0ec72da47cc,2,2,4.69,2026-06-18T11:18:54.283637
4103,240,55d57935-4bc6-4290-a087-f8d437076eb0,5,1,88.07,05-08-2026 07:18:14
4104,175,,7,-1,52.62,2026-01-17T11:59:43.336144
4105,216,cfd689ed-8ca8-4177-aec7-b7dfb04f176a,4,1,43.32,2026-08-16T02:41:07.013966
4106,113,,2,2,60.59,2026-03-20T05:12:18.196435
4107,78,f1981c31-6a4b-497e-b47b-43bea0c89e8c,4,2,66.33,2026-04-02T08:30:03.229049
4108,19,,6,2,86.66,14-03-2026 01:23:35
4109,29,,8,2,56.0,21-06-2026 20:16:16
4110,37,,7,2,27.97,2026-05-27T10:23:50.610106
4111,269,29e17faf-e2d5-4daa-93d9-6c76d9d4d592,9,-1,60.55,2026-04-06T21:11:33.967591
4112,232,b14e9015-db8f-4b91-b4d4-eceadb76318b,8,-1,1.96,2026-01-22T04:35:10.202405
4113,165,,10,1,53.57,29-05-2026 11:16:22
4114,190,,3,2,81.81,2026-07-03T15:38:29.872432
4115,259,,9,-1,41.55,2026-05-24T12:49:16.600970
4116,269,f2596cd8-1690-49ea-8f38-6a68a83466a6,3,1,66.95,12-08-2026 08:15:02
4117,41,732a9af1-9858-4c75-b481-b8d438f0488b,4,-1,36.91,2026-06-03T20:28:18.250512
4118,93,737413f4-5e8d-47bd-a059-87eaf20d5924,10,1,61.36,04-04-2026 22:20:38
4119,46,3644d925-9f24-467d-b77a-fbc9f016594f,3,-1,62.94,18-08-2026 22:52:55
4120,51,91c0a4a5-375e-424a-9c0d-f6681f35795a,1,-1,81.89,2026-07-23T03:27:23.387133
4121,206,,10,1,86.67,2026-03-16T07:31:21.169946
4122,233,b893a70d-8b9f-4b45-bed2-3e08272ef729,4,2,76.83,2026-04-20T14:13:48.371407
4123,199,66bd2da3-469c-4e8b-848d-419225daad37,4,2,90.06,25-04-2026 04:33:36
4124,156,,1,1,69.95,2026-01-05T11:21:29.083512
4125,216,,6,2,48.66,03-03-2026 00:55:28
4126,266,d8a9530d-8827-451d-b062-e77c3603c1f4,4,2,32.2,19-06-2026 21:55:13
4127,7,,8,1,72.67,2026-07-14T07:01:51.626835
4128,112,b62081f5-9f82-4157-afc5-babc2fd420b0,6,2,30.73,2026-03-14T12:05:45.276174
4129,163,,1,2,8.33,2026-04-01T05:46:38.825940
4130,269,,10,-1,65.93,2026-05-21T00:11:35.682562
4131,265,,5,2,-0.31,08-03-2026 04:17:57
4132,261,73d8206f-f50f-4e0c-99d0-79cf218cdf6c,2,1,27.69,03-01-2026 06:25:08
4133,248,33d58301-e894-4eb3-adcb-f1c04dcec685,2,1,93.3,23-03-2026 12:10:40
4134,26,42c85479-f8a8-4f4f-a232-20ac3f9b250a,7,-1,99.0,2026-06-29T09:45:24.206843
4135,167,,9,-1,2.84,2026-03-19T09:58:12.066748
4136,299,,8,-1,41.87,2026-05-06T20:05:35.010740
4137,73,93c15f13-1c8e-4ea8-b728-3d03319e545b,5,-1,23.04,14-06-2026 08:40:55
4138,263,,5,2,97.51,02-03-2026 05:27:56
4139,13,de12f2e5-4c21-4553-a6f8-dd4301b0d446,7,-1,84.9,08-08-2026 14:06:55
4140,12,e25434b8-5f7e-4ac9-bc59-12d074597cda,7,1,93.45,21-03-2026 13:33:02
4141,246,5f7d654d-daf2-4465-90a3-947e3449e038,8,-1,64.5,2026-03-31T02:05:56.245391
4142,182,,6,2,69.17,2026-07-16T16:20:04.829422
4143,76,,4,1,48.45,2026-05-03T09:07:59.264516
4144,20,96d98836-43e8-4eeb-8467-d283877798ff,10,1,29.8,16-04-2026 17:48:23
4145,156,a599f9d1-2752-4f2e-8de2-16a31647054d,4,1,13.38,2026-02-25T19:18:51.147352
4146,193,,2,-1,31.43,19-06-2026 02:09:38
4147,276,1f4f3186-9a29-49aa-8881-220d0d923a28,10,2,78.7,2026-03-22T18:52:36.511523
4148,239,6a2e29fe-011a-470f-b899-0b7243758738,5,2,78.44,14-03-2026 15:16:39
4149,131,,3,-1,7.84,18-03-2026 03:51:39
4150,279,,2,-1,46.14,2026-04-09T09:31:02.942940
4151,218,261e8122-2b0b-4761-80e4-f78a95dec93d,8,1,30.35,2026-02-20T21:42:45.439335
4152,85,8d5ee671-eb19-441a-b5dc-4d38f2fcb17e,9,-1,4.87,2026-07-18T15:36:16.397962
4153,147,662a65be-9bad-4177-af8c-a5c5e11de659,4,2,82.97,31-01-2026 10:08:13
4154,198,4c2845a2-1113-4b16-bf41-473b8d2568c1,10,2,80.82,2026-05-15T20:29:46.382673
4155,250,,5,1,72.27,2026-05-04T10:06:17.351019
4156,65,,5,-1,61.88,2026-08-13T10:08:24.160802
4157,104,b99c766f-dc4d-4545-a2a8-79b8baebe696,3,2,95.98,20-05-2026 23:56:26
4158,16,,3,1,53.57,2026-02-16T13:22:55.436515
4159,213,,8,2,7.93,23-07-2026 11:00:49
4160,213,,7,1,-4.84,30-01-2026 13:35:12
4161,202,f54a155d-8276-4792-9a46-24bb97b44ec2,5,1,80.19,2026-01-29T21:08:41.809105
4162,69,8e0701a4-c30d-4523-83fd-fb94b8f13a1d,3,-1,68.39,2026-03-04T00:49:23.825238
4163,138,3ecb5c5d-784f-4808-b9a6-32e3cba9b542,2,1,71.15,15-05-2026 16:54:08
4164,284,2dd5979c-8ce9-4520-8af2-d76bb22ac0d2,7,2,32.6,2026-02-02T11:25:10.177858
4165,49,,8,-1,2.58,2026-06-09T19:14:48.345491
4166,156,,7,1,23.81,2026-05-26T12:08:38.708869
4167,85,5328ba46-54c7-46b4-9407-546739e7a9a1,4,2,1.58,16-03-2026 07:40:18
4168,203,,7,2,9.71,02-07-2026 03:08:39
4169,27,28a98b66-b3f8-4d35-adf0-b8affc52f521,9,2,20.86,2026-03-30T15:48:06.663819
4170,195,cf90c932-0de9-47ca-a904-2828d12dcbb8,2,-1,56.38,13-01-2026 20:25:37
4171,196,,6,-1,74.58,2026-04-10T13:19:14.030018
4172,249,,7,2,80.25,27-01-2026 12:58:35
4173,24,50dd0c17-d992-4395-beac-23bff1b52ff3,4,-1,28.95,2026-02-02T19:41:48.664894
4174,172,,2,-1,70.81,2026-05-06T13:04:39.526494
4175,139,,5,-1,36.93,2026-05-27T00:59:39.789481
4176,93,7d2b5d67-cc0f-4969-9262-3080353b8794,10,1,26.57,2026-08-15T04:26:28.206049
4177,120,9cb88a2d-e1c6-4127-8921-cfaa7fbde42a,5,2,23.98,2026-05-05T02:52:11.990550
4178,192,,5,-1,82.09,2026-01-09T22:35:56.258054
4179,184,29c0d353-3d7c-4e1b-9531-dc9e36a913a6,2,2,68.15,04-07-2026 16:20:06
4180,270,,10,2,17.43,2026-08-04T03:31:27.127718
4181,5,,1,-1,28.83,2026-03-11T04:09:19.361094
4182,226,,7,2,4.95,2026-04-14T10:10:21.308727
4183,27,,9,1,1.28,17-03-2026 01:09:44
4184,125,a7bcf7ed-ddca-423b-8364-737ad12cff76,5,1,56.14,30-01-2026 14:34:01
4185,48,963374d4-f9eb-44e2-b03a-0028aa6b370e,5,1,40.48,20-06-2026 05:45:32
4186,88,f98dab8f-1ecd-4933-b721-757293f94c2f,1,2,78.84,2026-07-25T15:59:51.723382
4187,281,,2,1,59.59,06-03-2026 05:18:39
4188,269,,7,2,8.53,30-07-2026 23:47:51
4189,28,,9,-1,82.97,2026-02-15T10:20:35.690332
4190,220,4562aa1e-f351-413b-b9a2-22c9ba4eb099,4,-1,2.57,13-08-2026 01:08:01
4191,92,aff40370-50d0-444a-8143-499fb28d2400,1,2,-1.51,2026-08-13T04:21:59.670548
4192,100,4de2c338-18b8-4be1-8654-22f0eeb869cc,3,-1,40.33,24-06-2026 04:32:34
4193,172,c1c9fb27-845a-4ad4-a0db-8b6c496fab0c,6,1,12.66,2026-06-09T15:05:18.832332
4194,50,,3,1,37.39,13-08-2026 21:47:29
4195,19,01f25a56-830d-4f45-9621-950a6c85c333,6,1,21.89,2026-02-26T10:51:22.974234
4196,10,d976fac9-8539-449c-b55b-1634bf135b2d,7,2,88.75,2026-07-13T08:21:45.026872
4197,266,6cb2517d-5105-4d87-8410-b9543cf5f1cc,3,1,84.55,07-05-2026 14:59:48
4198,20,74282af5-dd5e-4cb5-b7d7-9107955dc1e8,6,1,86.25,2026-05-18T12:59:34.702723
4199,95,6f13444d-cc87-4ad9-91ad-546f74cd2f3a,1,2,34.67,2026-02-05T21:29:08.280206
4200,49,dabbfb21-e628-40bd-8005-9102a412a9f9,2,1,74.61,08-08-2026 04:36:40
4201,274,,4,1,55.47,2026-06-15T08:27:59.469391
4202,117,fdf70678-075f-400f-9068-c791c37c1304,6,1,49.29,2026-03-26T04:03:38.071565
4203,110,84cd4fbf-5faf-47c1-9838-5fd1d1d00967,4,-1,57.76,01-06-2026 16:46:40
4204,211,,6,1,17.74,2026-05-22T19:22:58.754960
4205,257,,5,2,58.99,06-04-2026 16:21:32
4206,3,9e59f144-86f4-40f4-8596-c54827be25e4,5,-1,48.76,30-05-2026 00:11:57
4207,99,,3,-1,0.72,24-05-2026 23:07:43
4208,127,,8,-1,65.35,2026-04-12T10:12:15.720223
4209,142,,3,-1,44.55,2026-02-28T07:57:21.004167
4210,183,,2,2,67.28,26-01-2026 15:10:03
4211,207,,6,-1,83.94,16-06-2026 18:44:34
4212,250,,3,2,77.69,2026-05-05T04:54:50.305763
4213,214,,5,1,22.99,08-01-2026 08:53:58
4214,113,dd7be0cb-e0be-4dc7-85e5-403a0995cd9e,7,-1,68.29,2026-03-03T12:20:12.422951
4215,148,,5,2,40.6,18-04-2026 05:49:04
4216,120,,4,-1,55.96,29-05-2026 10:25:06
4217,66,,4,1,25.41,04-02-2026 03:23:26
4218,253,c38a138b-d04e-4264-bf4d-cdb57b95eb9f,5,1,30.57,2026-08-11T17:32:36.198192
4219,81,,7,1,73.22,2026-05-04T17:32:10.120576
4220,166,,4,-1,25.1,10-05-2026 01:14:26
4221,257,,4,-1,55.66,08-05-2026 11:56:47
4222,52,,9,1,26.08,10-08-2026 06:00:20
4223,122,8be30500-c56c-4a5c-ab21-0da3f194f9c6,7,1,32.22,2026-07-12T00:19:01.460831
4224,257,612c95dc-7444-443f-a853-039d4347ac41,2,2,89.18,2026-03-06T10:31:51.017592
4225,237,d4e4cef4-564f-4083-b3ab-486059e5db4c,1,1,-2.57,2026-01-03T04:09:15.512716
4226,243,f133b52c-313f-4511-99dc-efba7b6f5db3,7,1,44.51,2026-08-04T06:34:24.760596
4227,3,c16fbc98-c3c8-4c1a-b025-270165c7454e,5,-1,59.42,07-06-2026 06:08:40
4228,284,101ba9ab-2fa2-4440-87de-5cd52f8c729b,9,1,35.59,24-07-2026 18:29:34
4229,294,9aaac63f-8655-4a18-b1e4-b42fe5073395,2,1,97.82,22-07-2026 03:46:39
4230,204,1fefccbc-c3c7-4030-82a6-aa6e079491de,10,2,77.21,10-05-2026 02:22:35
4231,204,b2d1ee32-97ea-4547-b330-be34154d3270,6,-1,24.19,2026-06-19T19:35:49.382989
4232,297,b5422a9d-467d-48f0-b99e-bba6e735aa2e,7,-1,26.14,09-08-2026 00:26:09
4233,106,0f746657-3767-40a1-82ac-0d058012640a,10,1,43.3,27-04-2026 09:59:14
4234,6,c5b88b3d-d731-4b42-93a9-35a2abe5f51b,7,-1,22.54,2026-01-09T15:13:49.733441
4235,57,dee42bee-5a87-49c1-b686-41f568de7a1f,7,-1,90.66,23-03-2026 01:49:32
4236,291,,2,-1,38.05,2026-01-29T23:57:27.214907
4237,211,99756a2c-a4a5-48ca-9c32-d6443215f498,4,2,18.17,2026-02-06T23:15:35.576012
4238,17,cbc5a87a-ddb8-424f-b95a-2586738de86a,7,1,12.83,2026-02-24T22:07:22.842082
4239,59,,4,-1,58.17,2026-03-18T04:23:01.773514
4240,42,5c6aff92-263a-451b-8710-0558c10d2ba9,4,1,23.58,02-06-2026 06:24:21
4241,111,,7,2,63.96,2026-01-01T20:46:01.215751
4242,141,62ad0651-b00b-4020-b7b2-2b52601be90e,5,1,81.68,19-04-2026 21:25:15
4243,46,f547dcc5-14c4-4a9c-81aa-7dce3ff17b12,2,2,46.83,2026-03-16T01:45:53.252771
4244,20,c47c0c71-f56b-412e-866d-b19f1e1a9577,5,-1,4.57,14-02-2026 09:17:56
4245,6,,10,-1,69.59,2026-06-26T01:05:54.329026
4246,13,9d15b350-3d01-4d35-9f55-23ec2db91e05,5,-1,89.39,2026-03-30T07:12:45.643812
4247,20,15e7ce0f-ea38-44b4-9fc1-74c5e7e46648,9,-1,82.23,21-04-2026 20:42:55
4248,214,558b1fad-110e-4b0c-98f5-d6da022fe6a9,7,-1,99.92,2026-06-14T15:25:59.171381
4249,21,4e2703ef-375e-4952-b9dd-d309e5bfe5bb,5,1,7.81,2026-06-27T05:33:01.934517
4250,133,,5,-1,22.42,2026-07-07T07:40:50.735399
4251,31,e4727de9-1062-4947-ad28-4a807225590f,6,1,2.84,2026-03-25T18:47:53.060139
4252,245,ddf29877-fd54-42f6-a616-65cb4eb5f430,8,-1,5.47,10-02-2026 19:54:22
4253,31,ecb27ed9-629d-4bd1-bb32-e3d17308ab29,6,2,5.38,2026-05-12T22:41:50.120581
4254,254,83cd0248-1586-49b2-8111-d4f2dd9f0626,4,1,77.18,2026-01-12T09:52:10.070013
4255,299,,1,1,26.86,14-03-2026 21:41:23
4256,3,4d6a2a73-087b-471c-8b54-7967ef3a8da7,9,-1,79.32,2026-07-04T08:26:33.740371
4257,149,0270345f-802b-4250-be05-0858e70eb562,2,1,83.24,03-08-2026 16:46:02
4258,154,,3,2,93.06,2026-03-23T05:58:06.941611
4259,110,,8,-1,33.69,21-05-2026 11:38:08
4260,151,,4,-1,2.53,2026-08-11T00:49:00.584923
4261,20,,5,-1,96.92,20-05-2026 12:49:42
4262,63,,3,1,62.35,2026-04-05T16:53:40.893070
4263,179,,1,1,69.55,2026-04-22T22:04:30.385893
4264,172,00933e0c-16bf-4098-a82c-295b2fda86b8,6,1,38.15,12-04-2026 14:01:32
4265,95,,2,2,52.53,30-05-2026 01:27:49
4266,173,63eb4eca-104b-4812-855b-27dba7988053,6,1,74.55,25-07-2026 21:28:27
4267,160,83bc5b88-8b23-47dd-a72a-aeac581b24ab,1,1,61.46,04-04-2026 15:53:57
4268,250,ab2ce9a5-ce63-42c7-84c8-88680f940364,8,-1,51.99,05-05-2026 03:57:42
4269,267,,7,2,58.47,2026-01-04T00:52:00.929823
4270,30,c080c281-5326-42cb-873a-2bd35c76be81,6,1,57.04,20-02-2026 00:43:41
4271,222,,6,-1,91.29,2026-01-18T19:22:34.605938
4272,188,,9,2,88.08,2026-06-26T17:49:06.421593
4273,230,794e57fd-ab44-4ccc-8ae1-7a5f4389a87f,8,1,35.92,2026-03-20T23:06:04.784921
4274,186,,6,1,22.19,2026-02-03T01:28:06.905995
4275,244,dc0e6b20-9fd7-4659-9b45-e2955b16643b,1,1,25.88,06-02-2026 11:05:52
4276,57,c31643a5-f06e-4229-9c28-c959e1876a03,1,2,48.47,14-03-2026 06:08:34
4277,93,,1,-1,48.75,2026-05-19T19:59:12.930406
4278,3,478b6c79-cc21-43f8-bb10-075ee95701e5,7,2,51.86,2026-04-15T18:54:57.632353
4279,140,846fd5b6-f157-47d5-b6b1-a61c24ff1776,8,1,51.31,2026-06-24T14:51:00.382127
4280,242,,3,1,47.66,2026-03-17T01:02:43.358543
4281,63,,3,1,19.08,2026-06-12T08:07:26.820427
4282,93,7636ad42-5918-4968-99f8-0b771bd76569,9,1,24.81,20-02-2026 19:18:08
4283,242,,3,-1,15.22,24-03-2026 04:52:32
4284,17,3d7ab8e4-183b-4fb4-a7b4-88587d3ee42a,5,1,-0.9,12-03-2026 01:56:58
4285,232,fa17ddee-513b-40ef-ac6b-45acfc101213,4,2,88.44,2026-07-30T12:42:00.337832
4286,60,d391330a-f5df-4fd8-816d-002d83f01020,6,-1,-1.88,15-06-2026 04:31:39
4287,100,,8,1,12.3,2026-06-10T09:41:58.416434
4288,4,,5,1,62.15,21-07-2026 20:58:49
4289,251,911c4271-92c3-414d-8f09-6f16cc76b6fa,10,2,50.04,2026-04-04T10:11:42.828118
4290,66,180c0787-a2b4-47cc-b42b-273fe8c0f5d5,2,1,88.97,2026-02-24T21:45:51.249354
4291,148,,4,2,3.11,05-08-2026 00:03:56
4292,65,e7136826-3867-41d5-921e-09e16e8e5753,5,2,44.3,01-06-2026 03:32:09
4293,233,,3,-1,-1.18,2026-01-28T17:57:41.512410
4294,262,a931c8cb-04e3-4084-bdac-9f4c1eda229e,1,2,18.31,08-07-2026 18:24:38
4295,255,73a4a357-581a-41e3-a55b-5d084af88fcd,4,2,53.62,2026-01-30T00:21:16.887441
4296,75,29d47c96-628e-4b32-9017-a636c113fb9a,4,-1,60.16,25-02-2026 22:19:31
4297,129,40945ba9-43dc-42ab-a889-fc0e26b2f44b,7,-1,55.45,03-08-2026 21:09:51
4298,170,,6,2,77.35,11-05-2026 21:07:29
4299,11,,3,-1,88.95,2026-06-18T03:34:09.302583
4300,215,,10,-1,0.13,20-05-2026 01:02:30
4301,184,c7b9379f-f0b4-4e8c-a668-a2f95f62e112,9,-1,79.11,06-05-2026 10:28:20
4302,8,,2,-1,0.09,06-04-2026 04:40:31
4303,216,,4,1,42.5,11-07-2026 14:47:37
4304,191,,1,1,36.9,2026-08-05T02:50:44.266033
4305,228,,2,1,38.92,2026-03-27T02:19:01.847432
4306,154,2f750e6d-850c-43a6-91fa-adf141dd631f,3,2,18.09,2026-01-17T11:12:05.227885
4307,263,,4,2,70.9,2026-06-03T16:42:11.193656
4308,204,,5,2,43.28,27-03-2026 02:44:48
4309,93,,1,-1,24.61,2026-05-20T21:52:41.390490
4310,124,99d98f65-1a07-473d-ac55-55e72eeeaeb4,5,1,17.32,2026-03-22T17:23:30.564201
4311,17,,2,2,69.49,11-01-2026 01:32:25
4312,57,,6,1,93.94,05-04-2026 19:01:16
4313,56,,9,2,28.11,26-06-2026 15:58:19
4314,300,0b60641e-1e4b-4082-97fb-af770ac56376,7,1,82.58,13-07-2026 01:38:55
4315,8,7205e1e7-f5b5-4240-962f-c943d3223f2f,5,1,33.74,2026-02-02T15:01:14.817055
4316,123,cf975dbb-6ecd-4d49-a0ea-63ce10bcdd97,4,-1,10.16,18-02-2026 17:01:44
4317,150,,3,1,84.07,05-06-2026 02:43:53
4318,276,08fc89f9-4d35-4e4b-834f-812572cbd8e1,9,2,18.77,20-02-2026 01:47:19
4319,11,7a39e1ae-d893-4c29-8c86-af46ab8e4549,10,2,36.19,2026-06-28T09:39:09.469220
4320,227,081cc524-0305-4295-92fb-278be3cab69f,2,2,26.03,2026-01-06T01:36:10.574429
4321,72,462b773f-bea0-491e-9ed0-daa8ffc1d1b5,1,2,4.14,17-01-2026 09:35:52
4322,278,f1fda910-207e-4c5f-89c3-a16a4d03b4b1,2,2,66.87,2026-02-17T11:32:15.285535
4323,208,,10,1,44.86,2026-02-21T02:56:58.124936
4324,203,4099990c-f8af-4ca3-ae49-2d71dee6ea3c,3,2,73.91,2026-02-24T14:24:56.644170
4325,63,531bee34-3e83-405b-b5cf-4f4e0f527074,10,1,47.51,16-06-2026 08:12:21
4326,273,,1,1,10.88,06-03-2026 20:33:59
4327,49,ebcb3b6f-11a6-4c5e-a587-00d11017d3b9,2,-1,20.13,2026-03-08T08:11:57.896406
4328,109,,10,1,46.39,07-03-2026 13:59:28
4329,44,fafd7c29-0f87-406d-8c55-3cf5306782ab,1,1,62.84,2026-07-20T02:05:19.630105
4330,298,,7,1,34.56,2026-07-28T17:10:47.068424
4331,175,,5,-1,46.68,19-02-2026 18:27:04
4332,182,,1,-1,42.2,2026-04-16T12:56:50.057963
4333,117,0f64da78-758f-4377-ac8e-866ae13a3229,5,2,71.33,2026-07-05T15:43:55.642939
4334,70,9b698a20-a4ff-43cd-813c-76586a2f3b3e,2,2,63.34,06-05-2026 16:27:51
4335,239,fffb3a52-a5c6-45d4-9031-e51ba66ce297,5,2,34.57,01-01-2026 14:29:19
4336,148,f1f71dc0-8b13-482d-af74-16e9df1faf0c,8,1,77.15,2026-04-21T13:28:51.158948
4337,152,,4,-1,59.5,2026-01-06T11:20:37.585511
4338,42,,8,2,96.77,28-01-2026 19:16:44
4339,175,17b722b8-014d-48ef-98cf-506324f7a7ad,6,1,64.18,04-08-2026 22:40:49
4340,35,cb3cc439-a4b1-4bcc-8f46-5740ae4df20f,1,-1,11.81,2026-01-24T20:23:37.041868
4341,165,,9,1,37.71,2026-01-30T17:23:19.725969
4342,31,b507ce6f-5b9d-4186-87dd-194a79cf42df,3,1,2.27,2026-02-10T16:02:09.754054
4343,201,,9,-1,92.37,2026-05-08T17:29:02.046953
4344,198,,7,1,30.21,2026-07-30T06:10:56.514391
4345,78,7e921ccd-47f4-455c-afbb-7be48744fa08,8,1,51.61,2026-03-30T00:54:54.271368
4346,37,97120156-11b1-476c-b2f4-8113725a3679,7,-1,49.27,16-07-2026 07:07:04
4347,263,,7,1,90.72,2026-03-17T21:58:03.383221
4348,43,,3,-1,27.71,2026-01-01T09:14:10.178799
4349,21,0dc65be8-c755-4ed0-955e-fbed5eedd463,4,2,82.17,2026-08-07T18:37:38.683483
4350,292,b77a1f11-9624-43f6-8601-a7c8ac41f7db,4,-1,68.22,2026-03-03T19:22:20.699631
4351,74,,7,2,57.94,09-02-2026 11:41:20
4352,195,77045a1b-bc39-4e84-8d92-a25249320170,3,2,74.27,20-02-2026 01:38:47
4353,53,,9,1,79.15,08-06-2026 03:24:03
4354,212,,10,1,87.65,02-06-2026 14:04:21
4355,108,1f5193a5-dc61-4268-bd54-bab1898636e5,1,1,5.33,01-08-2026 07:35:44
4356,16,,6,1,68.53,01-06-2026 16:46:20
4357,150,85b08361-1565-4588-bc21-d9a8a74321d5,7,2,85.91,2026-03-22T00:44:58.873769
4358,189,096395a8-da9f-4ae4-b720-bf3c1c2b0b94,3,2,14.22,18-04-2026 08:01:27
4359,162,,4,1,46.35,26-03-2026 11:09:06
4360,201,,7,-1,44.27,22-04-2026 17:05:24
4361,134,,9,2,56.81,2026-06-14T14:49:41.828114
4362,85,,10,2,69.36,2026-07-12T05:39:44.845261
4363,12,,7,-1,9.5,2026-03-11T20:29:55.240000
4364,212,66804343-a231-422e-863a-0aa1f6fb6548,10,2,29.33,15-01-2026 22:27:32
4365,57,a3a1c725-c6ac-4945-bef5-fd3be787a434,1,2,75.42,17-02-2026 16:42:50
4366,214,,3,-1,94.19,18-03-2026 04:12:46
4367,12,,10,1,22.03,02-01-2026 05:03:56
4368,71,c0658ddc-a797-4c56-90c2-b6bf107bb127,3,-1,6.58,21-01-2026 00:29:33
4369,191,d3812e03-9057-4a73-8afd-ee92c98f9817,3,1,77.68,18-07-2026 07:42:07
4370,253,,9,-1,93.17,2026-07-26T17:19:39.533468
4371,147,,8,-1,54.56,2026-05-09T03:03:37.737213
4372,192,025e3a21-6ead-48f9-b06c-c3a904dc7a9c,9,2,68.3,2026-06-18T01:33:36.134309
4373,235,bcfc2d28-fae3-4bcf-8ac4-b0edc443f1bb,4,1,63.22,2026-01-13T18:43:04.866506
4374,48,,8,-1,66.47,2026-04-29T08:38:42.781085
4375,125,4d38b9b7-6582-44c0-86fb-b7d03251258d,8,-1,71.77,2026-01-08T18:34:13.569437
4376,29,,6,1,70.37,03-08-2026 07:52:06
4377,250,,8,1,36.52,06-07-2026 15:07:14
4378,113,863b114e-8475-4fb6-9537-3f995050c93b,9,2,16.05,2026-05-04T10:49:01.915989
4379,35,cd32c799-26a0-497a-8c4f-c9cbdca9cf6f,3,1,81.28,2026-08-05T17:41:03.780093
4380,266,,9,2,8.28,17-02-2026 01:17:05
4381,279,b8f3f9d2-bc99-454b-bbcd-cd438591624c,4,1,39.4,17-01-2026 10:03:49
4382,296,,1,-1,12.47,05-01-2026 04:11:56
4383,256,cc2373e1-9efe-43a4-9145-6a0fdaf33372,4,2,-4.08,30-01-2026 21:14:20
4384,130,,7,-1,8.97,25-05-2026 16:35:01
4385,215,,10,-1,82.56,2026-08-02T21:30:24.269310
4386,97,0e5ee0b9-e5d5-4262-80e8-9ab90478092f,5,-1,33.81,2026-06-28T23:14:26.351336
4387,289,ab0e4406-c2b4-4269-aa73-68d6d3b68016,6,1,81.61,2026-03-01T22:27:11.815720
4388,40,87bc096f-e550-4ad4-8ca8-91e006bcbd35,6,2,36.11,25-01-2026 14:55:45
4389,177,099e66ea-0714-462a-a003-13190938a3ed,9,1,17.76,2026-07-07T07:15:45.319839
4390,147,,2,1,24.59,17-04-2026 01:34:39
4391,124,4709ba97-8d6c-4ee1-907e-c7342d6301df,6,2,35.42,15-03-2026 08:47:24
4392,39,e5448e8a-4e4d-475d-8649-404d103e63ce,6,1,49.86,2026-06-14T21:09:08.194247
4393,141,b67a5203-cadc-461b-9d68-ed3f1e2c253a,8,2,43.1,21-04-2026 07:20:37
4394,259,192d2001-2998-49a6-9bc2-5746f37c43ae,4,1,60.57,2026-07-21T22:32:58.073264
4395,53,,9,2,35.05,29-07-2026 06:55:49
4396,57,,8,-1,22.54,2026-02-22T03:04:46.073997
4397,20,7aaff79d-ead9-4a33-b4cf-aba24384f56d,8,-1,5.78,2026-04-21T21:45:29.742971
4398,248,30c6c888-d6e0-471f-935a-33b52b72223c,7,1,6.2,30-01-2026 13:08:42
4399,218,,2,1,54.72,03-04-2026 18:40:48
4400,198,,6,-1,72.26,2026-04-03T22:26:29.842041
4401,102,bf2e4cbe-acd0-46a9-bded-86ce60116fb7,7,1,45.03,2026-07-17T05:56:10.010615
4402,165,2176cb09-d15f-4fc8-af5c-357fdc3333f4,6,-1,16.77,2026-01-31T09:34:16.192999
4403,131,,9,1,56.75,17-05-2026 00:08:38
4404,168,,3,-1,33.81,23-02-2026 19:16:49
4405,123,26cdac69-770f-4c52-a39b-f97a368ff8e4,10,-1,57.29,2026-01-09T12:45:27.963176
4406,145,1c07a15c-7f74-446f-8490-70c48adcb370,7,2,64.24,2026-05-30T09:09:38.996655
4407,240,,6,-1,-0.45,28-05-2026 21:16:10
4408,277,,7,2,52.55,2026-07-06T13:51:57.108752
4409,3,a4f5bab2-4a45-478a-998b-e7ac43da0ba1,1,1,77.81,01-01-2026 16:39:33
4410,105,d0d6c9f0-9a25-4a9a-9c99-674f06ea90b8,8,1,45.29,14-07-2026 15:31:48
4411,221,6b6395e3-116b-4046-885e-8053a77f99bb,5,2,2.31,24-03-2026 22:17:29
4412,32,3e934d66-ab6e-4f97-9500-94bf7f47644c,6,1,86.85,31-07-2026 13:48:46
4413,154,,2,1,-4.54,03-02-2026 03:24:09
4414,98,b8b2e2ca-9bc1-4db2-98dd-987bddf93797,9,-1,92.01,2026-03-19T13:12:21.146013
4415,5,,4,-1,85.83,2026-01-19T14:05:12.576394
4416,248,,8,2,91.58,2026-04-21T00:57:19.060627
4417,62,,3,2,8.47,21-03-2026 11:49:59
4418,259,,4,1,76.92,2026-08-09T16:08:17.026380
4419,5,,2,1,2.68,2026-05-19T11:52:58.965852
4420,143,d9008676-e782-4632-ad2b-05c7ade45a6b,4,2,65.89,02-07-2026 19:19:07
4421,111,a8992011-3841-494e-a4e4-471c94e82be8,6,-1,64.16,15-05-2026 07:42:49
4422,241,e3f446e1-c843-47a0-a3de-ca526ad3195a,10,-1,89.85,2026-03-03T01:24:01.559131
4423,297,,2,2,33.3,25-05-2026 23:21:46
4424,180,,7,2,37.71,2026-02-05T03:11:24.200109
4425,194,9cf049cd-16de-4348-8b0c-de6113074695,4,2,76.79,2026-05-19T19:01:21.648512
4426,9,,3,1,93.3,12-05-2026 06:49:40
4427,71,,6,1,76.93,2026-03-31T00:05:17.464817
4428,94,71e1ebeb-bce6-4d8d-8f0a-221c557d04ab,2,-1,2.97,27-05-2026 16:05:55
4429,125,a58054c3-c885-476c-ad5c-c86e09bf5b9a,8,1,32.99,16-06-2026 03:19:55
4430,245,596d504e-f8b4-4a2d-888b-5269d64f6b6b,7,1,75.04,04-08-2026 01:23:30
4431,253,c1e05aca-54ad-4b60-8c3a-333046ba9305,2,2,-1.1,2026-01-22T01:09:55.992240
4432,23,09b7b778-1bfa-40a3-b50e-be2bce495ef7,7,-1,82.02,2026-07-10T04:34:14.579854
4433,215,e29e6eeb-8434-42eb-893d-ae758e8c9235,1,-1,-1.57,27-02-2026 07:11:23
4434,179,5ce96e0f-862a-4eb3-99d8-b75799e887aa,5,2,90.52,15-07-2026 13:42:29
4435,285,63049202-1ff4-4265-88e9-715cd50702a7,4,2,25.35,2026-04-17T03:34:00.710280
4436,184,,2,-1,14.62,01-04-2026 23:07:44
4437,293,,8,-1,4.59,22-07-2026 19:58:37
4438,197,37768c13-6129-4b19-bfe5-8504f9d24436,9,2,98.42,27-01-2026 14:16:54
4439,146,d943c9d4-1ec1-47b0-895e-fa31450afeae,3,1,87.04,2026-04-13T22:09:00.610951
4440,254,1c1c6b03-3aae-43ec-a48a-a725b9b31650,7,2,33.31,2026-07-11T11:24:18.938158
4441,159,,9,2,22.71,2026-02-26T16:33:28.380251
4442,256,d7daa5d8-653b-4a1e-a4a1-f2828a8a36e4,5,1,-0.86,2026-05-15T19:55:35.863237
4443,73,a539aaf0-b595-42a9-a520-6a8659dfff02,9,2,64.73,2026-07-28T08:50:43.790532
4444,156,,1,2,4.03,2026-04-23T09:00:16.492045
4445,287,,5,1,81.51,25-02-2026 19:47:39
4446,59,,4,-1,0.99,2026-01-03T11:22:11.108872
4447,121,,7,-1,90.51,11-04-2026 13:52:07
4448,103,3a96d8ec-4a44-4b1d-9fe5-07797c9ba3c2,2,1,0.97,2026-01-31T15:30:14.787930
4449,27,e727baa3-6c5b-44cb-9238-98358b3296dd,2,-1,41.55,2026-04-19T17:09:31.009387
4450,2,,9,1,13.22,2026-03-24T22:02:28.561772
4451,172,,2,2,52.09,2026-01-10T14:28:52.208281
4452,26,bac5ec12-d430-4bf0-8fc1-1eef6dc015f8,1,2,69.16,30-01-2026 03:04:31
4453,214,,2,1,75.88,22-06-2026 02:01:27
4454,88,ab3aae6c-76b2-41e7-8d5c-e28747c300d4,9,1,9.73,2026-06-22T19:43:05.287815
4455,220,ff52d9e7-2f1b-4c85-a7b7-6f576fca4e77,6,-1,26.83,07-01-2026 04:12:08
4456,132,,1,2,90.69,2026-03-10T11:22:33.104763
4457,38,05867bab-a0ad-4eaa-9901-4ee19ffc3a8b,1,2,66.49,2026-01-30T21:04:37.942973
4458,126,11bb7aaf-e989-40c6-a8a2-90bf7be913ca,10,2,47.21,2026-04-25T14:19:03.900905
4459,230,,3,1,53.56,2026-07-28T01:15:59.269047
4460,158,fd9e4b55-d585-432f-a5fd-fe75c130801e,7,-1,19.44,08-08-2026 07:52:23
4461,183,527be157-e03f-445d-b72f-b5f7315cf758,2,2,80.29,08-08-2026 01:58:08
4462,246,0b7e8ee8-6365-4e1e-9e04-c137ba1c638f,9,2,45.27,2026-01-06T21:58:51.153495
4463,272,6b965921-7641-4d9f-947c-d3565cfadc79,7,1,40.41,28-07-2026 16:49:33
4464,13,0de369d9-b6b1-4857-9cb0-8ca50f638a8e,7,-1,11.95,14-03-2026 14:26:54
4465,89,0d2e2b43-fc35-43d6-ac3b-dbc63de31f25,3,2,40.39,03-08-2026 21:23:49
4466,264,ff8009bc-718b-4e5d-b86f-4f14c0bcc8bf,10,-1,67.22,10-06-2026 08:38:52
4467,204,8f7e9048-4212-4dd6-be5b-4584b272b9da,7,2,12.75,2026-01-26T11:07:22.312056
4468,238,,10,-1,20.39,14-04-2026 04:26:14
4469,290,287aacbb-adcb-49e3-9d33-96a9221de0e9,3,2,30.85,11-02-2026 19:49:30
4470,246,,3,2,28.89,11-05-2026 14:37:50
4471,195,,1,-1,83.05,23-06-2026 22:56:52
4472,273,7c2b7568-0f24-44cf-8c4c-974f9e763e71,6,1,92.05,21-07-2026 00:53:40
4473,64,,2,2,29.61,2026-06-17T18:34:00.048174
4474,293,9463d964-5cca-4e84-852c-07ce96fc9ff7,3,-1,95.51,25-07-2026 14:30:39
4475,203,,2,-1,50.95,2026-05-03T04:41:17.195374
4476,59,,9,2,-0.87,15-08-2026 19:36:42
4477,23,7b3aa294-94f1-4198-bf21-013a0e0c9451,10,1,22.5,2026-01-01T13:23:36.856419
4478,268,,9,2,31.71,04-07-2026 08:43:19
4479,26,bc716cd4-5a59-4e60-8d69-e83d560b9e4a,1,1,56.91,2026-06-22T03:42:04.953479
4480,64,1382d643-f014-4cb6-9b85-69162baf3d69,3,2,61.53,2026-02-18T13:58:57.989389
4481,260,,1,2,23.9,2026-04-25T02:05:12.932270
4482,206,,3,1,12.02,2026-03-25T06:47:23.305206
4483,209,a3fe2670-9255-42a4-8de8-02518d35d3e8,2,-1,53.88,15-03-2026 16:50:38
4484,87,142e7df9-e24f-4a6d-a58a-2db10bb67e59,1,2,62.09,2026-01-13T12:53:51.575143
4485,70,,3,2,63.38,13-02-2026 06:20:44
4486,72,,10,2,33.17,08-02-2026 05:31:58
4487,148,e18c393a-568a-4197-b435-94e3640e232b,6,2,87.83,2026-07-20T04:48:07.992219
4488,142,,7,-1,95.91,10-05-2026 20:35:30
4489,209,,5,1,70.64,07-02-2026 01:04:10
4490,107,,5,2,93.67,2026-07-04T17:22:17.611921
4491,131,,2,2,34.99,02-03-2026 16:14:12
4492,282,,6,-1,15.86,09-06-2026 20:08:16
4493,260,a7a29c2a-2cd0-4369-9470-54969bbdfec9,5,-1,72.85,2026-02-09T16:00:29.236471
4494,181,,3,2,82.37,2026-01-29T07:47:52.005919
4495,223,,5,-1,27.88,2026-03-11T17:23:16.580012
4496,16,,8,2,50.08,2026-07-16T09:14:21.014016
4497,261,,4,1,76.18,05-05-2026 21:44:18
4498,288,2e61f61d-b3a0-4314-b442-ff6e1850e363,5,2,20.6,07-01-2026 09:24:56
4499,173,f753024e-d2b9-480b-9503-aef2362bd19a,6,1,75.13,31-07-2026 00:18:35
4500,164,c9a28cc1-fce1-48f9-8242-ae75094f8e0e,6,-1,-1.65,2026-01-17T14:19:19.484914
4501,273,,7,2,12.34,2026-03-24T12:57:53.938051
4502,27,,4,2,13.08,2026-05-04T04:19:30.092048
4503,291,f41f3157-eea4-4cea-8737-cc71dc06eb31,8,2,18.86,13-08-2026 11:15:27
4504,73,,5,-1,77.79,21-04-2026 14:44:29
4505,3,cd98a497-1463-4d6c-8c3b-4041faaedf6b,9,1,1.66,2026-02-07T23:21:10.503983
4506,172,,2,2,-0.96,2026-01-14T09:33:52.247288
4507,3,,6,1,64.08,2026-04-04T15:52:12.369348
4508,160,eb2ac1b6-aa2e-4922-a937-79df4f759f37,6,1,87.9,2026-02-09T20:31:39.344470
4509,238,,4,1,73.81,23-07-2026 09:04:50
4510,97,ffa91dcc-66a9-4793-b7e4-55efc108d44a,2,1,9.93,02-03-2026 04:31:48
4511,295,0ed58d13-065b-4db7-93c0-f76e2d4fc2a0,5,1,37.12,2026-03-21T18:26:03.594632
4512,236,,3,-1,40.58,29-06-2026 20:24:38
4513,94,,2,-1,0.37,07-07-2026 08:31:21
4514,254,3fe4ef86-448f-46e6-981b-2e79eaf63645,9,1,53.17,03-03-2026 12:07:12
4515,179,,6,1,22.25,05-02-2026 10:07:32
4516,21,2506d97f-dca9-47e1-8ea9-7cca213b2408,10,1,29.04,2026-07-25T00:43:46.798288
4517,245,,6,2,27.83,2026-06-15T15:04:26.179383
4518,233,b501249d-7fc8-418b-9abb-9a1685ac21ba,7,1,44.76,2026-01-14T03:48:27.878936
4519,213,,4,1,41.44,07-02-2026 00:23:08
4520,49,f129f8d6-4457-4ea9-9557-6fa48a6b3174,2,-1,28.33,08-02-2026 06:51:52
4521,192,,3,2,22.02,2026-08-10T01:21:41.955674
4522,89,,1,-1,22.04,2026-01-02T11:40:20.497313
4523,262,,7,1,-3.52,2026-08-08T02:27:14.538614
4524,218,8dca2554-41cf-47db-9b34-2a0be0af2e35,2,-1,82.39,2026-06-02T02:17:03.353166
4525,11,0b95cb08-4a5d-4b5e-af07-84f5980669aa,10,-1,30.28,2026-05-01T07:34:47.958373
4526,224,,1,2,30.24,06-06-2026 13:35:19
4527,277,37e827c7-a243-4540-9f95-bc301d763e5a,3,-1,68.91,15-06-2026 18:23:00
4528,226,c534bfa8-97a7-4401-8b51-4260ecf06d72,2,1,94.99,2026-02-19T22:06:32.611682
4529,144,bf3f65cd-9888-4c91-a852-c2d3b20579b3,9,-1,50.71,2026-06-13T02:41:30.857536
4530,158,,2,-1,25.63,2026-01-03T16:54:27.698378
4531,30,bee30eb8-6ff7-481f-b95e-1151b346ab46,6,-1,80.67,25-07-2026 17:17:29
4532,153,,1,-1,10.2,2026-02-01T08:22:06.267022
4533,122,10425a74-b157-440f-b151-e56e9ef3ffd9,4,2,8.91,04-08-2026 22:27:10
4534,190,,7,2,14.4,2026-02-13T23:02:24.587692
4535,57,,5,-1,-2.45,10-03-2026 00:30:54
4536,133,7c5d80b7-4519-468e-8db6-c6e9d180150f,2,-1,84.34,2026-04-13T00:59:47.076107
4537,154,d00caa0a-6cc6-444a-91b8-677ff7458790,7,-1,34.11,2026-01-07T17:52:45.666474
4538,20,003696f5-6126-4043-8139-fee38fd3e602,10,2,45.78,2026-04-02T17:20:22.820014
4539,165,0679af33-b8dc-403a-8e82-67e84edf0318,7,1,66.75,2026-03-06T14:02:16.961157
4540,240,050f55ea-5286-41ca-ad43-a55464dd75ca,7,2,79.93,22-03-2026 20:39:05
4541,110,0ee74e8f-4ef8-49b3-b9c9-14bf60b252e7,9,1,83.39,2026-07-19T17:11:00.148370
4542,43,e3046c9f-8ba4-4e48-a3e7-26def092dd55,9,2,19.0,2026-06-25T03:30:07.604692
4543,81,f366a4fd-8c03-4bed-99fa-cbd3741102b4,10,-1,20.85,2026-04-28T17:44:28.282705
4544,165,,4,-1,43.35,04-05-2026 08:37:18
4545,59,1f248e9a-0a11-424d-819b-c9dd6b1cde43,6,1,54.31,08-01-2026 10:01:24
4546,250,3e408e00-6848-47b4-ad73-67d2e42702c7,8,-1,25.66,2026-05-01T02:08:06.051550
4547,192,db73f614-b3e1-4836-8374-bb6dd1f0adc8,1,2,23.79,2026-03-04T21:57:47.384580
4548,6,36b36369-98cd-40b5-aaef-68c8d5c74264,1,1,76.49,06-01-2026 12:40:42
4549,267,5c3c42c3-46e8-45e5-b5b7-bf474df01744,9,2,53.27,2026-03-18T09:25:49.464540
4550,110,,6,1,12.86,25-07-2026 15:00:04
4551,258,,8,2,-0.04,2026-02-07T03:12:14.224204
4552,140,460755b7-d900-4142-800d-4270940b7847,10,-1,77.81,23-02-2026 12:31:07
4553,209,,6,2,60.67,2026-06-04T03:55:25.836003
4554,123,,9,-1,5.11,2026-02-24T20:59:16.759332
4555,125,45589531-7781-40e6-b7dd-6e39a2ca20d1,8,1,2.53,30-05-2026 16:43:41
4556,52,3c06411f-d40b-49fe-be78-94855be57e18,4,2,34.41,2026-04-12T03:05:02.953048
4557,280,,3,1,-4.69,2026-03-07T20:03:22.009120
4558,275,4ffa0add-5edb-4459-b445-386334af0f1c,6,1,13.25,2026-06-14T03:17:56.704147
4559,40,,9,1,70.98,28-01-2026 23:40:42
4560,114,,1,1,51.43,2026-07-06T14:51:45.281296
4561,246,b2115f29-cf25-4e86-a440-a2dc7a310158,7,-1,-3.67,20-01-2026 00:39:34
4562,249,,8,1,-0.15,2026-02-14T07:23:27.276288
4563,182,59321567-680c-4cd0-b626-abe38ab1e367,2,2,68.37,2026-08-13T09:00:35.511732
4564,26,,1,2,6.98,2026-06-01T16:12:57.976508
4565,138,,1,-1,65.49,24-04-2026 20:33:29
4566,54,8707eac9-c885-4285-8af7-4a1be8bbe8df,4,2,-4.33,08-03-2026 06:31:58
4567,42,b920a11b-18e3-4b3d-a95e-127b2028eb99,10,1,60.33,07-01-2026 08:40:59
4568,186,,6,2,58.58,2026-06-09T05:50:09.198880
4569,203,,6,2,81.38,2026-08-07T19:03:28.192991
4570,233,,8,1,19.81,12-03-2026 11:43:00
4571,60,,3,2,20.25,10-06-2026 16:15:19
4572,206,00b63e7f-75ea-4ebf-9e50-9a9d7c185ca7,3,-1,37.18,19-05-2026 22:48:02
4573,226,e65b695b-b0c5-4ee2-8a81-3e73c96a4b03,1,2,33.16,2026-01-25T22:32:26.734576
4574,235,f262f053-3c7f-4cd0-9b96-60cad78d842e,4,-1,83.84,30-07-2026 11:38:46
4575,147,2fba9450-34e0-48b0-bb3c-ab69eef58000,3,-1,9.68,04-05-2026 09:09:30
4576,195,2fd688d1-bc0d-406c-aa57-78c218c4dc1b,5,2,77.68,27-06-2026 19:30:12
4577,91,,7,1,71.39,2026-02-08T04:31:34.878008
4578,152,d9a194eb-6bed-4a08-8351-71039764b914,2,2,38.69,2026-06-16T18:04:01.745333
4579,153,bdc825e0-c088-428e-8ef8-3e8e7dbb32e1,2,2,14.48,2026-04-24T04:35:09.123570
4580,58,,9,-1,39.26,02-01-2026 03:04:02
4581,135,,1,2,35.77,22-01-2026 17:32:06
4582,276,,10,-1,89.75,2026-03-19T18:52:43.815394
4583,111,,9,-1,76.84,2026-06-25T06:32:04.838839
4584,2,cb8a1851-6489-4553-81f4-7a2936f7b389,5,-1,18.09,2026-07-14T10:40:43.374049
4585,206,b3205cea-b7e7-48b6-a58a-322bde37e1bb,2,2,55.55,2026-07-18T05:19:32.240197
4586,75,d66f351a-dde2-4ff5-a002-a1a7be3e5175,3,2,93.18,04-08-2026 08:20:04
4587,169,b7e0b47e-5cfb-41eb-ac33-dcf5b0a62c88,5,1,-0.41,05-02-2026 23:41:11
4588,26,,3,-1,4.89,06-01-2026 00:41:57
4589,88,2d126a6a-d2e3-40d5-af38-90b94b3ad60e,9,1,24.48,2026-03-03T22:30:58.888625
4590,266,24fdfc33-941c-4442-954b-98f69ba8f717,1,1,51.33,13-06-2026 14:32:07
4591,299,,1,2,30.14,30-07-2026 08:26:14
4592,270,,10,2,88.91,27-05-2026 04:51:28
4593,30,,3,1,6.18,2026-07-28T01:13:31.368562
4594,57,,9,2,78.01,10-06-2026 14:32:05
4595,183,a8ed4e7b-37cb-4914-a909-9cf671c4bfd6,9,-1,51.13,2026-08-03T03:12:01.143981
4596,5,,2,2,17.18,04-07-2026 11:30:06
4597,209,8c4bf3e2-3e76-408c-ab7f-22c90a34ac2e,2,2,16.01,2026-08-03T05:29:20.074180
4598,87,,6,2,42.11,2026-06-14T17:33:43.192624
4599,213,387b600e-b57a-4b0e-a07c-354a281de455,7,-1,27.03,17-02-2026 12:43:11
4600,112,,9,-1,2.46,2026-08-13T06:23:04.214316
4601,270,e2d04e74-d383-4017-9a94-3c9ac54d0460,7,-1,97.69,2026-05-23T22:25:27.359819
4602,25,a5eed7f5-39c8-4840-8748-f0f296aff992,4,-1,81.45,10-04-2026 22:13:03
4603,40,,8,2,14.8,2026-04-27T16:08:17.544588
4604,59,,4,-1,15.42,2026-07-07T14:13:32.365950
4605,124,01c349a2-c429-4ae8-912e-3e1dd4477740,8,-1,85.4,29-06-2026 17:50:54
4606,138,f5487a94-b534-4ecd-9e1d-b1018ae4190c,1,2,67.37,2026-03-28T16:11:41.594182
4607,125,,3,-1,32.51,19-07-2026 12:54:52
4608,191,,9,1,30.88,23-03-2026 21:21:01
4609,121,8d751e0f-8213-4bea-8153-9dae41af6c4b,3,2,84.31,2026-04-13T04:25:09.173169
4610,79,31e3e2e8-d8b0-4b22-a3c5-4e1be95cdc80,6,2,6.11,19-08-2026 04:22:50
4611,36,ccca1dcd-5d2c-4539-ae71-627978de3429,6,-1,87.46,2026-07-26T16:26:30.215639
4612,131,,7,1,89.98,2026-02-24T03:29:51.343495
4613,94,da09ff72-c3b6-4604-9f26-632c241e987b,7,1,7.76,19-04-2026 00:26:34
4614,120,,6,2,5.26,2026-05-24T07:11:16.553555
4615,285,,6,1,4.85,09-03-2026 13:37:13
4616,112,f5d83379-04ee-45d2-ac05-c98eee8e7c66,10,1,-4.09,02-05-2026 02:43:46
4617,205,,10,1,63.31,03-03-2026 07:01:27
4618,157,,10,-1,43.81,07-06-2026 19:02:56
4619,17,6109123a-138d-4a02-a0b3-6d59f4482fc6,2,2,45.76,2026-01-18T22:02:26.272464
4620,169,b48299ab-1361-4059-8e39-9a2df0ace1ef,7,2,48.36,2026-07-29T11:35:19.148443
4621,106,87103617-7f50-41dd-9828-b6e851fcb90e,10,2,15.17,29-03-2026 01:29:11
4622,232,f763478f-9e06-4704-93c8-beaa9a012f75,8,-1,9.29,10-05-2026 17:01:18
4623,116,,1,-1,91.59,03-04-2026 00:03:16
4624,68,261ce334-1e91-4c85-9d3a-0a10ca612491,3,-1,84.35,01-04-2026 22:07:48
4625,49,d5936201-c2ff-40da-942a-c5d77108ce9c,1,2,65.74,2026-03-16T21:47:01.415788
4626,95,cf57f2d6-fc02-454c-8392-48b49a8e3948,7,2,27.4,2026-02-22T05:25:38.339343
4627,49,1b541ae9-318a-42b4-be12-0b830fa4514f,5,2,23.19,16-02-2026 03:36:29
4628,284,,3,-1,98.45,2026-04-27T17:31:38.723868
4629,81,,4,2,-4.23,06-01-2026 17:51:04
4630,225,,6,-1,88.92,2026-05-02T01:02:39.274333
4631,61,,2,2,38.74,23-01-2026 08:13:39
4632,5,,2,2,46.97,2026-04-02T19:42:22.635222
4633,277,8305e20d-c058-4e35-b9ac-5ef485d68e7a,4,2,-0.91,26-04-2026 11:30:34
4634,69,,6,1,66.86,2026-06-15T13:26:07.246898
4635,261,346ea842-f1b2-4296-beb7-79956576863e,7,1,65.08,2026-04-19T10:13:32.374858
4636,14,a43672f8-8cb1-404f-b17c-c245f90487a8,6,2,28.55,19-06-2026 13:23:46
4637,93,a1962a29-eda9-4bec-b94d-c7b75712e8ed,1,-1,95.47,2026-08-04T06:26:37.715308
4638,246,,7,2,56.22,23-04-2026 19:01:59
4639,89,ed2c3efa-1e35-439b-b7bc-41287df133ef,10,2,19.54,18-06-2026 23:57:51
4640,48,,2,1,60.64,2026-05-21T14:17:07.221071
4641,9,d000fbb1-c036-47e6-8a0b-8897d9fd7e36,5,1,24.45,2026-02-19T01:51:37.049527
4642,151,8d94f00f-5b0b-403c-8101-7426f38042cd,7,2,65.7,2026-07-21T02:06:04.861758
4643,139,,4,1,79.63,2026-05-07T20:52:50.444380
4644,122,,4,2,33.95,13-07-2026 11:48:11
4645,224,,1,-1,40.64,10-07-2026 01:03:29
4646,148,e6dc5249-0e27-499d-b72d-c282e209e71b,5,1,71.38,2026-08-13T02:09:37.625911
4647,197,44307639-9115-4250-9791-5411c2002337,9,2,31.07,15-02-2026 05:05:06
4648,138,34377405-9e07-4981-947a-5aa45dc87c4a,6,1,55.65,18-04-2026 00:54:10
4649,84,,10,2,87.31,19-04-2026 08:54:56
4650,5,68a3e97e-c32c-465a-9260-8dd1cd4cab9a,10,2,79.7,01-07-2026 10:42:16
4651,146,,4,2,58.1,15-03-2026 06:53:48
4652,208,,1,2,43.08,2026-08-15T20:05:28.057269
4653,3,35de7158-de21-4c35-87a3-b90c11a3b40b,10,-1,30.72,2026-04-10T06:53:56.782571
4654,282,,4,2,98.53,26-06-2026 04:26:28
4655,194,,7,2,56.85,30-06-2026 19:23:08
4656,234,16f138a7-5a7a-41ae-a32c-02b57bb77789,7,-1,6.18,2026-05-27T17:41:14.296641
4657,222,880a2f37-e438-4778-b9e3-2e37ccc3e6a0,2,2,60.23,2026-06-05T14:56:59.523464
4658,42,61c72024-c9aa-45fe-a4e4-e12cb8b9b806,4,-1,22.37,07-07-2026 03:32:40
4659,53,,7,2,82.07,03-07-2026 18:55:21
4660,222,,1,-1,30.56,08-03-2026 12:41:44
4661,11,cb622ea4-e003-4e49-b7ff-7d6f119ec705,7,2,64.53,08-01-2026 22:07:39
4662,289,48c4bad0-d393-42e4-a35b-89a693baea46,4,2,67.9,19-03-2026 19:33:33
4663,223,,1,2,29.04,2026-02-15T11:28:34.678838
4664,172,,7,-1,55.54,2026-08-09T06:55:18.607872
4665,249,,5,1,9.25,02-01-2026 05:46:18
4666,92,,2,2,82.3,2026-01-16T13:04:10.203538
4667,170,,2,2,95.69,2026-02-20T11:24:06.809712
4668,170,1a86d726-3648-4fb1-b4cf-e74eca08373c,4,-1,28.99,28-02-2026 12:42:56
4669,220,ca7777a3-1d7e-42e4-a38a-8a39876d18b9,7,2,48.99,2026-08-04T20:01:44.258950
4670,211,74899d80-5814-4355-86a6-f62f7e81a098,9,-1,25.19,2026-07-31T21:31:30.504398
4671,209,aa91538d-7041-4c6c-958c-7c4031a7f004,7,1,28.92,23-04-2026 10:48:11
4672,114,f95a3404-46f7-42a4-b78a-21fcfb386000,2,1,75.83,2026-02-22T18:56:07.458081
4673,225,,10,2,3.83,2026-01-27T03:41:48.151902
4674,1,,9,2,10.48,03-08-2026 17:19:40
4675,236,,9,2,74.69,2026-03-21T17:56:46.702441
4676,111,,6,2,10.4,2026-04-05T22:10:25.642351
4677,217,7c17265b-8d24-4d69-9e2d-6f1de67037a7,5,2,66.4,2026-07-21T16:01:02.379625
4678,133,,9,-1,34.64,2026-06-20T16:56:34.800805
4679,120,68ba8a17-0455-4323-a659-19f66b4cbc33,9,1,65.8,2026-05-21T08:38:58.548666
4680,101,03b3fb17-0ef1-41f5-a374-6b3d6c2f133c,6,2,66.36,2026-01-01T06:21:06.856831
4681,245,13b379c5-fb62-46db-9fcc-c4ff6a9826d5,8,1,83.01,29-04-2026 15:08:36
4682,155,,6,2,43.46,23-07-2026 19:22:22
4683,89,,3,2,20.73,10-03-2026 05:55:19
4684,228,,1,-1,59.5,10-05-2026 07:27:52
4685,254,,8,2,59.39,13-05-2026 08:51:56
4686,123,,9,-1,30.1,20-05-2026 20:45:17
4687,98,,8,2,87.21,2026-06-01T19:51:59.051923
4688,123,,7,2,39.09,01-06-2026 16:57:54
4689,145,f77b7727-0614-4eb3-a81e-952aea48d170,5,1,-2.63,13-05-2026 23:55:40
4690,216,,6,1,27.35,29-06-2026 16:16:45
4691,180,80d39f32-0942-4ea7-b112-2c8adf1b31bb,5,1,2.98,10-04-2026 15:51:11
4692,107,beb536e0-c645-4878-8c83-1b75ff8a2b0e,1,-1,56.78,2026-07-12T02:55:53.361028
4693,24,,1,2,34.12,06-03-2026 21:00:17
4694,260,8f27acd9-d95c-496f-a130-831300cf1953,4,-1,25.5,26-03-2026 23:14:18
4695,176,f41f51dd-1d9f-4354-b087-5e12fbd1fe2c,9,2,63.74,13-05-2026 16:43:59
4696,188,de8e23c7-d487-460b-a092-e99ff5037681,6,1,90.95,2026-05-12T23:06:11.015100
4697,211,,1,-1,66.77,2026-04-17T06:52:14.802047
4698,19,,8,1,84.82,2026-01-15T01:55:27.433012
4699,36,1f8b56ad-9b0a-40c1-ad40-ae33255e7e56,4,2,56.42,08-02-2026 07:33:22
4700,216,8884ea56-5358-4d9e-be0e-fb60207fbbfe,2,-1,67.39,07-07-2026 08:26:29
4701,161,6efe42eb-4cdd-4596-a572-be6d3613edaa,2,-1,5.69,30-06-2026 18:20:05
4702,258,81fccb58-62cb-4321-b79e-c5b04c0a742b,8,2,37.19,2026-01-28T04:57:24.430531
4703,160,,8,2,39.63,2026-01-01T13:11:08.868650
4704,262,,9,2,65.24,07-06-2026 02:47:59
4705,237,,7,-1,63.34,09-01-2026 09:17:55
4706,281,0eddb461-3a40-41c9-9a6f-ab3303b4da17,10,1,72.74,2026-08-07T19:03:24.695182
4707,189,,6,-1,56.55,2026-07-15T20:06:21.870337
4708,270,9b5cccb7-11c9-44af-893b-f37e56f22578,5,-1,12.23,2026-02-01T01:44:35.998540
4709,119,841afa29-e1fc-4ce7-8080-1a10a6b686c5,3,-1,68.96,23-01-2026 03:14:03
4710,217,,1,2,24.22,19-01-2026 20:36:57
4711,124,,3,1,2.04,2026-01-17T15:09:00.551512
4712,182,b11f4945-0a6b-4820-974f-29a75bf31021,4,1,50.85,02-03-2026 21:21:58
4713,17,,8,2,42.36,2026-01-26T01:59:02.678652
4714,110,ac6ca65b-422f-4703-947a-04a7ba650e99,5,2,71.99,25-02-2026 02:19:23
4715,86,,8,2,85.8,2026-07-31T14:34:55.689402
4716,2,47380a65-c2f5-4649-8a7a-638ae23a8c70,6,-1,22.56,2026-01-17T08:48:02.922646
4717,9,fcb6cec9-1266-426a-a437-24cab53ad248,4,-1,45.49,2026-05-09T17:38:48.704076
4718,183,7bd3b7be-5698-477b-aa6e-e94d1d06000a,9,-1,66.61,11-05-2026 19:14:33
4719,212,,8,2,26.76,2026-01-17T17:55:36.716773
4720,47,0e6a6b7a-0cb9-43a6-b452-2717fcbfac22,6,1,48.08,2026-04-10T12:40:53.545839
4721,5,88bdaa86-48de-47e1-a03c-86f225610d0c,6,-1,34.26,12-01-2026 20:33:21
4722,215,,9,1,31.67,22-04-2026 01:04:03
4723,86,fc317735-787a-4419-92bb-dde0b3e1377a,8,-1,58.24,13-01-2026 17:44:14
4724,30,,2,1,96.97,07-02-2026 02:37:04
4725,170,,9,1,34.56,28-01-2026 12:28:04
4726,92,56407482-e028-429f-9a70-7c04d5cc6393,9,1,93.96,2026-03-19T21:00:46.197042
4727,113,,9,-1,4.63,2026-06-30T12:22:55.361491
4728,29,1556a611-4bfa-424a-9812-385d22776f9d,9,1,81.01,09-02-2026 14:50:08
4729,97,,3,-1,58.7,2026-06-17T08:26:23.041797
4730,160,18b276ad-d5eb-4191-bb49-7f2359fafa89,2,-1,58.87,10-02-2026 17:22:48
4731,295,,4,1,83.24,2026-01-16T23:24:17.730621
4732,89,cf5f0da7-0771-4a7b-8fe8-e72198cca431,9,2,11.25,2026-01-21T23:39:09.286928
4733,152,10f990fc-a918-42bd-a61e-b6eda26e7556,2,2,70.99,2026-02-10T11:59:19.877023
4734,101,a0f73901-e23c-477b-a243-194e8304f619,2,2,87.68,29-07-2026 02:38:58
4735,186,1fcb0dd8-40d7-460e-81ed-c8c1f4340b5f,1,1,28.68,2026-07-22T04:32:59.406968
4736,98,059ca706-287e-4fc0-a82e-fb7c1fcf5f2a,5,2,-3.92,05-05-2026 06:40:28
4737,273,56671ca6-182a-4caa-b1a7-03582c7adbbf,2,1,59.75,03-07-2026 19:50:10
4738,185,,6,2,42.94,19-06-2026 06:59:35
4739,122,,6,2,7.57,2026-01-06T21:18:41.471043
4740,51,284888cf-ad97-4da9-a35e-40c6eb6cadbb,7,-1,85.06,24-01-2026 10:23:54
4741,175,8f2db00b-05c3-4a81-acfd-7fec7542718c,1,2,27.21,2026-01-01T14:29:15.798804
4742,53,34456f99-fdca-4b49-a417-73984d9de915,7,1,91.36,12-07-2026 18:29:06
4743,195,abd450f6-ea4d-4825-b877-0269386347dc,1,1,88.99,2026-04-21T12:31:34.269987
4744,82,,3,-1,7.97,2026-07-14T20:15:41.556767
4745,214,6d36a439-1588-48f5-b1fe-e83379c0bbeb,3,-1,3.79,06-08-2026 14:05:38
4746,183,,3,-1,77.13,07-06-2026 20:09:40
4747,75,03d587bc-a568-4ae6-91ec-9d9c979dbd1b,9,1,61.3,09-01-2026 08:33:20
4748,294,ab81ff8e-1066-4614-9c6b-a14719d11699,1,1,31.25,2026-07-20T04:55:26.923614
4749,72,,8,1,74.81,22-02-2026 20:18:01
4750,26,704303fa-8247-4b5b-86f1-70d995859460,3,1,-1.8,18-04-2026 22:37:19
4751,137,,10,2,72.18,09-06-2026 22:44:27
4752,98,,2,1,59.06,2026-03-04T23:23:53.352453
4753,152,,3,-1,80.2,15-08-2026 16:55:03
4754,263,49267251-bae5-4081-b42e-dc6a406ba089,3,-1,94.51,01-04-2026 01:47:45
4755,9,,1,2,53.0,2026-06-06T14:51:56.268368
4756,94,,1,2,77.23,05-06-2026 05:18:47
4757,245,,8,2,67.72,30-06-2026 23:32:52
4758,22,f39fa4b6-1d9b-4a19-a6fc-e4aca0d106b4,5,1,61.63,28-05-2026 05:56:35
4759,224,,5,1,-1.3,15-07-2026 23:09:55
4760,169,,7,1,18.16,21-07-2026 04:18:12
4761,272,,7,2,39.68,2026-05-31T23:49:19.935589
4762,38,bd3593cf-0bcb-4c9c-a412-d4bb954d5690,7,-1,95.69,30-03-2026 20:24:26
4763,66,2415bb36-c424-4f03-aa83-2bcd5e3abbdc,10,1,87.9,2026-03-21T21:28:05.643099
4764,100,,1,2,45.61,17-05-2026 04:38:07
4765,229,79e94dd3-4683-48ff-bd9b-5d1becb1fb87,10,-1,-3.38,2026-04-15T19:54:54.323863
4766,107,,2,-1,71.68,03-04-2026 09:53:38
4767,126,173197bf-4b04-4046-be00-f57b404f653b,10,2,27.34,2026-01-10T15:52:38.623899
4768,133,,10,-1,0.02,10-05-2026 14:31:53
4769,120,,8,1,53.88,04-03-2026 18:28:50
4770,48,,8,1,62.16,01-07-2026 03:15:09
4771,114,90358f89-fd24-4a15-856e-d9c46f97cc9a,7,2,-4.18,05-06-2026 03:59:54
4772,262,,9,-1,75.87,05-03-2026 08:18:59
4773,195,a54ba8f4-5207-4737-b0b5-b134b741aad5,10,1,33.59,2026-08-01T15:05:14.450392
4774,82,ca80bfc7-c6e5-4162-bffe-9257e91f9bba,9,1,74.81,2026-06-30T07:52:33.058880
4775,270,bd96d44c-4bc9-4a33-87de-23c7ffa56048,3,1,34.22,2026-02-11T05:00:02.362835
4776,224,,7,-1,71.39,16-05-2026 05:32:16
4777,249,,8,-1,-3.06,28-06-2026 06:53:47
4778,143,,9,1,45.36,24-05-2026 10:54:42
4779,144,,10,2,30.15,2026-05-12T09:43:13.597558
4780,119,,4,1,93.45,16-03-2026 23:13:12
4781,177,,10,-1,11.66,10-03-2026 12:41:40
4782,141,,5,1,96.53,2026-02-09T07:50:23.731503
4783,150,,3,2,41.6,2026-02-12T10:02:38.546688
4784,61,,7,2,30.14,19-06-2026 03:16:37
4785,209,,6,1,75.59,04-03-2026 15:46:57
4786,160,cad20133-40f7-4c90-adaf-d245871acd70,10,2,41.26,14-04-2026 12:32:24
4787,122,c5351135-51e6-4322-8dac-e55dd8583536,1,-1,95.32,21-04-2026 01:22:17
4788,259,1fbf82dc-adb8-47a1-a6c3-a53f05e164b7,1,1,36.58,2026-08-07T01:10:04.625257
4789,20,2b703fec-805b-4bb0-8c17-b36b26147627,6,-1,44.92,2026-07-29T14:16:58.344603
4790,89,,3,1,50.05,2026-01-01T06:22:12.009962
4791,157,42fc5300-a47d-4cee-9e98-69a53582c62a,8,2,38.07,2026-07-11T00:11:34.458045
4792,291,,7,-1,67.89,2026-08-02T14:00:29.668150
4793,260,d58bc2f1-93b7-4ea9-a5e3-5bc334181f55,5,1,78.33,2026-02-23T20:47:26.628694
4794,154,192d3e5b-4934-4dd2-b207-3ce2228d47e0,2,2,86.4,19-08-2026 02:04:08
4795,124,,9,2,37.03,15-05-2026 00:49:45
4796,54,,6,2,23.62,2026-07-03T22:53:11.583146
4797,177,3b1aeb7d-87ed-4600-8a0d-9e3fa9fea920,10,1,88.71,2026-04-20T15:52:04.896168
4798,224,,5,-1,81.59,11-06-2026 10:59:43
4799,71,,3,1,61.06,2026-07-19T07:30:22.532331
4800,203,,10,-1,1.61,2026-02-05T02:46:47.787888
4801,272,,7,2,72.58,2026-06-12T12:26:57.029586
4802,257,,1,1,98.02,08-03-2026 04:04:49
4803,165,59ccaf8b-58a4-45f6-a8fc-c17d3f817c4c,9,1,85.39,22-01-2026 11:12:28
4804,233,,6,-1,9.57,2026-03-29T02:34:23.088356
4805,198,7363f60d-b2ce-4131-bb14-9e7d45a86c2a,7,2,17.84,11-01-2026 06:03:27
4806,204,,9,2,25.3,19-01-2026 11:34:22
4807,2,,9,-1,76.56,2026-02-14T22:56:40.117823
4808,247,,2,-1,77.03,2026-01-19T17:33:23.922327
4809,259,fba36658-dabc-4def-b0d6-f3b030261c08,8,2,34.34,2026-02-21T05:16:17.206499
4810,79,,5,1,78.31,2026-08-02T01:04:27.233343
4811,174,23e49bb9-163f-4e33-a578-594e7a402810,2,2,91.35,2026-07-11T04:06:34.880968
4812,267,12777502-ff46-422d-b8b0-447b51d86b5c,9,-1,30.32,12-08-2026 20:59:53
4813,140,,8,2,31.8,16-08-2026 17:38:11
4814,299,8c6f99b3-ba08-4387-95fc-dc5dc2ae1618,8,1,32.97,10-07-2026 20:00:13
4815,135,3c5033f4-fbf1-44ad-b762-9805823bbeef,5,1,98.32,16-01-2026 13:17:18
4816,275,,8,1,30.31,24-06-2026 17:05:13
4817,289,fa8cd95b-630d-4096-9b03-c832de5aaeb4,3,-1,-4.72,30-07-2026 09:37:39
4818,28,,7,-1,20.3,2026-07-19T01:01:39.253225
4819,178,6f1d4648-0e16-447c-9e1f-88b29f6ecf6e,6,-1,43.7,2026-07-22T06:14:40.287480
4820,27,0b47c0ee-2038-4d76-9007-9130c5ab0dc2,2,1,94.72,12-08-2026 18:48:39
4821,237,,4,2,59.53,02-02-2026 14:26:15
4822,124,7a5453d7-e18e-43bb-b9e0-f61be20e3a99,5,-1,51.34,2026-05-24T22:44:07.647830
4823,89,,6,2,96.0,12-02-2026 05:05:27
4824,206,,2,1,30.97,20-02-2026 20:37:15
4825,159,ce64c64f-a7b4-43f4-83c1-129888f7778e,7,-1,29.52,30-04-2026 22:33:07
4826,240,071610c4-7ef7-4809-8947-2d29528c6347,10,-1,27.98,2026-08-11T15:46:41.550726
4827,75,,6,2,53.03,19-08-2026 08:14:14
4828,249,,8,2,92.44,2026-08-08T11:13:36.740415
4829,210,,1,1,77.68,07-08-2026 01:02:41
4830,61,13e4c82e-0566-416f-a12c-c4e7ca2c3ca3,7,1,20.03,23-05-2026 08:23:31
4831,228,316dd0ad-e0d9-461c-bfc8-a1cc9e1de6d4,5,1,43.83,22-01-2026 13:53:56
4832,206,,2,2,71.6,16-04-2026 13:22:45
4833,251,94b29387-7157-4ea7-9c6e-5266410e4385,5,1,53.38,07-04-2026 18:30:50
4834,293,,1,-1,69.85,20-03-2026 12:06:18
4835,146,,7,1,7.88,2026-03-15T01:10:46.248732
4836,98,,2,1,3.17,09-03-2026 12:14:00
4837,16,3e140e7d-37fd-4edc-8195-993a1a61b131,2,2,73.72,27-01-2026 16:23:25
4838,236,,10,1,46.33,30-07-2026 12:50:53
4839,92,,6,-1,5.28,2026-07-25T02:18:13.962139
4840,57,,10,1,64.78,26-01-2026 05:14:38
4841,228,,4,2,99.81,15-03-2026 10:36:15
4842,250,ef81c0ba-6e32-49a1-b959-0ca69a57767b,6,-1,78.54,19-07-2026 06:23:39
4843,24,,1,2,8.45,2026-06-03T19:58:22.527392
4844,139,a4d9a209-b7e0-40b9-9667-095fe075b815,4,1,79.09,2026-01-21T03:36:32.611659
4845,100,8b63dafc-6f87-448f-bb0e-ff279abb8948,2,2,14.9,28-02-2026 05:30:07
4846,159,7b5c36ca-baba-488b-bac2-75625c688b40,8,-1,27.52,2026-06-20T10:44:55.494781
4847,222,,4,2,45.38,14-04-2026 17:38:21
4848,227,f5cb00e7-4b71-4bae-b100-2dc5cfef5c19,5,-1,96.14,2026-08-09T15:49:02.584053
4849,6,a879068d-c7e8-4900-a8a3-9ad47730c962,8,-1,70.7,23-04-2026 03:51:44
4850,224,,9,1,35.93,2026-05-16T16:14:26.013927
4851,263,3584b252-5fa7-4ae6-b143-093ff24dd38d,6,1,94.6,30-01-2026 03:22:08
4852,122,,10,2,69.29,2026-01-07T10:46:33.892908
4853,73,,7,-1,5.89,2026-06-17T13:17:22.692395
4854,66,8ab8b6a7-2ca6-48fc-adfd-7a441f7b719b,3,1,22.7,2026-01-08T19:28:48.274747
4855,166,686a861d-4a0b-4ce3-a544-72394bbcc3ef,7,1,91.94,05-01-2026 08:41:55
4856,280,ff26ffc6-30f8-4d0f-b1ca-32aa183aef84,6,-1,85.84,17-03-2026 21:29:29
4857,164,,5,-1,61.06,02-03-2026 01:57:29
4858,191,85371a8d-ed37-4fb9-a7ec-281d23a2b4d6,3,2,67.08,29-06-2026 23:05:59
4859,144,,2,1,49.68,06-02-2026 01:08:56
4860,44,bf1bf1c7-9190-402f-8c9c-c98f5e6ff92e,7,2,14.7,2026-04-19T06:12:14.164954
4861,174,29efc1c2-3cd8-485c-abe4-824e5388dd1d,1,1,53.02,2026-03-26T02:47:45.887981
4862,111,,7,-1,26.6,2026-03-30T01:28:47.467220
4863,275,,8,1,22.32,2026-06-13T07:57:52.249764
4864,85,852874fe-6304-4c67-8569-0d247ecc1466,2,2,64.5,2026-03-24T07:17:50.904226
4865,102,4acac522-b323-4182-88f4-05caeab90375,6,2,97.35,2026-08-12T12:30:11.611205
4866,57,f4e248c8-4bf6-42be-a391-ef12fba9c0a3,8,1,51.88,27-07-2026 14:36:34
4867,6,094b4a03-db7f-4dcb-b6eb-ccf42d27d2ba,1,-1,45.58,23-03-2026 22:14:00
4868,150,,8,1,71.89,2026-08-01T19:02:47.848871
4869,216,,7,1,96.99,2026-04-01T07:27:05.107280
4870,239,,3,-1,58.39,2026-05-27T16:31:54.000939
4871,248,,8,-1,83.03,01-01-2026 17:21:38
4872,95,8bba7023-48e7-4427-a85e-1e90dc30bee0,8,1,-0.61,11-08-2026 07:18:05
4873,288,a0aef455-96b4-4c02-905e-f7bbeb041685,5,1,47.61,2026-08-19T00:13:48.080940
4874,23,55b9f279-128e-4f7d-a42f-e0e847ebe771,3,2,83.72,28-05-2026 18:55:46
4875,206,,10,2,44.06,2026-08-01T08:01:44.202181
4876,43,,1,2,70.38,2026-07-30T21:05:25.729568
4877,11,,5,-1,-1.52,02-01-2026 04:05:33
4878,8,6d8b60c0-bf5d-45dd-9986-9392325303d3,5,1,30.31,2026-05-25T09:55:12.506408
4879,231,51bf0822-9fab-4110-9c67-de3c9eeb356e,2,-1,2.26,28-05-2026 09:35:03
4880,287,65440993-4194-4b08-9ad2-1752a603a946,4,2,99.31,2026-05-23T00:49:30.561930
4881,297,,8,1,43.55,2026-04-11T05:17:44.366771
4882,61,,4,1,57.83,09-07-2026 00:25:14
4883,71,,3,2,78.57,2026-05-19T16:33:48.102963
4884,90,e9d24a00-49a0-4dba-be0b-7765828b9cd1,7,-1,72.17,2026-03-24T13:20:12.639997
4885,282,,6,2,49.01,2026-05-04T04:28:34.770449
4886,119,464c7847-62c9-45af-9a38-90cfd64bf135,6,-1,19.23,10-01-2026 05:23:30
4887,99,e6398195-ab48-4bb2-a25b-55c43573f1cf,1,2,33.02,2026-03-17T02:36:25.601007
4888,168,22f65d68-6513-4806-addd-6a1d2dc97ad8,8,2,30.5,09-06-2026 23:17:18
4889,194,0e1d6dac-d6ce-4be4-8042-cd3bf8dd462c,6,1,-2.27,2026-04-08T13:38:08.055418
4890,42,,1,1,10.81,2026-03-25T18:32:19.025723
4891,97,b7569de4-85bd-4c76-be14-5bc29cc68b2b,10,2,33.6,18-08-2026 09:55:46
4892,290,bfb1ec7c-2e78-4b6e-8a80-ef753364615f,4,2,79.84,26-04-2026 02:44:47
4893,52,,8,1,84.99,2026-03-15T16:14:09.493141
4894,99,fd00c195-baa9-4d1d-a280-3fe381d0a545,6,2,47.53,2026-02-10T11:07:36.514067
4895,294,,2,1,21.63,09-06-2026 08:44:16
4896,3,,2,2,21.6,2026-07-18T16:11:41.011217
4897,285,,4,1,42.06,18-01-2026 07:12:13
4898,60,,7,2,43.8,02-01-2026 12:39:58
4899,32,0e2dbd01-f317-4259-9a94-39bbcb443318,7,2,18.57,18-08-2026 04:46:19
4900,233,3fcc5bcf-d4d8-4722-95ac-1e3d74a65743,2,-1,75.07,2026-01-27T08:16:25.609283
4901,23,09a42628-930a-49f6-bd5c-3351348b928b,4,1,22.74,09-01-2026 17:13:52
4902,232,,8,2,99.43,02-08-2026 14:13:47
4903,60,0081ef9a-036f-40dc-a12c-10a4e2154d4f,5,-1,24.5,2026-07-30T08:32:06.305503
4904,156,,4,1,51.85,06-08-2026 03:41:09
4905,199,61f0dd56-e63b-4f2d-8a28-3835d9c874b8,6,2,12.03,2026-07-19T14:23:55.633451
4906,233,,10,-1,88.43,06-02-2026 21:00:26
4907,212,9f2ccebf-3f0b-4e3f-94b3-b517bf54a22f,2,1,0.38,24-07-2026 20:49:06
4908,201,,8,2,25.44,15-03-2026 01:16:00
4909,215,,8,1,48.73,26-03-2026 08:58:08
4910,78,69b9dade-2d83-452a-aa8c-6cb58036027b,7,-1,55.54,11-02-2026 17:10:02
4911,260,,5,-1,-2.4,2026-03-11T06:35:57.943051
4912,297,2e657229-15f9-4367-aa80-f4b1f0d97055,10,-1,22.07,21-01-2026 05:54:50
4913,271,,7,1,83.5,28-01-2026 06:07:36
4914,94,,2,1,49.54,26-05-2026 23:58:14
4915,281,,1,-1,75.59,10-06-2026 06:51:41
4916,226,,8,-1,34.33,2026-07-06T06:35:26.177689
4917,106,,3,2,18.4,28-05-2026 02:12:57
4918,95,,2,-1,77.46,2026-01-21T03:27:15.020514
4919,225,d1ba4a1e-6567-483b-a248-138dcb3ba07e,6,1,8.65,17-02-2026 00:32:34
4920,89,97c35d34-72bc-434b-b46c-6509f857449f,1,2,51.66,2026-03-18T15:10:12.872245
4921,148,c91d7a6f-87c0-41fe-84b3-2effb32c851a,3,1,15.22,2026-07-19T14:33:14.563804
4922,27,fad95a88-3745-4f9b-b13e-866852947a24,4,-1,56.89,2026-02-08T17:55:00.065565
4923,130,,7,1,77.69,2026-07-30T01:37:27.855164
4924,194,,4,-1,91.3,10-06-2026 20:02:28
4925,177,5bac165a-187e-4e3e-8421-bf722d5f72db,4,2,40.95,10-02-2026 03:21:14
4926,166,cfcc6a76-cd00-43e3-8fc6-3488a1f4113d,10,2,4.49,22-03-2026 23:30:18
4927,125,,1,1,77.47,18-01-2026 07:59:02
4928,130,,5,-1,45.28,29-04-2026 07:19:32
4929,126,0845cd56-61ca-4d1a-b865-89f4ea0085de,2,-1,61.33,2026-07-03T15:22:29.728696
4930,132,9ed45b11-6112-4461-8661-3e9f27533589,6,2,96.12,2026-05-07T09:56:51.008905
4931,272,6fb325f7-9cf9-403d-ac3c-33f24047c5df,6,1,97.31,19-06-2026 16:29:29
4932,155,0765d951-218a-4483-b6b4-953ee74e484b,6,2,79.08,03-02-2026 15:18:50
4933,286,,9,-1,61.94,19-07-2026 04:46:29
4934,279,,1,-1,13.94,2026-03-26T04:00:11.248507
4935,67,1768a0c9-44d9-4cad-aa01-609f727872d6,2,1,88.21,27-06-2026 02:20:47
4936,18,b582920f-6aa9-48e3-b2f0-69f8836d14da,10,-1,89.87,03-04-2026 19:20:36
4937,213,33d7fc55-d3ff-4bcd-8491-ac085b0ec45b,10,-1,64.49,05-07-2026 01:34:44
4938,290,,3,-1,47.19,2026-07-31T01:04:48.029704
4939,129,c47c38a8-0405-44ea-bdfd-8d7b50d2aa9e,5,-1,33.04,24-07-2026 11:40:19
4940,89,76e29de6-9f13-4a12-9933-4d722ac0161a,8,-1,55.63,21-02-2026 16:58:37
4941,154,05d08b48-08fb-4754-83bd-b70513cd1e5c,7,1,19.62,2026-03-13T20:44:36.330583
4942,278,311d907b-1410-47dd-8c77-791640c5759e,8,1,-2.96,2026-03-16T16:12:39.242411
4943,22,6186027e-5c8f-4360-ae37-dc0ed1c43ed3,9,2,27.78,2026-02-07T05:28:45.393424
4944,77,bdb03782-b224-491f-89ee-26a17182f8be,3,-1,11.72,2026-07-04T17:37:46.703360
4945,43,,6,2,33.49,15-06-2026 07:59:53
4946,35,,5,-1,47.32,2026-05-18T04:15:28.029838
4947,35,c20239ce-f07b-4029-a499-2298f29ef426,5,2,38.58,09-05-2026 05:59:11
4948,164,49694118-df8b-42f9-b49b-f3ae2d19da72,2,2,12.97,27-07-2026 10:27:27
4949,130,,3,1,19.13,29-01-2026 08:09:58
4950,29,,9,2,25.7,2026-06-04T23:51:46.469722
4951,104,ce59336b-2753-47ae-a602-41396b9e1faf,10,2,48.31,06-04-2026 10:56:18
4952,73,907ba5b3-8941-4940-a78b-67e81b9a85f8,9,1,36.78,2026-05-21T13:05:33.802702
4953,219,3e4934bc-8649-4066-95e7-7b9c34e5b65e,2,2,30.24,2026-08-18T00:26:21.617857
4954,118,bbd4ca4b-c7e1-4be5-9191-a0e0ee818992,7,2,2.93,31-05-2026 05:04:24
4955,257,a8b0777f-f1d9-4993-995b-4abbb429f548,10,-1,43.33,2026-05-27T06:27:20.070204
4956,187,1e44c052-f04c-44e0-8bee-c55291c5ee11,2,-1,40.39,03-04-2026 05:23:11
4957,68,e607f46c-6824-48c7-bf9d-c017f8440d00,10,1,31.79,2026-02-14T14:48:41.040941
4958,24,1896d07b-2bf7-4877-8533-0aa1922a4b8f,9,1,52.72,21-02-2026 12:14:49
4959,65,89ab82c5-336e-4e71-a93f-feb95ee95d8b,4,-1,10.69,20-02-2026 06:04:20
4960,2,,10,-1,84.35,13-05-2026 16:37:13
4961,300,,9,1,57.31,2026-06-08T04:43:08.204761
4962,176,,6,1,3.12,2026-03-16T11:31:20.606560
4963,228,851ae4be-72fc-4e41-ae19-b8063b6347a5,5,-1,12.31,2026-06-23T21:47:35.046171
4964,239,,8,2,68.08,2026-07-03T00:44:01.545633
4965,159,eceabc7b-e962-4437-a5d9-d1fbded4170c,5,-1,80.12,2026-02-10T14:09:14.425503
4966,299,,3,2,8.68,2026-02-22T20:47:12.200780
4967,265,552caea2-7c22-4fcc-9881-18a4f3909b41,2,1,26.54,12-08-2026 13:20:16
4968,231,6ecff45e-5cc7-4a91-bc85-db616dee4800,7,-1,77.89,08-05-2026 02:49:21
4969,88,,5,1,61.71,2026-04-09T08:30:24.171142
4970,176,,10,2,49.48,2026-08-07T12:46:56.916700
4971,193,,8,1,30.44,12-01-2026 23:08:24
4972,158,12a96382-20ca-4949-be24-5db680a6048a,9,-1,63.0,2026-02-20T13:38:22.536451
4973,293,5e02a250-b1b0-4b30-a667-9800dc50585c,4,2,92.45,2026-01-24T23:17:49.606699
4974,152,4c3afc47-60ee-4b7a-ac2e-ad7b0697fa91,5,2,56.02,08-06-2026 21:49:57
4975,26,2d6fc3da-f146-4521-9a8b-c67aed5cda27,1,-1,25.14,2026-06-25T05:04:52.299201
4976,215,,8,1,45.18,2026-02-20T03:17:20.440590
4977,148,d44004b9-533b-46fd-8c06-a5d0e9cbea2a,7,2,67.92,2026-04-17T11:01:49.557662
4978,65,,5,-1,11.15,2026-07-14T17:34:29.164530
4979,114,,10,1,0.57,2026-07-21T10:31:15.711276
4980,138,8ad479ab-b856-41d5-ada4-82494dde77e5,2,-1,29.87,22-07-2026 23:05:07
4981,124,8f74c159-2fdf-4fdf-b8f3-f17be9698250,2,2,14.36,2026-06-30T09:43:09.175763
4982,203,,2,2,46.59,15-03-2026 14:12:18
4983,216,6e2789b8-4aea-4329-9f4d-bfab7c314338,1,-1,1.91,25-06-2026 12:27:55
4984,65,cdd6178f-0f2c-46aa-8bbf-d3b9fe6f272f,4,2,59.14,31-05-2026 11:48:39
4985,230,,3,1,55.4,2026-06-26T20:17:00.285473
4986,166,,7,-1,45.54,13-08-2026 04:03:44
4987,43,,4,-1,-2.91,2026-01-13T01:27:00.107572
4988,86,,3,-1,26.63,2026-07-02T05:49:46.506742
4989,207,,1,1,70.57,2026-07-29T08:45:01.630542
4990,289,262bb929-c930-4d39-a57c-a01634c1860e,10,1,68.83,2026-07-23T15:14:15.647499
4991,222,,8,2,2.09,15-02-2026 01:35:19
4992,155,28c649a3-7ad8-483f-97db-197d649cae44,8,-1,46.33,23-06-2026 13:32:17
4993,163,,1,-1,91.71,2026-05-01T21:49:19.638378
4994,128,3b808a44-24ff-40e6-9377-4601c276d1b7,7,-1,46.73,2026-07-14T12:10:48.465029
4995,32,,8,2,80.2,31-01-2026 14:06:01
4996,293,abd54ab4-20e5-4cf9-811b-4ec79486ec0c,10,1,27.11,2026-06-15T11:38:43.788212
4997,295,,10,1,24.1,2026-03-18T02:35:38.423949
4998,94,,3,-1,44.23,2026-02-26T22:10:59.587587
4999,172,,4,1,81.86,2026-07-11T00:51:59.138714
